source_id,name,description,image_url,price,rating,review_count,category,store,source_categories
B07SM135LS,"Digi-Tatoo Decal Skin Compatible With MacBook Pro 13 inch (Model A2338/ A2289/ A2251) - Protective and Decorative Full Body Laptop Skin Decal Sticker, Anti-Scratch Vinly Skin Sticker Wrap [Fresh Marble]","WARNING: Please IDENTIFY MODEL NUMBER on the bottom of your Macbook. Only fits for model A2338/ A2289/ A2251 (Macbook Pro 13"" w/ Touch Bar, 2022/2020 release). Extra Care Yet Not Bulky. Our skin is capable of protecting the surface of your Macbook from daily scratches, dust, oil, water and fingerprint. Your Macbook remains fresh some years later. Elegant Style. Our stylish design and printing tech give your Macbook a 360 degree decorative and impressive looking. Take it out and get tons of compliments. Easy Apply. Easy, bubble-free installation and goo-free removal. Installation guide is well documented in paper material and video format. 100% SATISFACTION GUARANTEED. We use best vinyl material and printing technology and offer premium service. Full refund is guaranteed if you are not satisfied with our product.",https://m.media-amazon.com/images/I/61RPxmi+mPL._AC_SL1500_.jpg,19.99,4.5,246,Electronics,Digi-Tatoo,Electronics Computers & Accessories Laptop Accessories Skins & Decals Decals
B089CNGZCW,NotoCity Compatible with Vivoactive 4 band 22mm Quick Release Silicone Bands/Garmin Darth Vader/First Avenger/Polar Vantage Smartwatch Sport Breathable Strap Replacement for Gear S3 Classic Watchband,"☛NotoCity 22mm band is designed for Vivoactive 4 / Samsung Gear S3 Classic / S3 Frontier / Gear Live / Samsung Galaxy Watch 46mm / Huawei Watch GT / Tickwatch Pro / S2 / E2 / Pebble Classic / Time / Time Steel / Pebble 2 (Not Pebble steel) / Other Watches with 22mm lugs. ➹Wrist Size: Small size fits wrist: 6.49inches-8.46inches (165-215mm), Large size fits wrist: 7.28inches-9.25inches (185-235mm) ,Please measure your wrist and make sure the size before you purchase. ➹No Tool Needed: Quick Release Pin is easy to wear or remove. Bands made of high-quality soft Silicone material, Anti-sweat, soft and more comfortable to wear. Metal clasp locks onto your watch band interface precisely and securely, so it's not moving on the watch band. ➹Suitable for Many Occasions: Good for perspiration which is suitable for sports of various kinds. Such as, Running, Walking, Climbing, swimming, biking and others. Simple stripe design, suitable for daily life, study and work. ☎Any problem with the item you receive or any opinion, please don't hesitate to contact us, we will find the best solution to solve.",https://m.media-amazon.com/images/I/51ajKKbi76L._AC_UL1000_.jpg,9.99,4.5,233,Electronics,NotoCity,"Electronics Wearable Technology Clips, Arm & Wristbands"
B004E2Z88O,Motorola Droid X Essentials Combo Pack,"all Genuine High Quality Motorola Made Accessories, including Multimedia Station with HDMI technology, HDMI Cable and AC Wall Charger, Motorola Navigation / Music Vehicle Charging Mount Car Dock and Motorola 12v Vehicle Power Adapter Charger!",https://m.media-amazon.com/images/I/51-DXSMlHaL._AC_.jpg,14.99,3.8,64,Electronics,Verizon,Electronics Computers & Accessories Computer Accessories & Peripherals Memory Cards Micro SD Cards
B07BJ7ZZL7,"QGHXO Band for Garmin Vivofit 4, Soft Silicone Replacement Watch Band Strap for Garmin Vivofit 4 Activity Tracker, Small, Large, Ten Colors (5PCS Bands-Girl, Large)","Compatibility Custom designed for your precious Garmin Vivofit 4 Activity Tracker, this Garmin Watch Sport Band features a combination of functionality and style. Fit for Garmin Vivofit 4 Activity Tracker ONLY. NOT for Garmin Vivofit 1/Garmin Vivofit 2/Garmin Vivofit 3. Feature Material: Silicone. NOTE: Replacement Bands Only! Small fits wrists with a circumference of 122-188mm.  Large fits wrists with a circumference of 148-215mm. Models for selection: For Garmin Vivofit 4 Activity Tracker Only. Contracted design style, with you life contracted and not simple. Package Included Soft Silicone Replacement Watch Band Strap for Garmin Vivofit 4 Activity Tracker (No Tracker)",https://m.media-amazon.com/images/I/61J-V53DqJL._AC_SL1000_.jpg,14.89,4.4,707,Electronics,QGHXO,Electronics Wearable Technology Arm & Wristband Accessories
B00R6R82HS,"Fishfinder, Depth Finder Poly Sun Cover for 3"" - 4"" Models - Protects Your Screen from Sun / Weather Damage","Affordable and convenient way to cover your sonar unit. Protects from the sun and repells rain/snow. (It is water resistant, not waterproof). Has drawstring on bottom for securing tightly. Oversize design to fit over cables.",https://m.media-amazon.com/images/I/51VAoCIS-dL._AC_.jpg,10.99,4.4,86,Electronics,Westlake Market,Electronics Car & Vehicle Electronics Marine Electronics Fish Finders & Depth Finders
B07Y6K1PRB,"Novelty Cute Cartoon USB 2.0 Flash Drive Data Storage Memory Stick Cartoon USB Stick Pendrive Gift (16GB, Camera Black)","This is a special usb stick that make as a cute camera shape.It is fun that use it to store photos and videos you tade;Or as a surprising gift for photographers. The perfect small size USB memory stick comes with a beaded key chain,you can hang it on something to decorate the thing you want,such as keychain/bag. Made out of soft rubber,shockproof, drop-proof Allow to store all of homework,course files,photos,favorite music and film. No need drive,only plug in. Easy to read and read in high speed.  Package Included: 1x U Disk 1x Chain",https://m.media-amazon.com/images/I/51+NmbjgpRL._AC_SL1000_.jpg,8.98,4.7,198,Electronics,Fire Stone,Electronics Computers & Accessories Data Storage
B07848ZT9T,"ANNKE 4K 16CH Security DVR Recorder with Human & Vehicle Detection and (16) 8MP Outdoor Bullet Cameras with IP67 Weatherproof, 100ft Night Vision with EXIR, Email Alert, NO Hard Drive","ANNKE 16 channel 4K DVR security camera system can deliver true 4K Ultra HD footages day or night. IP67 waterproof housing makes the outdoor bullet surveillance cameras withstand extreme weather, perfect for outdoor & indoor protection without limitation, including home, company, office, factory, warehouse, yard, ville, garage, etc. Key Features: 4K Ultra HD Clarity 100 ft EXIR Night Vision H.265+ Video Format Expandable 5-in-1 16CH DVR 5 Smart Detection Ways Multi-Level Encryptions Area Mask for Privacy Protection Outdoor IP67 Weatherproof Digital WDR & 2D DNR 4K HDMI & 1080p VGA Output DVR Spec: Video Compression：H.264+/H.264/H.265/H.265+ Video Input: 16CH Analog HD/Analog + 16CH IP IPC Recording/Playback Resolution: Up to 8MP IP Camera Input: 16CH HDD：2 SATA Interface HDD Capacity：Up to 10 TB Capacity Network Interface: RJ45 X1 (10/100 M) USB: USB 2.0 X1, USB 3.0 X1 Camera Spec: Image Sensor: 8MP CMOS Image Sensor Video Resolution: 3840(H) × 2160(V) Lens: 2.8 mm Night Vision Distance: Up to 100ft/30m Weatherproof Rating：IP67 What’s Included? * 1× 16CH 4K DVR, NO Hard Drive * 16X 8MP Security Cameras * 1× Power Adapter for DVR * 4× Power Adapter for Cameras * 16× 60ft/18.3m BNC Cables * 4× 4-to-1 Power Splitter * 1× USB Mouse * 1× User Manual * 16× Mounting Screw Bags",https://m.media-amazon.com/images/I/71Qo4IazveL._AC_SL1500_.jpg,909.99,5.0,2,Electronics,ANNKE,Electronics Security & Surveillance Surveillance Video Equipment Surveillance DVR Kits
B00VBTJCJE,BIPRA U3 2.5 inch USB 3.0 NTFS Portable External Hard Drive - White (250GB),"Bipra external USB 2.5"" portable size hard drive comes with free carry case. You can store all data in your Pocket size drive. Ultra slim design. Formatted and ready to be used. No messing about needed, just plug it into your USB Ports and away you go. Support plug and play. Ideal for data backup, photos, video, iTunes, iPod,MP3, MP4 and presentations etc. Support USB3.0 with up to 5 GB/Sec ultrahigh transfer speed, backward compatibility usb2.0, copy huge files in a minutes time. Can be utilised on any personal computers, desktop or laptop. Formatted in NTFS for you to use on Windows OS. Available in white colour.",https://m.media-amazon.com/images/I/61W5KsZFGAL._AC_SL1500_.jpg,98.49,5.0,1,Electronics,BIPRA,Electronics Computers & Accessories Data Storage External Hard Drives
B0BPLX8B2K,"Outer Space Planets Stickers(50Pcs),Planetary Systems Waterproof Vinyl Water Bottle Stickers for Teens Girls Adults Kids,Laptop Car Cup Computer Guitar Skateboard Luggage Phone Aesthetic Stickers Pack",Features: - Clear picture and exquisite printing. - Can easily peel off and stick on other place. - Sun protection and Waterproof! Never faded out! - Just for smooth surface. Do not suitable for rough surface. How to use: 1.Think about where you want to paste 2.Clean the surface of the object 3.Tear off the bottom paper 4.Firmly stick the sticker on the surface of the object Specification Quantity:50 pieces Size : 2-3.5 inch Material : Waterproof vinyl PVC,https://m.media-amazon.com/images/I/71teIbM9rrL._AC_SL1500_.jpg,3.99,4.5,50,Electronics,Affoto,Electronics Computers & Accessories Laptop Accessories Skins & Decals Decals
B0BYBG1PPD,"Gateway 15.6"" FHD Ultra Slim Budget Notebook, Intel Pentium Processor(4-Core, up to 3.1 GHz), 4GB RAM, 128GB Storage, Precision Touchpad, HDMI, Type-C Windows 10S, Microsoft 365 1 Year, Charcoal Black","Processor: Intel® Pentium® Silver N5030 Processor (1.10GHz, Up to 3.10GHz, 4M Cache) Display: 15.6” LCD IPS Display, (1920 x 1080) Operating system: Windows 10 Home 64-bit English in S mode Video Card: Intel UHD Graphics 605 Memory: 4 GB DDR4 RAM Hard drive Size: 128GB eMMC Wireless: Wi-Fi5 (802.11ac) for speeds up to 3x faster than 802.11n Ports: HDMI Output x 1, USB Type-C x 1, USB 3.0 x 2 Battery: Up to 8.5 hours of battery life Dimensions: 14.8” x 9.6” x 0.8” Inches Weight: 4.2lbs Color: Black ENERGY STAR Certified: Yes How to switch s mode to windows 10 1. On your PC running Windows 10 in S mode, open Settings > Update & Security > Activation. 2. In the Switch to Windows 10 Home or Switch to Windows 10 Pro section, select Go to the Store. (If you also see an ""Upgrade your edition of Windows"" section, be careful not to click the ""Go to the Store"" link that appears there.) 3. On the Switch out of S mode (or similar) page that appears in the Microsoft Store, select the Get button. After you see a confirmation message on the page, you'll be able to install apps from outside of the Microsoft Store.",https://m.media-amazon.com/images/I/61YO0u4-21L._AC_SL1500_.jpg,189.99,4.1,15,Electronics,Gateway,Electronics Computers & Accessories Computers & Tablets Laptops Traditional Laptops
B0C2VCWPGY,VILTROX 24mm F1.8 f/1.8 FE Full-Frame Wide-Angle Prime Autofocus Lens for Sony E-Mount Camera a7R4 A7III A7S2 A5100 A6600 A6500 A6400 A6300 A6000 A7RIV A7RIII A7SIII A7III A7RII A7II A7S A7R A7,"🌼VILTROX FE 24mm lens weighs in at only 12 oz (340g), it's compact, lightweight design enhances portability and mobility thanks to the combination of optical design utilizing two XA elements and STM AF system. It is designed for use with full-frame Sony E-mount mirrorless cameras and APS-C sensor models. 🌼The lens is equipped with metal electronic contacts,supports EXIF information transmission, electronic automatic iris adjustment,can record digital photo attribute information and shooting data. 🌼It has a high-precision STM system that ensures exceptionally fast and accurate AF performance, very minimal focus breathing not just great for video but also for focus stacking,boasts optical design comprised of 9 groups with 11 elements ,including two XA (extreme aspherical) and three ED (Extra-low Dispersion) elements. 🌼Build in USB port for firmware to reach a compatibility for the newest cameras model and supports EXIF information transmission 🌼Comes with steady, fast and smooth AUTO FOCUS,Which can capture the high speed moving objects,widely compatible with Full Frame camera A7III A7RIII A7RII A7II etc,after installing Sony camera.",https://m.media-amazon.com/images/I/71nBfBD+vPL._AC_SL1500_.jpg,379.0,3.9,16,Electronics,VILTROX,Electronics Camera & Photo Lenses Camera Lenses Mirrorless Camera Lenses
B093N94GPG,Polaroid Originals Now Viewfinder i-Type Instant Camera (White) Bundle with Color and B and W Instant Film and Reusable Vintage Photo Accessory (4 Items),"Polaroid Originals Now Viewfinder i-Type Instant Camera Polaroid’s new point-and-shoot analog instant camera has all you need to catch every life moment in an original Polaroid photograph. Now with autofocus, it’s simple to capture moments as you see them, so you can relive them forever in sharp, vivid color. Frame two moments in one with double exposure, or get yourself in the picture with self-timer and an accurate flash to make everyone look like they should. Simplicity Meets Functionality The Now takes simplicity and adds greater creative control, clean design, and vibrant color to make it more than a moment maker — but a life accessory. Thanks to the Autofocus 2 lens system, the Polaroid Now decides which lens is suitable, so you get beautiful portraits in more places, more often — even without the flash. This dreamy, artistic instant camera is ready to add some drama to your photography by providing two frames in one Polaroid photograph with the built-in double exposure. Additionally, the self-timer gives you 9 seconds to get in the picture with your friends and be a part of the memory you are capturing. Bundle Includes: Polaroid Originals Now Viewfinder i-Type Instant Camera (White) Polaroid Originals Now Viewfinder i-Type Instant Camera (White) Polaroid Originals Color Instant Film for i-Type Cameras (8 Exposures) Polaroid Originals Color Instant Film for i-Type Cameras (8 Exposures) Film Kit for Polaroid i-Type, 600 and SX-70 with Magnetic/Hanging Frames, Storage Box Film Kit for Polaroid i-Type, 600 and SX-70 with Magnetic/Hanging Frames, Storage Box Polaroid B and W Film for i-Type Cameras Polaroid B and W Film for i-Type Cameras",https://m.media-amazon.com/images/I/71CPSh8b2gL._AC_SL1500_.jpg,179.99,4.8,48,Electronics,Polaroid Originals,Electronics Camera & Photo Film Photography Film Cameras
B07QF5117Q,"NVIDIA NVS 310 by PNY 1 GB DDR3 PCI Express Gen 2 x16 DisplayPort 1.2 Multi-Display Professional Graphics Board, VCNVS310DP-PB (Renewed)","This pre-owned or refurbished product has been professionally inspected and tested to work and look like new. How a product becomes part of Amazon Renewed, your destination for pre-owned, refurbished products: A customer buys a new product and returns it or trades it in for a newer or different model. That product is inspected and tested to work and look like new by Amazon-qualified suppliers. Then, the product is sold as an Amazon Renewed product on Amazon. If not satisfied with the purchase, renewed products are eligible for replacement or refund under the Amazon Renewed Guarantee.",https://m.media-amazon.com/images/I/719zHGln5sL._AC_SL1500_.jpg,34.98,4.2,17,Electronics,Amazon Renewed,Electronics Computers & Accessories Computer Components Internal Components Graphics Cards
B094C5ZN1M,"luo Cherry MX RGB Switch Mute Pink Switch Mute Gray Switch Genuine German Cherry Switch (10PCS, Cherry RGB Mute Gray Switch)","Cherry powder: a quiet version of cherry red, commonly referred to as cherry powder Cherry gray: a quieter version of cherry black, usually called cherry gray",https://m.media-amazon.com/images/I/211Y0dSEIGL._AC_.jpg,13.99,4.0,12,Electronics,LUO,"Electronics Computers & Accessories Computer Accessories & Peripherals Keyboards, Mice & Accessories Keyboards"
B01MG5L0H0,AntennaMastsRus - Made in USA - 4 Inch Black Aluminum Antenna is Compatible with Audi Allroad (2001-2005),"This is a ""BRAND NEW"" Custom SHORT 4"" Black Aluminum Antenna Mast. Sick of a Broken/Bent antenna or the obnoxiously tall un-stylish antenna your vehicle comes with?? Then this is the custom solution for you! This antenna is Manufactured and Anodized right here in Wisconsin!! Our experience with fit and finish is: If you want it done right, you must do it yourself! No one beats U.S.A Quality, PERIOD! This antenna is made of 6061 grade aluminum construction and finished with a durable Anodized Coating. The anodized coating cannot peel or flake off. It is part of the metal and gives the aluminum a deeper, richer metallic appearance. There will be a reduction in antenna performance due to the antenna size being shortened from the Factory antenna. Any questions or concerns on any of our products feel free to contact us by telephone or email by clicking on TheAntennaSource about us page here on Amazon. ** This antennas main design is for appearance enhancements. Its AM/FM radio reception performance works best for local stations (Satellite Radio/Navigation/Bluetooth not effected). For the BEST reception short antenna check out our SHORT 6 3/4"" antenna found in our store.",https://m.media-amazon.com/images/I/61RSzeOyLBL._AC_SL1500_.jpg,22.99,4.3,7,Electronics,AntennaMastsRus,Electronics Car & Vehicle Electronics Vehicle Electronics Accessories Audio & Video Accessories Antennas
B0178F72E6,HP Elitebook 8560W New Replacement LCD Screen for Laptop LED HD Matte,This is a compatible replacement screen for the model listed in the title.,https://m.media-amazon.com/images/I/51wlAFpNGML._AC_SL1000_.jpg,63.33,4.7,4,Electronics,HP,Electronics Computers & Accessories Monitors
B0822SL7JX,"May Chen Compatible with MacBook Pro 16 inch Case 2020 2019 Release A2141 with Touch Bar&Touch ID, Plastic Hard Shell Case with Keyboard Cover + Screen Protector, Abstract Leaves","May Chen High Quality Plastic Hard Shell Case & Keyboard cover and Screen protector and Dust plug Designed ONLY to be compatible with 2019 Release For Macbook Pro 16 inch Model:A2141. Please kindly check the model number """"A1xxx""""on the bottom of the notebook before you purchase, make sure you choose the exact same model number as the listing title stated ""A2141"". Features - Protects your Mac book from accidental hard knocks and scratches Fully access to all buttons and features - Plug your charger, cable or headset without removing the case - Simple clip-on/off design without the added risk of harming your laptop during application",https://m.media-amazon.com/images/I/71q8TyANDOL._AC_SL1200_.jpg,26.99,4.5,649,Electronics,May Chen,"Electronics Computers & Accessories Laptop Accessories Bags, Cases & Sleeves Hard Shell Cases"
B09M7TH3YC,"Wenlaty Case Compatible with iPad 9th /8th /7th Generation Case(2021/2020/2019), Full Body Protective with Pencil Holder, Designed for iPad 10.2 Inch, Auto Sleep/Wake Cover, Sky Blue","😊Designed for iPad 9th/8th/7th Generation: Protective case compatible with iPad 10.2 inch 2021/2020/2019, 9th/8th/7th Generation (Compatible Model: A2602 / A2603 / A2604 / A2605 / A2270 / A2428 / A2429 / A2430 / A2197 / A2200 / A2198). (Note: Not compatible with any other devices) 👉Premium-Quality & Perfect Fitness: This case is made of premium leather, giving it a luxurious appearance. It has a stitched interior lining that will protect your iPad, while the exterior provides an elegant look to the case. The water-resistant leather cover with velvety lining doesn’t just look good, it protects your iPad too. Meanwhile it's easy for perfect cutout to access to all the controls and features (Cameras, Speaker, Ports and Buttons) ☀️Automatic Sleep/Wake: Don't need to touch a button to turn on your iPad. It automatically wakes up as soon as you open the cover. Automatically put it to sleep as soon as you close the cover, too. This helps preserve battery life, as well as gives you easy access to anything you left open 💟Built-in Pencil holder: This case is specially designed to hold your pencil and features a hidden slot that allows you to take it with you wherever you go. (Note: Pencil is not included) 🌻Comfortable Use: Featuring a trifold design that allows for two positions. In its 30° angle mode, the case can be used daily for both computer use and typing. When adjusted to a 65° angle, it is ideal for watching movies and reading. If you are relaxing or working, you can enjoy a stable platform all the time 😍Crystal Hard PC Backshell: Made of clear hard PC backshell, whick looks like beautiful crystal. It can protect your iPad, meanwhile it can show the orignal beauty of your iPad 🎁Perfect Gifts for Your Family: Very convenient to use in studying or journey, great ideal for kids, students, teachers, or engineers. It is the best gifts for kids, boys, husband, boyfriend, family and friends",https://m.media-amazon.com/images/I/61FMIGpUNML._AC_SL1500_.jpg,19.99,4.7,1915,Electronics,Wenlaty,"Electronics Computers & Accessories Tablet Accessories Bags, Cases & Sleeves Cases"
B07VJXK7BV,"Ares Vision Universal mounting CCTV Security Camera Wall Junction Box Bracket with Hidden Compartment (1 Pack, Wall Dome)","<b><p>✔ STRONG ABS PLASTIC: </b> Made with a ultra strong ABS plastic, these brackets will with stand the weight of all cameras. With the added benefit of working with a convenient material. <b><p>✔ BUILT IN HIDDEN COMPARTMENT: </b> Brackets had built in hidden compartments that allow you to hide POE adapters, DC connectors and most Video connections with in the stand itself.. <b><p>✔ UNIVERSAL MOUNTING PATTERN: </b> experience the convenience and ease of this patented universal mounting pattern, that will work with virtually any dome and turret screw hole alignment.",https://m.media-amazon.com/images/I/314+6fI-J5L._AC_.jpg,13.99,3.9,96,Electronics,ARES VISION,Electronics Security & Surveillance Accessories Surveillance Housing & Mounting Brackets
B00FSTW88K,Centon Electronics Flash Memory Card (S1-SDHU1-32G),"Product Description Centon 32GB SDHC UHS-1. Using the latest in memory technologies and design, Centon brings quality, reliable storage products for you to enjoy and depend on. Manufacturer Contact Information support@otmessentials.com",https://m.media-amazon.com/images/I/71wtbPhgMvL._AC_SL1500_.jpg,8.99,4.8,4,Electronics,Centon,Electronics Computers & Accessories Computer Accessories & Peripherals Memory Cards SD Cards
B08862M8VY,"Galaxy Tab A 10.1 Case 2019 - Techcircle Slim PU Leather Multiple Angle Stand Case with Card Slots Shockproof Cover for Samsung Galaxy Tab A 10.1 Inch Tablet SM-T510/T515 2019 Release, Purple Owl","❣❣ Techcircle Slim Lightweight Flip Stand Case for Samsung Galaxy Tab A 10.1 Inch 2019 Release Tablet (Model: SM-T510/T515) ❣❣ ❥ Kickstand Feature: - Adjust different viewing angles as per your needs.  - Anti-slip stripes, effectively increase the stability of the stand.  - Free your hands and bring you the most comfortable viewing angle. ❥ Slim Profile: - Slim and lightweight - Minimal bulk, minimalism style, great for carry around. ❥ Stylus Holder: - Built-in stylus pen holder, also comes with a free stylus pen. Various colors available. ❥ Precise Cutouts: - Full access to all controls and features (charging, camera ports) without removing the case. ❥ High-quality Material: - Premium composition leather exterior and soft interior offer great protection against daily use. ❥ Card Holders: - Card slot is convenient for storing credit cards, business cards or cash, withouy taking your bulky wallet. ❥ What Will You Get? - 1x Samsung Galaxy Tab A 10.1 2019 Case  - 1x Random Color Stylus Pen  - 1x Cleaning Cloth Your satisfaction are very important for us. If there's any further question, pls feel free to contact us. Our team will provide best service to you. =^_^=",https://m.media-amazon.com/images/I/71ZqwoiqaTL._AC_SL1000_.jpg,17.99,4.0,17,Electronics,Techcircle,"Electronics Computers & Accessories Tablet Accessories Bags, Cases & Sleeves Cases"
B0BSQL7M51,"PNY 1TB PRO Elite Class 10 U3 V30 microSDXC Flash Memory Card - 100MB/s, Class 10, U3, V30, A2, 4K UHD, Full HD, UHS-I, micro SD","PNY PRO Elite Class 10 U3 V30 microSD Cards offer peak performance for smartphones, tablets, drones, action cameras, surveillance cameras, gaming consoles, and more. With a read speed of up to 100MB/s and write speed of up to 90MB/s, users can quickly capture and share high resolution content. U3 technology is perfect for 4K Ultra HD videography and HD photography, making these cards the perfect solution by which to capture stunning 4K video, HD photos, music, apps, and more. What’s more, the PRO Elite microSD Flash Memory Cards feature V30 Video Speed Class, ideal for 4K Ultra HD video at 4096x3072 format, allowing users to capture high quality content on today's 4K Ultra-HD devices. Additionally, these cards are rated A2 which optimizes the PRO Elite microSD for app performance; allowing users to run apps directly from the microSD card, delivering faster app launch and performance than ever before. With PNY's PRO Elite Class 10 U3 V30 microSD cards, users can experience memories that feel as real as the day they captured them.",https://m.media-amazon.com/images/I/61jajvgWBzL._AC_SL1000_.jpg,109.99,4.7,3380,Electronics,PNY,Electronics Computers & Accessories Computer Accessories & Peripherals Memory Cards Micro SD Cards
B0BKS1K986,"LENTION USB C Docking Station, 10 Gbps USB C&USB A Ports, 4K 60Hz HDMI, 100W PD, Ethernet, Card Reader, USB 3.0, AUX, USB C Dock for MacBook/Surface, More, Stable Driver USB C Hub(CB-D65, Space Gray)","10-in-1 Docking Station - CB-D65 laptop docking station equipped with a 10Gbps USB C port, a 10 Gbps USB A port, 2 USB 3.0, 4K@60Hz HDMI, Gigabit Ethernet, SD/Micro SD 4.0 card reader, 100W power delivery, and 3.5mm audio port. This laptop dock includes a removable base that can be used vertically or horizontally and keeps the desktop organized when it is used vertically Second Speed File Transfer - The USB C Dock has a 10Gbps USB A and USB C port, which is 20 times faster than USB 2.0 ports, so you can get fast data transfer. There is also the latest UHS-II SD/TF slot up to 312MB/s, which can read data and transfer files at the same time, allowing you to transfer, copy or save files easily. Note: Please avoid using the 10Gbps USB A port without power delivery 4K 60Hz Visual Feast - The USB C Hub Multiport Adapter with a built-in chip is compatible with DP 1.4, which can mirror or extend the host laptop to TV, monitor, projection, and more with the higher screen refresh rates(3840 x 2160@60Hz)HDMI port. You can enjoy a UHD visual experience without motion blur and noise. Note: 4K@60Hz is only available for host devices with DP1.4 and external displays that support HDCP2.2 and HDCP1.4, and the hdmi cables of HDMI 2.0 or higher. Wide Compatibility - LENTION Docking Station requires no driver, just plug and play. 2023-2016 MacBook Pro 13/14/15/16 M1/M2, New MacBook Air 2022-2018 M1/M2, New iMac, MacBook 12, HP, Dell, Lenovo, Surface Book 2/Go/Pro 7, Chromebook, more devices with DP ALT Mode, full-function USB-C or Thunderbolt 3/4 port. If you are not sure whether it is compatible with your device, please feel free to contact us and we will be glad to help you confirm the compatibility Stable Driver 3.0 Certified - LENTION published the advanced Stable Driver 3.0 standard to help customers buy with confidence. The standard included 3 main features: Non-Interference between connected peripherals, Sufficient power supply, and the Devices working under normal temperature without overheating",https://m.media-amazon.com/images/I/51jlWbhpjRL._AC_SL1500_.jpg,89.99,4.4,16,Electronics,LENTION,Electronics Computers & Accessories Laptop Accessories Docking Stations
B08K2T4JFQ,JBL FLIP 5 - Waterproof Portable Bluetooth Speaker Made from 100% Recycled Plastic - Blue (Renewed),"This pre-owned or refurbished product has been professionally inspected and tested to work and look like new. How a product becomes part of Amazon Renewed, your destination for pre-owned, refurbished products: A customer buys a new product and returns it or trades it in for a newer or different model. That product is inspected and tested to work and look like new by Amazon-qualified suppliers. Then, the product is sold as an Amazon Renewed product on Amazon. If not satisfied with the purchase, renewed products are eligible for replacement or refund under the Amazon Renewed Guarantee.",https://m.media-amazon.com/images/I/71RV1kbpNwL._AC_SL1500_.jpg,79.9,4.7,762,Electronics,Amazon Renewed,Electronics Portable Audio & Video Portable Speakers & Docks Portable Bluetooth Speakers
B07C4YHF4L,"AvimaBasics Ear Buds, Spare Kit Earloops Buds Compatible with Plantronics WH500 CS540 W440 Savi W740 - Includes: 3 Earloop, 3 Eartips Guarantee! (1 Pack)","Replacement Compatible with Plantronics WH500 CS540 W440 Savi W740 Earloops Kit Plantronics CS540 Earloops Kit The Plantronics 86540-01 Eartip with earloop is for use with WH500 CS540 W440 Savi W740 headsets. 86540-01 Features: Eartip w/ Earloop Kit For WH500 CS540 W440 Savi W740 headsets Smokey Color Ear Loop Made Of Nylon Material Includes: 1 small, 1 Medium, 1 Large Earloop & 1 small, 1 medium and 1 large Ear Tips NOTE: Foam Tube is NOT included!",https://m.media-amazon.com/images/I/61AvZMfTQjL._AC_SL1500_.jpg,9.99,4.2,160,Electronics,AVIMABASICS,"Electronics Headphones, Earbuds & Accessories Earpads"
B07ZPSG8P5,"Bastmei for OnePlus 7T Case Extremely Light Ultra Thin, Super Slim Hard PC Cover Case for OnePlus 7T (Gravel Green)","Ultra-thin & Ultra-light: The ultra slim fit protective OnePlus 7T case, You will feel nothing on your phone, But it did keep the protection of Samsung and give you the excellent grip. Perfect Fit: This slim OnePlus 7T case can fit for your OnePlus 7T perfectly, Easy to install and take off. Excellent Feel: When you touch the OnePlus 7T case, you will feel comfortable.Worth to have it. Quality Warranty: 180 days quality gurantee, If you get quality problems with this OnePlus 7T case, please contact us in the first time. We will send you a new OnePlus 7T case. Not compatible with OnePlus 7.",https://m.media-amazon.com/images/I/61uzF0tygaL._AC_SL1001_.jpg,11.98,4.4,177,Cell Phones and Accessories,Bastmei,"Cell Phones & Accessories Cases, Holsters & Sleeves Basic Cases"
B00JIFK1HA,Rikki Knight 3D Chevron Peach on White with Anchor Flip Wallet iPhoneCase with Magnetic Flap for Apple iPhone 5c,"The Rikki Knight new Flip Wallet iPhone case for iPhone 5C protects your cell phone from scratches dirt, and impact whilst also Providing easy access to all features of your phone. This case also protects your privacy by with the Flip Cover on your screen to prevent those around you from reading your on screen messages. Inside of the case features a side slot where you can store business cards, credit cards, cash, etc. Universal: Verizon - Sprint - AT&T - Unisex, the Rikki Knight Flip Wallet case is the perfect Accessory to protect your iPhone in style. Each Rikki Knight image design is part of a larger collection that can be purchased as a matching Accessory to this phone case - such as wristlets, Compact mirrors, Messenger bags, laptop bags, Pencil cases, pen Holder, iPod cases, iPad Nook and Kindle cases, mugs, mouse pads, key chains, and many more. Disclaimer: all images are printed directly into the material - the texture of the image will always be a flat surface. Any images that appears to be 3D, textured, or Glittery are flat printed images and are proudly printed in the USA.",https://m.media-amazon.com/images/I/61jbrzEtn1L._AC_SL1075_.jpg,22.42,1.0,1,Cell Phones and Accessories,Rikki Knight,Cell Phones & Accessories iPhone Accessories
B0BHY2CR5B,"iMangoo Galaxy S22 Case, for Samsung Galaxy S22 Cases Wallet Case Men Women Protective ID Credit Card Slot Holder Cash Pocket PU Leather Sleeve Double Magnetic Closure Clasp Galaxy S22 Flip Case Blue","Compatibility: This Galaxy S22 case is only compatible with Samsung Galaxy S22 2022 released(6.1 inch display); Please check your phone model before purchasing; NOT compatible with other phone models Portable Wallet Case Design: Galaxy S22 case wallet has 3 card slots could hold your ID, credit card, driver’s licence or cashes without taking your wallet when going out, ideal for daily, workdays and travelling Magnetic Closure Flip Cover Design: The S22 folio flip protective case cover and magnetic clasp make it easy to open and use the cover at any time, and the magnetic clasp also secures your cards and money Slim Fit Premium Faux Leather: Galaxy S22 5G shockproof case is made of high quality faux leather, which is durable and resistant to scratches and fingerprints; Soft TPU shell inner could protect your phone and easy to install; the slim and light design does not make your phone bulky Precise Cut-outs: Responsive buttons and precise cut-outs allow easy access to speakers, charging ports, audio ports and buttons without removing this galaxy S22 case with card holder",https://m.media-amazon.com/images/I/81LnAiuatWL._AC_SL1500_.jpg,11.99,4.5,530,Cell Phones and Accessories,iMangoo,"Cell Phones & Accessories Cases, Holsters & Sleeves Flip Cases"
B0B8ZBCCY6,"WSKEN for Samsung Galaxy Z Fold 4 Camera Lens Protector Case Cover, Anti Scratch HD Tempered Metal Glass Camera Screen Protector Shockproof Film for Galaxy Z Fold 4 5G 2022 Accessories,Gold","Compatibility: The aluminum alloy metal 9H tempered glass camera lens protector is designed for Samsung Galaxy Z Fold 4 5 G 2022.Fit almost z fold 4 case.(NOTE!!! No for accurate hole case) Anti Reflection & Highly Clear: Made of highly transparent 9H tempered glass and 99.99% optical-grade light transmittance, effectively blocking and filtering ultraviolet rays, will not effect the quality of photograph. No residue, No fog, No blue light is caused when using flash. Full Coverage & Drop-Proof & Scratch-Proof: Made of 3 single individual aviation aluminum metal ring,superior 9H tempered glass that is scratch resistant and shatterproof protecting your camera lens from scratches to high impact drops.It necessary to protect your galaxy z fold 4 camera lens from damage and scratches with the lovely lens ring. Individual Camera Lens with Install Kit: The delicate and precise spiral pattern of protector de pantalla z fold 4 produces fascinating reflections and the unbeatable shine in any light. Protecting your lens while making decoration.Come with install kit, 3D Texture, multicolor lens protector ring cover matches your style. Easy installation & bubble free alignment: The unique design of our lens protector snaps precisely and securely into place.kindly scan the code (which obove the packing box) to watch the video to learn to install.",https://m.media-amazon.com/images/I/81BX0bcayDL._AC_SL1500_.jpg,11.99,4.5,354,Cell Phones and Accessories,WSKEN,"Cell Phones & Accessories Accessories Maintenance, Upkeep & Repairs Screen Protectors"
B07NWTB6P1,MMOBIEL Earspeaker Light Sensor Flex Cable Incl Mic Compatible with iPhone Xs Max 6.5 inch incl. Screwdrivers,"MMOBIEL Earspeaker Light Sensor Flex Cable Incl Mic compatible with iPhone XS Max 6.5 inch Earpiece Sound Listening Assembly incl. Screwdrivers Complete set: Set Includes 3 x Screwdriver 1 x Pentalobe 1 x Cross 1 x 0. 6. Tri-Point. Important! By replacing this assembly, you will permanently lose the face ID function. Compatible with iPhone XS Max 6. 5 Inch A1921/ A2101/ A2102/ A2104 (All Carriers) ! Important: Please check the Model Number of your device before purchasing this Item. You will find the Model Number on your device and / or in the settings. Easy Installation:  Accurate Replacement part used to Replace the broken damaged part! Perfect fit. You do not need a Technician to do it. High quality product by MMOBIEL: Each parts are tested before shipment. Item in Stock!",https://m.media-amazon.com/images/I/61IgzkZY8IL._AC_SL1000_.jpg,11.99,4.2,380,Cell Phones and Accessories,MMOBIEL,"Cell Phones & Accessories Accessories Maintenance, Upkeep & Repairs Replacement Parts"
B08C82CVM2,Peace Love Sunshine Sunflower PopSockets PopGrip: Swappable Grip for Phones & Tablets,"What are PopSockets? PopSockets are expanding grips and stands that attach to most phones, tablets, and cases. Add a single PopSocket, or a pair of PopSockets, to the back of almost any mobile device to transform its capabilities. PopSockets ""pop"" whenever you need a grip, a Stand, an earbud-management system, or just something to play with. Remove your PopSocket by Pulling slowly on the base; you can reposition and Reattach time and time again. You'll always have the exact grip or Stand you need.",https://m.media-amazon.com/images/I/61WC6GwvYDL._AC_SL1000_.jpg,14.99,4.5,41,Cell Phones and Accessories,Peonily Designs,Cell Phones & Accessories Accessories Stands
B09QC96CDF,"Areziir Gapless Elegant Bands Compatible with Samsung Galaxy Watch 4/Watch 5 Band 40mm 44mm/Galaxy Watch 4 Classic 42mm 46mm/Galaxy Watch 5 Pro 45mm,Flower Silicone Pattern Replacement Strap Women Men","✅ Compatible for 2021 Galaxy Watch 4 & 2022 Galaxy Watch 5: The sport silicone galaxy watch 4 /5 bands compatible with Galaxy Watch 4 40mm 44mm/ Galaxy Watch 4 Classic 42mm 46mm/ Galaxy Watch 5 40mm 44mm/Galaxy Watch 5 Pro 45mm (Not for Galaxy Watch 3/ Active 2 1). ✅ No Gaps Sports Design: The gapless original design fits galaxy 4 watch 40mm 44mm 42mm 46mm & galaxy watch 5 40mm 44mm Pro 45mm perfectly.and they don't stick up weirdly on the sides where the gap ""filler"" part is. ✅ Super Cute Floral Printed Patterns: Super easy to install and remove, and also secure. Fairly comfortable,using it for a long time and have had no issues. ✅ Innovative Pin-and-Tuck Closure:Closure design ensures a clean fit and allows you to choose the most comfortable size for yourself, avoid the band from falling off band being loose. The metal part is made of stainless steel, prevents skin from irritation.Easy to install, and one button removal. ✅Hassle-free After-Sale Service:We provides you with the best quality and service. If you have any questions about our watch band, please contact us, we will help you solve your problem within 24 hours.",https://m.media-amazon.com/images/I/81bBp1EmX2L._AC_UL1500_.jpg,9.99,4.5,196,Cell Phones and Accessories,Areziir,Cell Phones & Accessories Accessories Smartwatch Accessories Smartwatch Bands
B0BBRQW3VS,"Sport Band Compatible with Apple Watch Bands 38mm 40mm 41mm 42mm 44mm 45mm for Women Men,Floral Silicone Printed Fadeless Pattern Strap Band for iWatch Series 3, Series 5,Series 6,Series 4,Series 7","Sport Band Compatible with Apple Watch Bands 38mm 40mm 41mm 42mm 44mm 45mm for Women Men,Floral Silicone Printed Fadeless Pattern Replacement Strap Band for iWatch Series 7,Series 3, Series 5,Series 6,Series 4",https://m.media-amazon.com/images/I/71jFZoJ7VcL._AC_UL1500_.jpg,7.98,4.6,26241,Cell Phones and Accessories,AMSKY,Cell Phones & Accessories Accessories Smartwatch Accessories Smartwatch Bands
B0B6ZJLCLP,"NINKI Sparkling Band Compatible Samsung Galaxy Watch 5/4 40mm 44mm/Classic 42mm 46mm/Active 2 Watch Bands Resin,（Sliver+Black Pink）20mm Stainless Steel Bracelet Band for Galaxy Watch 3 41mm/Watch 42mm","Buckle closure 〖Wide Compatibility〗- 20mm resin bling watch bands compatible with SAMSUNG Galaxy Watch 5 40mm 44mm/SAMSUNG Galaxy Watch 5 Pro 45mm/Samsung Galaxy Watch 4 40mm / 44mm, 2021 Galaxy Watch 4 Classic 42mm / 46mm, Samsung Galaxy Watch 42mm, Galaxy Watch 3 41mm, Galaxy Active 40mm,Galaxy Active 2 40mm 44mm,Gear S2 Classic,Huawei Watch GT2 42mm,Garmin Vivoactive 3/3 Music,Forerunner 645/245 Music, Misfit Vapor,Fossil Q Gazer, Ticwatch 2 42mm, Also All Other 20mm Lug Watches,etc. (NOT FOR GEAR S2). 〖20mm Stylish Luxury Crafted〗- NINKI 20 mm watch band absolutely win attraction and unique appearance, combine with high quality stainless steel metal & premium resin with small shining rhinestones diamond embellishment,The watch replacement bracelet makes your watch look more classy and expensive without easy to fade,bring a beautiful shiny wrist.Makes it dressy and robust wearing for daily companion. 〖Adjustable Perfect Fit 5.5''-7.8'' wrists〗- Exclusive precise design install precisely and reliably, Nobleness & Elegant,Well polished and exquisite workmanship,the bracelet comes with adjustment tool to fit wrist size. Worn this on the wrist smoothly and comfortably.This 20mm watch replacement strap also bring lots of compliments for your outfits and watch,easy to take it on or off daily. For all occassions and 5.5''-7.8'' wrists for girls, women and men (for small, medium, large wrists). 〖Gorgeous Colorful Colors with Sparkle〗- Adopts two tone colorful colors Blocking design: Rose Gold with Pearl White/Tortoise Stone/Pink Flower/Colorful/Purple Green Flower, Sliver+Black Pink Flower/Nougat/Purple Green Flower, Black+Colorful/Black Pink Flower/Purple Green Flower,which is more special & elegant than ordinary resin band,Lightweight than whole metal band,Available for casual,business,sports and daily life.Multiple choice for party, wedding,anniversaries,office,dating. 〖What you get〗- 1 x Metal Resin 20mm Watch Band & 1 * Upgraded Link Removal Tool & 3 * Quick Release Spring Lugs, Band Compatible Samsung Galaxy Watch 5 bands / Galaxy Watch 4 band /Classic / Samsung Active 2 watch band 40mm 44mm / Galaxy Watch 42mm,Samsung Watch 3 bands,Samsung Gear S2 Watch Classic / Gear sport watch band [Only Band, Not include Watch].Good gifts for birthday or festivals like Christmas,New Year.If there is problem or question of product,please let us know to help.",https://m.media-amazon.com/images/I/71vlAkdipXL._AC_UL1500_.jpg,19.98,4.3,48,Cell Phones and Accessories,NINKI,Cell Phones & Accessories Accessories Smartwatch Accessories Smartwatch Bands
B0B3LTBB8B,"Yonds Queen for iPhone 13 Pro Max Clear Cute Case, Cool Cartoon Astronaut Space Planet Moon Design Stylish TPU Bumper Shockproof Protector Transparent Case(iPhone 13 Pro Max, Blue Moons)","Product Features. ❤This case is compatible with iPhone 13 Pro Max. ❤100% brand new. The special cute fashion makes it stand out. Wherever you go, you'll have lots of fun and compliments with this case.  ❤ They are made of the highest grade material, odorless and harmless to your health. ❤ The back side has strong anti-friction so that you minimize the risk of slipping while holding your phone in your hand. About us. Yonds Queen is committed to creating the most fashionable, cutting-edge products and the best quality products to bring you a pleasant shopping experience in your leisure life. At the same time, our goal is to provide the highest standard of customer service to each and every one of our customers. If you have any questions, you can contact us promptly via email. Package contents. 1 * Cute soft TPU Case",https://m.media-amazon.com/images/I/71UgznhpTFL._AC_SL1500_.jpg,9.99,4.5,172,Cell Phones and Accessories,Yonds Queen,"Cell Phones & Accessories Cases, Holsters & Sleeves Basic Cases"
B09N44927L,"Carbon Fiber Pattern Slim Case Compatible with Samsung Galaxy S20, Shockproof 10ft. Drop Tested, Wireless Charging Compatible - Black","COMPATIBILITY – Shockproof phone case for Galaxy S20, Compatible with MagSafe chargers. ELEGANT & STYLISH – Luxury design with a carbon fiber finish and smooth to the touch, this case truly stands out, bestowing confidence and aesthetic taste on their user. ARMOR LEVEL SHOCK-PROOF – This carbon case has shock-proof corners for drop-proof protection, specifically designed to protect your phone. CAMERA & SCREEN PROTECTION – While the 0.3mm raised lip protects your camera, the 1.5mm raised lip relieves impact and protects your iPhone screen against drops, cracks and surface scratches. MADE to FIT: Our case fits perfectly around your phone, leaving space for buttons and protecting against dust.",https://m.media-amazon.com/images/I/81BaUEoSrhL._AC_SL1500_.jpg,9.99,4.5,6654,Cell Phones and Accessories,Kitoo,"Cell Phones & Accessories Cases, Holsters & Sleeves Basic Cases"
B072F2FSY5,IQ Shield Matte Screen Protector Compatible with HTC U11 (HTC U 11) Anti-Glare Anti-Bubble Film,"The IQ Shield Anti-Glare Screen Protector compatible with HTC U11 (HTC U 11) is backed by our 100% Satisfaction Guarantee, as part of the IQ Shield Lifetime Warranty Program Unlike other common screen protectors, IQ Shield Matte protectors reduce glare, allowing users to enjoy their devices in brightly lit areas A unique outer coating prevents dust, grime and fingerprints from appearing on the surface of the screen The thin and durable military grade film used to manufacture IQ Shield Matte protectors, provide protection against scratches, scrapes, and dents Wet-install application method allows the protector to be easy-to-install and provides bubble-less results",https://m.media-amazon.com/images/I/61KNEqZVOmL._AC_SL1000_.jpg,9.95,4.4,59,Cell Phones and Accessories,IQShield,"Cell Phones & Accessories Accessories Maintenance, Upkeep & Repairs Screen Protectors"
B01N3676BD,"BoxWave Charger Compatible with PBS Kids Playtime Pad (Charger by BoxWave) - Wall Charger Direct, Wall Plug Charger for PBS Kids Playtime Pad","BoxWave Charger Compatible With PBS Kids Playtime Pad.Why pay more for a charger for your Playtime Pad? Get BoxWave's Micro USB Wall Charger Direct! This advanced Micro USB specific Power Adapter is low cost, and designed to charge your Playtime Pad! Delivering 10W of power, the Wall Charger Direct will SAFELY and quickly RAPID-CHARGE your Playtime Pad so you can use it as soon as possible. The Wall Charger Direct works just as well or BETTER than your original charger and other high-cost chargers! Get one to replace your original charger or get an extra for the office or home!The internal adaptive circuitry works with NORTH AMERICAN and INTERNATIONAL voltage standards--perfect for TRAVELING ! BUILT-IN CABLE means that there are no loose connections! Always have the confidence that your Playtime Pad will charge FULLY the WHOLE time that it’s plugged in. GREEN LED indicator turns on whenever the charger is plugged in to ensure that your Playtime Pad is being charged properly.BoxWave's Wall Charger Direct --get yourself a charger that JUST WORKS!",https://m.media-amazon.com/images/I/21mxvKtB5-L._AC_.jpg,15.95,3.8,52,Cell Phones and Accessories,BoxWave Corporation,Cell Phones & Accessories Accessories Chargers & Power Adapters
B089742DWT,"Punkcase iPhone 11 Pro Waterproof Case [Aqua Series] [Slim Fit] [IP68 Certified] [Shockproof] [Dirtproof] [Snowproof] Armor Cover for iPhone 11 Pro (2019) (5.8"") [Black]","Punkcase iPhone 11 Pro Waterproof Case [Aqua Series] [Slim Fit] [IP68 Certified] [Shockproof] [Dirtproof] [Snowproof] Armor Cover Compatible W/Apple iPhone 11 Pro [Pink] â PUNKCASE iPhone 11 Pro CASE [AQUA SERIES]: Your punk mate that will punkproof your Apple iPhone 11 Pro against punk forces of nature â 100% PUNKPROOF: Take your iPhone 11 Pro on snorkelling trips, dusty deserts, muddy trails or downhill skiing - your Aqua case will keep you connected and protected no matter what adventure you find yourself in | WATERPROOF: IP-68 certified - submersible up to 6.6ft | DIRT & DUSTPROOF: Advanced Sealing Protection blocks dirt & dust from clogging your ports | SNOWPROOF: Completely closed to snow & ice | SHOCKPROOF: Military-grade ruggedness - protect your iPhone 11 Pro from falls up to 6.6ft â INNOVATIVE DESIGN: Your Aqua iPhone 11 Pro case has been designed to lock out the elements - not your inputs | PRECISION CUT-OUTS: Easy access to all buttons, ports & jacks | ANTI-REFLECTIVE-COATED LENS at the back-camera ensures every shot comes out crisp | SCRATCH RESISTANT POLYCARBONATE BACK COVER: Keeps your Aqua case looking great even after being totally punked! â ULTRA SLIM FIT WITH BUILT-IN FUNCTIONALITY: Your Aqua iPhone 11 Pro case offers ultimate protection without the bulk| BUILT-IN SCREEN PROTECTOR: Imperceptible scratch-resistant & HD-clear screen guard for a lucid retina display with uncompromised TOUCH ID sensitivity | RAISED BEVEL: Extra Protection against drops | UNPARALLED SOUND QUALITY: Newly designed sound membranes will keep your phone waterproof whilst ensuring crystal clear communications â PERFECT CUT-OUTS: Easy access to all buttons, ports and jacks following your iPhone 11 Pro precision lines | PLEASE NOTE: This case has been exclusively designed for the Apple iPhone 11 Pro (2019) ONLY| Case will NOT FIT the Galaxy Note 10 or Note 10e | LIFETIME EXCHANGE WARRANTY",https://m.media-amazon.com/images/I/71DNSVunxBL._AC_SL1500_.jpg,39.98,4.0,39,Cell Phones and Accessories,PunkCase,"Cell Phones & Accessories Cases, Holsters & Sleeves Basic Cases"
B09LYXJNNV,"LovRug Band with Case Compatible with Apple Watch 38mm 40mm 42mm 44mm iWatch Series 6/5/4/3/2/1 / SE, Slim Jewelry Bling Diamond Rhinestone Replacement Metal Strap for women","As a professional Smartwatch Accessories manufacturer, we have excellent design, production, quality control, and customer service teams. Each item is carefully hand-selected, as well as tested hundreds of times to ensure its quality. Why You Can Choose Us? - Our band soft,lightweight, flexible, smooth great stylish, super comfortable to wear. - Our case accurate incision and sensitive touch. - Made of high quality, anti-scratch. - A variety of color options to match different outfits and occasions. - Durable, all-around protection. - Very fashionable design, is a great gift choice for family and friends. - Compatible with Apple watch SE, Series 6 / 5 / 4/ 3/ 2/ 1 band with case. - Convenient to put on and take off, easy to use. Quality Assurance: If you receive a faulty one or you have any questions about the product when you purchase, please feel free to contact us at any time without hesitation to help you solve the problem. Package Include: 1 x Band Compatible Apple Watch 1 x Case Compatible Apple Watch Warm Tips: 1. This band with case is not waterproof. 2. Please Keep It Dry and Avoid Water flushing like bathing, Washing Hands and Swimming, if you use it in a suitable environment You can extend your band life. If Water Enters, How to Treat? 1. Take off the case. 2. Wipe the water inside with a clean cloth 3. Put on the case, then you can use it normally.",https://m.media-amazon.com/images/I/712L91J2ODL._AC_UL1500_.jpg,19.99,4.4,228,Cell Phones and Accessories,LovRug,Cell Phones & Accessories Accessories Smartwatch Accessories Smartwatch Bands
B08X6D6HST,"Moto G7 Case,Moto G7 Plus case with Flowers, Sidande Shockproof Clear Floral Soft Flexible TPU Slim Phone Case Cover DO NOT FIT for Motorola Moto G7 Power Or Moto G7 Play (Cactus)","NOTE: Slim Lightweight with superior protection Heavy duty protection keeps your phone safe from drops and shocks. Impact resistant high quality TPU provide superior phone protection and control. Precised Cut-up Precisely cut up allows easy to access all buttons, ports, speaker, fingerprint sensor, cameras and flash without having to remove the case.Easy fit and convenient snap-on installation. LACE PATTEREN DESIGN Brilliantly designed in a choice of vibrant colors with detailed trim to perfectly compliment your phone's original look. If you are in the market for a heavy duty stylish case that offer maximum protection for your new cell phone, then this case is for you. Please clear your cellphone model, carrier and brand before purchase. Compatible with: Motorola Moto G7 / Moto G7 Plus",https://m.media-amazon.com/images/I/61hx1MqQu1L._AC_SL1100_.jpg,10.98,4.2,95,Cell Phones and Accessories,Sidande,"Cell Phones & Accessories Cases, Holsters & Sleeves Basic Cases"
B09NQ35M4H,StylusHome Replacement Rubber Tips 12 Pcs for StylusHome Stylus for Kid Tips Universal Stylus Pens Only,StylusHome Replacement Rubber Tips 12 Pcs for B08M3MZNNP,https://m.media-amazon.com/images/I/51SD58yVaaL._AC_SL1500_.jpg,7.99,4.3,7,Cell Phones and Accessories,STYLUSHOME,Cell Phones & Accessories Accessories Stylus Pens
B01LZKE8OI,Spectre Shield Screen Protector for Alcatel Tru/Stellar Screen Protector Case Friendly Accessories Flexible Full Coverage Clear TPU Film,"""Spectre Shield: Maximum Protection. Virtually Invisible ."" - Great way to preserve the resale or trade-in value of your device - Laser-cut for perfect fitment and compatibility with most cases- A great alternative for non-flexible tempered glass screen protectors - Rated as one of the most essential accessories for your brand new device Why Do You Need A Screen Protector? It is extremely common for electronic devices to get damaged. Just check out these statistics:45% of consumers will damage their device during its life 38% will drop their device from their hand 28% will drop their device in liquid  15% will suffer damage from falling off their lap What is Spectre Shield? Spectre Shield Screen Protectors are military-grade clear film precisely made for your wearable or phone devices, designed to provide maximum protection for your screen that goes on virtually invisible. Invisible & HD Clear - Made with durability and visibility in mind. Advanced optical material is used to ensure you get the highest visibility on your screen. Error-Free Installation - Our film is installed via ""wet method"" allowing multiple chances to align the film and even wash off dirt if needed during installation. Leaves no sticky residue. What's Included: - Spectre Shield Film- Microfiber Cleaning Cloth- Smoothing Assist Card- Detailed Instructions - Retail Packaging",https://m.media-amazon.com/images/I/61EJ6jtqOKL._AC_SL1000_.jpg,5.95,3.5,2,Cell Phones and Accessories,Spectre Shield,"Cell Phones & Accessories Accessories Maintenance, Upkeep & Repairs Screen Protectors"
B00ARDJSBM,Reiko PP-LGLS840ORG Premium Durable TPR Gummy Protective Case for LG Viper LG LTE - 1 Pack - Retail Packaging - Orange,Protect and personalize your LG Viper 4G LTE for Sprint with this premium durable case. This accessory provides protection by preventing nicks and scratches and its perfect fit makes your phone look slim. Openings in the precise places allow full access to all the functions the phone has to offer. Protect your investment!,https://m.media-amazon.com/images/I/41xrL5pMqhL._AC_.jpg,4.33,4.3,36,Cell Phones and Accessories,Reiko,"Cell Phones & Accessories Cases, Holsters & Sleeves Basic Cases"
B0782HHZZY,"for 6"" ZTE Blade Z MAX bladeZmax case Phone Case 360° Cover Screen Protector Clip Crystal Holster Kick Stand Armor Shock Bumper (Blue)","~ for 6"" ZTE BLADE Z MAX bladeZmax ( Z982 ) ~ Not for [ Blade X MAX ] ~ Screen Protector Built-in 360-degree protection, save money on screen film ~ kickstand Flip for viewing convenience ~ Soft silicone TPU shock absorber ~ Hard frame and swivel belt clip with Reinforced corners ~ Raised camera opening to protect the lens ~ Place the phone face-in in the holster,  screen facet is shielded from accidental bumps or if pressed against edge of table Product Description This phone case comes with Built-in Screen Protector for a 360° degree protection. Flip the kickstand for viewing convenience. The multi-layer design, made with PC rugged holster, hardback case and silicone rubber shock absorbing gel giving great protection. Place the phone screen-side-in in the holster. Screen is shielded from bumps and when pressed on edge of desk or sorts. Or, place the phone screen-side-out, for a quick view. Fast turn-around shipping. Work to beat system estimated arrival day.",https://m.media-amazon.com/images/I/51cUjxTlnrL._AC_.jpg,6.99,4.3,34,Cell Phones and Accessories,6goodeals,"Cell Phones & Accessories Cases, Holsters & Sleeves Holsters"
B08BC89N2Y,"GMYLE iPhone 11 Case 2019, Extreme Thin Smooth Full Covered Shockproof Silicone Cover [Enhanced Camera Protection] for Apple iPhone 11 6.1"", Navy Blue","GMYLE iPhone 11 Cases keep a balance of practical function and elegant appearance for iPhone case, slim and fits perfectly, offer full protection all around the device. What's In The Box:1 x iPhone 11 Case for iPhone 11 (6.1 inch)",https://m.media-amazon.com/images/I/61n9DsTGVuL._AC_SL1500_.jpg,7.98,4.1,97,Cell Phones and Accessories,GMYLE,"Cell Phones & Accessories Cases, Holsters & Sleeves Basic Cases"
B01LYVCPWQ,"Skinomi Screen Protector Compatible with Apple iPhone 7 (Case Friendly, Version 2) Clear TechSkin TPU Anti-Bubble HD Film","Protect your Investment Daily use of your mobile device can cause unsightly scratches, dents, and other unwanted damage. Within a few months, the screen will be difficult to read; the device will decrease in resale value and be embarrassing to show other people. Lower-quality disposable screen protectors seem like a temporary solution for keeping your device looking brand new; though they need constant replacements. The Only Screen Protector You'll Need With this problem in mind the founders of Skinomi set out to create a screen protector that's tough, reliable, and long-lasting. Their solution was the Skinomi TechSkin. Made of a thermoplastic urethane film that is designed to resist abrasion, the TechSkin Screen Protector compatible with the Apple iPhone 7 provides impact absorbing military-grade protection for your device. The protector is UV resistant, HD Clear, and goes on invisible. A smooth texture and feel makes it easy to navigate your device as if there was nothing applied. The flexible high-grade film is formulated to be ""self-healing"" which makes it able to stretch, absorb, and even repair scratches and impact damage. Lifetime Guarantee We're so confident that you'll love the TechSkin that every Screen Protector comes with a Lifetime Warranty . If the Skinomi TechSkin wears off, we will replace it. The anti-bubble installation process is easy and error-proof. Protect your possessions and never worry about having to replace that old screen protector again. Skinomi Kit Includes: Skinomi TechSkin Screen Protector Skinomi TechSkin Screen Protector High Grade Lint-less Microfiber Cloth High Grade Lint-less Microfiber Cloth Installation Solution Installation Solution Lifetime Warranty Lifetime Warranty Made in the USA Made in the USA Skinomi TechSkin (Case Friendly, Version 2) Screen Protector compatible with Apple iPhone 7 Skinomi TechSkin (Case Friendly, Version 2) Screen Protector compatible with Apple iPhone 7",https://m.media-amazon.com/images/I/61-aqWcXkfL._AC_SL1000_.jpg,7.85,4.5,40,Cell Phones and Accessories,Skinomi,"Cell Phones & Accessories Accessories Maintenance, Upkeep & Repairs Screen Protectors"
B09QJ5YY3Y,"RYUITHDJP for Hot Pepper Serrano 3 Phone Case 5.5"" with Classical Cassette Theme Design, Case for Hot Pepper Serrano 3 TPU Stylish Shockproof Cover","RYUITHDJP strive to reach every single customer like you with quality products and wallet-friendly prices Cases for Hot Pepper Serrano 3 5.5 Inch with Stylish Exclusive Designs for Women/Men/GirlsFEATURES: 1.Drop Protection 2.Slim & Stylish Design 3.Vibrant Color Printing, Not Fade 4.Flexible and Durable 5.Anti-Fingerprint 6.Shockproof  7.Scratch-Resistant 8.Wireless Charging Compatible MATERIALS: TPU PACKAGE INCLUDED:  1*Case for Hot Pepper Serrano 3 NOW click ""Add to Cart"", Style your beloved phone",https://m.media-amazon.com/images/I/71elDTM2ZSL._AC_SL1500_.jpg,6.95,3.5,14,Cell Phones and Accessories,RYUITHDJP,"Cell Phones & Accessories Cases, Holsters & Sleeves Basic Cases"
B01B79A82C,Lencca Kyma Vegan Leather Crossbody Smartphone Clutch Wallet Purse with Removable Chain Shoulder Strap - Black/Copper,"A collective interpretation of a versatile wallet that is organized and able to seamlessly transition end uses. The Kyma is soft to the touch, and combines function with convenient design. The Kyma was created using two of Lencca's prime materials. Both materials are simple to maintain and weather resistant. The exterior actively repels liquids without absorbing a single drop, while the interior creates water beads with minimal absorption that will glide off. Our textured vegan leather was selected for its sensory experience, and its respect for animal life. The Kyma was crafted with metal hardware and signature Lencca zipper pulls. The exterior has a minimalist façade creating a sleek front and featuring a metal detail and top stitching. The back side has an expandable zip pocket for slim items like coins or rounder items like lipstick. Inside is the wallet organizer. Highlighted here is a universal phone compartment with a custom fit design. Alongside this phone compartment are four card slots, one larger slip pocket, and one clear ID slot. The sides of the Kyma have metal rings for attaching and detaching its chain shoulder strap.",https://m.media-amazon.com/images/I/91m9rAu6dDL._AC_SL1500_.jpg,24.99,3.9,31,Cell Phones and Accessories,Lencca,"Cell Phones & Accessories Cases, Holsters & Sleeves Bumpers"
B079B36WCY,ZTE Blade Vantage Wallet Case/ZTE Avid 4 / ZTE Tempo X N9137 / ZTE Fanfare 3 Wallet Pouch Flip Folio [Kickstand Feature] PU Leather Cover w/ID&Card Slot Wrist Strap by Zase (Luxury Rose Gold),"Zase Design All-in-One Protective Phone Carrying Case Wallet Pouch compatible with the 5 inch ZTE Blade Vantage (Z839, N837) for Verizon, ZTE Tempo X (N9137) for Sprint/Boost Mobile/Virgin Mobile, ZTE Tempo GO unlocked, ZTE Avid 4 (Z855) for MetroPCS/T-Mobile, and ZTE Fanfare 3 (Z852) for Cricket. Fast Shipping from California, USA in Zase retail packaging. ***Will not be compatible with any other ZTE models***",https://m.media-amazon.com/images/I/71EPJINZSIL._AC_SL1000_.jpg,9.99,4.3,23,Cell Phones and Accessories,Zase,"Cell Phones & Accessories Cases, Holsters & Sleeves Basic Cases"
B0811M2JG9,Mento Streamtail,"Slip on the Women's Mento and you're ready to hit the beach. This thong sandal features canvas straps with a soft lining, a high density premium thickness comfort foam footbed and a lightweight non-marking EVA outsole with flex grooves. A full color digital print of Guy Harvey's artwork is featured on the wavy outsole.",https://m.media-amazon.com/images/I/61qmATFO2FL._AC_UL1500_.jpg,29.81,2.0,1,Amazon Fashion,Guy Harvey,
B07SB2892S,RONNOX Women's 3-Pairs Bright Colored Calf Compression Tube Sleeves,"Ronnox Calf Sleeves - Allowing Your Body to Perform at Its Best!Some of the Ronnox Compression Socks Highlights:✔ Increase Endurance – Compression calf sleeves can reduce lactic acid and muscle fatigueallowing you to increase your endurance! Train harder, train better – and perform at your best.✔ Faster Recovery Time – Compression socks will aid in faster recovery time when worn for a few hours post workout.This is due to the increased blood flow to the calf muscles.✔ Reduce Swelling – Varicose veins, swollen ankles or swollen legs?The graduated premium compression can help to reduce swelling and assists your veins in getting blood to flow out of your legs and back to your heart!Ideal for long-haul flights or long journeys.✔ Minimize Cramps – Whether you get leg cramps during pregnancy or because your job requires being on your feet the entire day,these compression sleeves will help to reduce your leg cramps and muscle pain, helping you work and live better.General Features & Specifications:➤ Anatomically Designed to Fit Your Legs - No bunching or sliding down when walking, squatting or performing any exercise.Our calf sleeves will mold to the shape of your body.➤ Breathable Sweat-Wicking Design – The sweat-wicking breathable knee sleeve will regulate temperatureand ensure maximum comfort even during intense physical activity.➤ Soft Non-Irritating Neoprene Fabric – Instead of rough, scratchy calf sleeves, our fabric is softer, lighterand more comfortable than many others on the market.➤ Stretchable Elastic – This leg sleeve provides medium 15-20 hg graduated compression that won’t cause any blood clots or tighten around any veins.➤ Washable – Easy to clean, simply wash on a gentle cycle and hang to dry.➤ Sizes: Small / Medium / Large / Extra Large.➤ Colors: Hot Pink / Neon Green.",https://m.media-amazon.com/images/I/91ub366PdKL._AC_UL1500_.jpg,17.99,4.3,3032,Amazon Fashion,RONNOX,
B08FMLXY1Z,LYCKYY Women's Tie Dye Sweatshirt Crewneck Long Sleeve Pullover Tops with Pockets,"Tie dye shirts for Women long sleeve crewneck sweatshirtLYCKYY are created to provide fashionable and comfortable women clothes, we offer the best balance between beauty and soft. Our distinctive graphic design make it possible for you to express yourself. Style: CasualColor: Blue, Blue Pink Grey, Coffee Pink Grey, Dark Grey Pink, Green, Grey, Orange, Purple, Red, Red Yellow Blue, YellowPattern Type: Whirlpool tie dye, Galaxy Tie DyeDetail: Two Side PocketsNeckline: Round NeckSleeve Length: Long SleeveSeason: Spring, Fall, WinterComposition: 65% Cotton, 35% PolyesterMaterial: Cotton BlendAttention: 1. Wash: The opposite machine gentle wash and air dry2. Color: May little vary due to different display settingOur ServicePlease Feel Free to Contact Us if You Receive the Defective Product/ Wrong Size/ Wrong Items. We Will Try Our Best to do the Best Services for You. Thank You.",https://m.media-amazon.com/images/I/61Rz6OajP5L._AC_UL1004_.jpg,9.99,3.7,52,Amazon Fashion,LYCKYY,
B07G854X4J,Sexyshine Women's Casual Fall Knit Long Sleeve Tassels Irregular Loose Cardigan Pullover Striped Sweater Poncho,"Sexyshine Women's Casual Fall Knit Long Sleeve Tassels Irregular Loose Cardigan Pullover Striped Sweater Poncho Our size is Asian size, NOT US size. Detailed Size Info Please Check Above Left Image to Get the Fit Size. Pls Go 1-2 size up when ordering Tips: 1.Size chart is only for reference, there maybe a little difference with the item you get. 2.Color differences allowed for light effects and monitor settings.Also,please allow 1-2 cm deviation due to manual measurement. Your kindly understanding and support are highly appreciated.  All authentic Sexyshine products sold through Amazon.com are sold only by the seller Sexyshine.We have registered brand of Sexyshine. Sexyshine is specialized in all kinds of American women's clothing with competitive price,high quality, fashion style and large quantity in stock.  About Shipping 1.Usually ship in 1-3 business days 2.8-15 Business Days by USPS,1-2 Business Days by FBA(FBA Prime Delivery) Guarantee: We have strict quality check before sending goods.Any doubt when receiving, pls feel free to contact us.Sexyshine will reply you in time and try our best to satisfying you. Thank you.",https://m.media-amazon.com/images/I/71qnfc60uEL._AC_UL1300_.jpg,26.99,3.6,7,Amazon Fashion,Sexyshine,
B009E2O6KA,Result Core Men's Soft Shell II Gilet Red 3XL,"Polyester,Microfleece,Elastane",https://m.media-amazon.com/images/I/71golgqa78L._AC_UL1440_.jpg,53.95,5.0,1,Amazon Fashion,Result Core,
B01GNVW8MC,Hugo Boss Mens Onyx Analog Casual Quartz Watch (Imported) 1513366,Stainless steel case measuring 1.7 in (44 mm) Leather croc-embossed strap Silver-tone detail at dial Logo detail on dial 3-eye quartz movement Date display Water resistant: 5 ATM (165 feet).,https://m.media-amazon.com/images/I/71T-J0BbC0L._AC_UL1200_.jpg,395.0,5.0,1,Amazon Fashion,HUGO by Hugo Boss,
B08F7DNKB2,Tipsy Elves’ Women’s Daredevil Costume - Red White and Blue Stunt Performer Halloween Jumpsuit,"100% Polyester Imported Zipper closure Hand Wash Only Looking for a costume they’ll remember? Knock their socks off before you’ve even started your engines. Make an entrance this Halloween with the Tipsy Elves Women’s Daredevil costume. Motorbikes and rings of fire are not included, but you will get a full suit that helps you stand out from the rest of the crowd. Tipsy Elves’ Daredevil Costume for Women jumpsuit comes with classic patriotic stars and stripes, neatly brought together with a red and blue belt. To really complete that daredevil look, you’ll find a red cape attached. Turn up the adjustable collar, swirl and make your exit – you’ve got a show to do. Hop right in and out of them with one convenient zipper from your collar down to your waist. Whether you’re going for a dangerous Halloween look or becoming your kids’ favorite superhero, you’ll find it all in the Tipsy Elves Women’s Daredevil costume. Just don’t look down! Click the logo at the top of the page to see the entire spooky Tipsy Elves Halloween collection and beyond, check out halloween costumes for the everyone in your family, cute costume dresses, bodysuits and leggings. Keep the party tipsy all year long with Holiday gear for all of your favorite days, from Halloween to the Holidays and beyond, inside or outside, Tipsy Elves will make sure you’re looking great for all of it! Please note the aviators and footwear as pictured are not included. Material: 100% polyester Care: Machine wash cold, tumble dry low or hang dry to reduce shrinkage. dry cleaning is also acceptable.",https://m.media-amazon.com/images/I/61LqoqzuK4L._AC_UL1500_.jpg,99.95,3.8,35,Amazon Fashion,Tipsy Elves,
B008L1J7YU,All American Rejects Bo Peep Juniors T-Shirt-large,Curated product from Amazon_Fashion.,https://m.media-amazon.com/images/I/51rWzJX+o9L._AC_UL1051_.jpg,18.0,5.0,1,Amazon Fashion,Bravado,
B097BT6TKW,Koup Women's Cinnamon Anti-Odor Tech Lightweight Quick-Dry T-Shirt Outdoor Hiking Running,"Pull On closure [ULTIMATE COMFORT] Extra-fine soft premium100% recycled polyester fabric and flatlock seam - no chafing. [POWERED BY NATURE] Patented cinnamon fibre technology uses cinnamon's natural performance, giving you the safest and most durable anti-odor performance. [LIGHT AS FEATHER] 30% lighter than average t-shirt, you’ll hardly notice you have it on. [QUICK DRY] Dries in less than 20 min under lab test condition, thermal regulates your body and special fibre wicks sweat away in no time. [ANIMAL & PLANET FRIENDLY] - Each shirt uses on average 8 recycled plastic bottles, saving from landfill and the ocean and it’s vegan!",https://m.media-amazon.com/images/I/71rPKI1QGiL._AC_UL1500_.jpg,44.0,3.2,3,Amazon Fashion,K KOUP,
B0B31Z29G3,Pierced Owl - 14GA 316L Surgical Steel Burnished Silver Tree of Life Industrial Barbell with Leaf Ends,"STYLE: Burnished Silver Tree of Life Industrial Barbell with Leaf Ends MATERIAL: 316L surgical steel, brass, and burnished silver plating GAUGE/BAR THICKNESS: 14GA (1.6mm) BARBELL LENGTH: 1&1/2"" (38mm)",https://m.media-amazon.com/images/I/611rX2TJ-EL._AC_UL1024_.jpg,10.99,4.3,97,Amazon Fashion,Pierced Owl,
B08HW36L27,Jsix Women's Genuine Mink Coat with Real Fox Fur Collar Jacket Warm Thick Outerwear (Medium) Black,Fur Hand Wash Only,https://m.media-amazon.com/images/I/41d4gBaxtAL._AC_.jpg,389.0,4.6,2,Amazon Fashion,Jsix,
B075LLJQZY,Gypsy Jewels 4 Row Layered Bib Bubble Statement Silver Tone Necklace & Earrings Set,Great Statement necklace set Ages 14+ Matching earrings,https://m.media-amazon.com/images/I/71jrjujVD2L._AC_UL1500_.jpg,21.99,4.1,4,Amazon Fashion,Gypsy Jewels,
B07MZB3PH3,Original Vintage Czech Army Field Jacket M85 Olive Green Military Surplus Issue New,"100% Cotton Drawstring closure Hand Wash Only Genuine Czech military. These jackets do not feature any insignia, and are simple yet stylish The distinctive olive drab green materials used to construct the jacket are tough as nails yet comfortable to wear for long periods of time. The fit and cut of the jacket also gives maximum mobility These jackets featuring 5 total pockets - interior button sealed chest pocket, 2 rear Lower back button pockets, 2 buttoned chest pockets They also feature button up cuffs, epaulettes and ventilated underarms and drawstring waist These vintage jackets are made about 1980's and comes NEW, perfect condition",https://m.media-amazon.com/images/I/711DE6MzWpL._AC_UL1500_.jpg,36.45,4.4,58,Amazon Fashion,Militar,
B07QCKTNFQ,Alchemy Gothic England - Metallica: Justice for All Pin Badge,Curated product from Amazon_Fashion.,https://m.media-amazon.com/images/I/71kyPBtgmeL._AC_UL1200_.jpg,14.88,4.6,21,Amazon Fashion,Metallica,
B07HRTNRC5,NIKE Dri Fit Sleeveless Stripe OLC Golf Polo 2019 Women Lilac Mist Medium,100% Polyester Button closure Machine Wash,https://m.media-amazon.com/images/I/510adBgMrnL._AC_UL1000_.jpg,19.97,4.8,8,Amazon Fashion,Nike,
B079J6WGYY,Volkswagen White Crying Bus T-Shirt (Medium),"This classic white, 100% preshrunk heavyweight cotton t-shirt is a walking tribute to the late Jerry Garcia. The graphic on the front is a re-creation of the famous image from Rolling Stone.",https://m.media-amazon.com/images/I/516ml-VK-hL._AC_UL1000_.jpg,19.95,4.0,1,Amazon Fashion,Volkswagen,
B0B42FVLSH,Boomtrader Women ST4 Costume Cheerleader Uniform Cosplay Hawkins High School Outfit Suit Halloween Party Dress Up,"Women ST4 Costume Cheerleader Uniform Cosplay Hawkins High School Outfit Suit Halloween Party Dress Up Gifts Material: uniform fabric, soft and comfortable to wear, good quality. Package Including: 1 * top + 1 * skirt + 2 * flower ball Occasion: Perfect for cosplay, party, Halloween, Masquerade, role play, theme party, daily wear, sports, gifts, Christmas, birthday, ect ATTENTION: Please check the size chart in the picture carefully before purchasing. If you have any questions, please do not hesitate to contact us.",https://m.media-amazon.com/images/I/51WZani0tQL._AC_UL1500_.jpg,29.99,3.9,54,Amazon Fashion,Boomtrader,
B015WXZSZ6,Bandolino Women's BERTA Platform Pump,"A modest platform heightens this go-to dress pump For the latest in fashion and function, check out the Bandolino line of footwear. With its perfect pairing of quality and style, Bandolino serves your desire for fashion with versatility. This brand embraces a modern design aesthetic that features built-in function and wearability, while delivering a fashion-forward product that is infused with style and color, all at an affordable price.",https://m.media-amazon.com/images/I/61AvH0YrouL._AC_UL1500_.jpg,59.95,4.0,182,Amazon Fashion,Bandolino,
B07DQH92GR,2Pcs Surgical Steel 16 Gauge 1/2 12mm Horseshoe Barbell Piercing Jewelry Eyebrow Nose Septum Cartilage Lip 3mm Ball M0572,Ball closure,https://m.media-amazon.com/images/I/61IjRPfjiqL._AC_UL1500_.jpg,10.66,4.8,7,Amazon Fashion,MATIGA,
B07QL59SXQ,"Hendevl 100G Mixed Antiqued Charms Clock Face Charm Pendant for DIY Crafts, Gears, Jewelry Making, Steampunk Pendants","Package included: 100g mixed antiqued charms clock face charms Material: Zinc Alloy. Pendants Charms Size:1-5cm. Useful :Jewelry Making,Jewelry DIY,Charms,pendant. Note:The spacers beads are sold in ""GRAM"", （quantity may vary due to different sized beads but weight is 100 gram）",https://m.media-amazon.com/images/I/81pMDFP9QdL._AC_UL1500_.jpg,8.69,4.5,90,Amazon Fashion,Hendevl,
B00KY8RZR4,"Coobie Comfort Bra - Lace Trim, 9060 (Medium, Turquoise)",Curated product from Amazon_Fashion.,https://m.media-amazon.com/images/I/61k7ONso9YL._AC_UL1001_.jpg,21.99,5.0,1,Amazon Fashion,Coobie,
B074KJFGXT,Gravity Defyer Proven Pain Relief Women's G-Defy Ion Athletic Shoes for Knee Pain,fabric-and-synthetic BREATHABLE MESH UPPER produces proper ventilation & flexibility. ROOMY TOE BOX extra room for comfort and better blood circulation. FRONT ROLLING FOREFOOT DESIGN Smooth movement and stability. REMOVABLE INSOLES to accommodate custom orthotic support. BONUS FREE PAIR podiatrist-grade CorrectiveFit orthotic insoles in every box - corrects body alignment and helps with plantar fasciitis.,https://m.media-amazon.com/images/I/81VyI7+ZI5L._AC_UL1500_.jpg,99.95,4.0,3407,Amazon Fashion,Gravity Defyer,
B089413DNT,Forest Animals Birds And Trees Cute Chef Aprons for women and Men Water Resistant with Adjustable Neck Extra Long Ties for Kitchen Cooking Bib Grilling BBQ Baking Drawing Crafting waiter,"Brand:MSGUIDE Size: 28.3""(L) x 25.6""(W) Gender: Unisex Aadjustable: Adjustable Extra Long Ties, suitable for most men and women Waterproof: This apron is made of Oxford cloth, resistant to dirt and abrasion, and can well protect your clothes from oil. Multi-purpose: ideal for kitchen,Cooking,Baking,Barbeque,camping, parties, picnics,garden and so onThe stylish adjustable apron is suitable for most male and female chef artist waiter butchers. This unique apron is perfect for any festive occasions such as cooking, baking, gardening, DIY, party, barbecue, cleaning, painting, etc. If you are a housewife, dining at home, a coffee shop clerk, a painter or some parts that require safety protection, the bib apron to keep your clothes clean. Note: Pictures may slightly vary from actual item due to lighting and monitor. So it's normal to have a little bit of chromatic aberration.",https://m.media-amazon.com/images/I/71arF5p9IFL._AC_UL1200_.jpg,18.99,4.3,11,Amazon Fashion,MSGUIDE,
B00B3L3HPU,Allmygold Long Stem Dipped 24K Gold Trim Genuine Green Rose in Gold Gift Box,"These beautiful real roses are hand-picked then treated through a very delicate electro-form process to protect and preserve their natural beauty. Each one is then individually dipped in 24k gold. Packaged in a lovely gift box, these unique, natural flowers create a gift that will be treasured for years to come. Create a colorful rose bouquet for Mom with the birthstone colors for every child and grandchild. Perfect gift for anniversaries, birthdays, weddings, graduations, housewarming, etc.",https://m.media-amazon.com/images/I/61m6I+NqQeL._AC_UL1264_.jpg,99.0,4.7,6,Amazon Fashion,Allmygold,
B01D99TYSM,Women's Blue Floral Dance Skirt (Pet/Sm),Georgette,https://m.media-amazon.com/images/I/71Ro+ATuruL._AC_UL1500_.jpg,16.7,2.9,2,Amazon Fashion,Danz N Motion,
B09X1MRDN6,BALEAF Women's Long Sleeve Zip Beach Coverup UPF 50+ Sun Protection Hooded Cover Up Shirt Dress with Pockets,"90% Polyester, 10% Spandex Zipper closure Machine Wash Long sleeve sun protection coverups--UPF 50+ blocks the sun from burning Zipped v-neckline--fashionable V neck and smooth 1/4 zipper allows to staying place as you like Two drop-in side pockets--hold your phone or keys well，no worries of falling out Hoodie with non-slip drawcord--Enhancing hooded design is convenient to wrap your face and enough space to put your head and hair easily A flattering coverups company you spend all day on the beach，traveling with lovers or busying around house. Recommended For everyday leisure or daily exercise",https://m.media-amazon.com/images/I/61KIZjb54AL._AC_UL1500_.jpg,31.99,4.2,422,Clothing Shoes and Jewelry,BALEAF,"Clothing, Shoes & Jewelry Women Clothing Swimsuits & Cover Ups Cover-Ups"
B0944VG4Y4,"SAS Women's, Relaxed Sandal","Unwind, leave your worries behind, and simply relax and enjoy the comfort of the versatile Relaxed sandal. Premium leather uppers in a casual sandal silhouette. Offers three-point adjustability with durable buckles at each strap. Features Ultra-Puff(TM) cushioned linings that protect the foot with Super Soft topline construction that eliminates harsh edges against the foot",https://m.media-amazon.com/images/I/61Q8PVmaltL._AC_UL1500_.jpg,188.95,4.7,618,Clothing Shoes and Jewelry,SAS,"Clothing, Shoes & Jewelry Women Shoes Sandals Flats"
B08JGGF5TJ,SheIn Women's Basic Stretch Plaid Mini Bodycon A-Line Pencil Skirt,"Zipper closure Fabric has some stretch; Please refer to the size information below Casual, Plaid, Slim Fit, Mini Mid-rise waist, Above Knee, Short Length Suitable for All Season, Workwear, Office, Formal Soft and High Quality Fabric",https://m.media-amazon.com/images/I/81PEsSG-hPL._AC_UL1500_.jpg,12.99,3.8,999,Clothing Shoes and Jewelry,SheIn,"Clothing, Shoes & Jewelry Novelty & More Clothing Novelty Women Skirts"
B098WB16ND,"Costume Gloves Kids Girls Boys Princess Dress Up Gloves Short Spandex Formal Gloves For Child Tea Party,Birthday","Universal gloves are suitable for boys and girls aged 5-12 . We provide 24 colors so that children can dress up for various activities such as:Halloween costume,Wedding,Banquet,Magic show, Pageant,Tea Party,Princess Dress Up, School activities,dance recitals, theater stage performance, pageant competition, photobooth props, family portrait photos, birthday party, holiday costume as fairy and princess, and Christmas events Package include : 1 pair lovely gloves Wash Care : Whenever it needs a cleaning, hand wash with cold water and mild detergent. Line dry. Do not bleach. Do not iron.",https://m.media-amazon.com/images/I/61ABbyNgDoL._AC_UL1500_.jpg,9.59,4.4,30,Clothing Shoes and Jewelry,unbrands,"Clothing, Shoes & Jewelry Novelty & More Clothing Novelty Boys Accessories Gloves & Mittens"
B07PK1Z4JF,Chowsir Women Fashion V-Neck Formal Lace Evening Party Prom Midi Dress,"Size Table: Chowsir Size-----General Size----US Size-------Bust--------Waist----- Length Small---------------------XS---------------2-------------33.5""-------27.2""-------39.9"" Medium------------------S ----------------6-------------35.4""-------29.1""-------39.4"" Large---------------------M---------------10-------------37.4""-------31.1""-------39.8"" X-Large------------------L----------------14-------------40.6""-------33.7""-------40.6"" XX-Large----------------XL--------------18-------------43.7""-------36.2""-------41.3"" Note: (1): Please check the size table carefully. (2): 1-2cm tolerance is acceptable by different measurement method.",https://m.media-amazon.com/images/I/71FC3tE1mhL._AC_UL1500_.jpg,22.19,4.3,127,Clothing Shoes and Jewelry,Chowsir,"Clothing, Shoes & Jewelry Women Clothing Dresses Formal"
B096HDRB6R,Amazon Essentials Women's Surplice Dress (Available in Plus Size),"Amazon Essentials is focused on creating affordable, high-quality, and long-lasting everyday clothing you can rely on. Our line of women's apparel includes cashmere sweaters, fleece and down jackets, and more, including plus-size options. Our consistent sizing takes the guesswork out of shopping, and each piece is put to the test to maintain the highest standards in quality and comfort",https://m.media-amazon.com/images/I/61xzt06IUzL._AC_UL1500_.jpg,19.92,4.4,7096,Clothing Shoes and Jewelry,Amazon Essentials,"Clothing, Shoes & Jewelry Women Clothing Dresses Casual"
B089YJ8P6X,"Fotociti Yoga Shorts for Women – 5"" High Waisted Biker Shorts with Pockets for Workout, Training, Running","92% Polyester, 8% Spandex Imported Pull On closure Machine Wash NON SEE-THROUGH AND 4 WAY STRETCH: Our workout shorts are made of quality non see-through, quick drying, moisture wicking fabric. The 4 way stretch allows for maximum flexibility to accommodate your body into a perfect shape. You can move, bend, squat and stretch easily, or do any pose you want when you do exercise. TWO SIDE POCKETS: Our yoga shorts feature two big side pockets which easy to fit a 6.5-inch phone or ID. You could also put your belongings like keys and cards on the side pockets when daily outing or running. No more worry about your essentials when exercising. HIGH WAIST & TUMMY CONTROL: The elastic wide waistband for no muffin top and maximum coverage while bending and stretching make you feel comfortable. With the scientific design of high waist for tummy control would show your perfect body curve and giving you a streamlined look during your workout. FITS FOR VARIOUS OCCASIONS: Our biker shorts are not only designed for yoga, but also for other sports and workouts like cycling, jogging, exercise, fitness, camping, or hiking. It keeps you confident and comfortable whether you're working out or hanging out. CUSTOMER SERVICES & CARE: Please wash with like color. Machine washable. Hang dry or tumble dry low. Do not bleach or iron. If you have any questions or concerns, please feel free to contact us without hesitation.",https://m.media-amazon.com/images/I/51A7+3BJgnS._AC_UL1001_.jpg,15.99,4.5,2911,Clothing Shoes and Jewelry,Fotociti,"Clothing, Shoes & Jewelry Women Clothing Active Active Shorts"
B07CN556CZ,327th Airborne Infantry Regiment Patch Recon,"United States ARMY 327th AIRBORNE INFANTRY REGIMENT Military Patch RECON* Popular Patch is your source for high quality embroidered military patches.* Collectible military patch reproduction, brand new, never used or worn.* Height: 3.50 inches, Width: 3.00 inches* Shape: Custom* Edging: Flat Edge* Sew On (plastic backing)",https://m.media-amazon.com/images/I/711gAyYr-NL._AC_UL1000_.jpg,10.5,5.0,1,Clothing Shoes and Jewelry,Popular Patch,"Clothing, Shoes & Jewelry Men Uniforms, Work & Safety Clothing Military"
B005IV7O0A,Olga Women's Sheer Leaves Minimizer Bra,"Olga's sheer leaves features beautiful lace detail with full microfiber lining for modesty, style and comfort. This minimizer style provides wires that won't poke and Olga's comfort back that prevents straps from slipping off shoulders. Minimizes your profile for fashion versatility. Olga's Sheer Leaves features beautiful lace detail with full microfiber lining for modesty, style and comfort. This minimizer style provides wires that won't poke and Olga's Comfort Back that prevents straps from slipping off shoulders. Minimizes your profile for fashion versatility.",https://m.media-amazon.com/images/I/91xKO9BsTsL._AC_UL1500_.jpg,25.2,4.1,828,Clothing Shoes and Jewelry,Olga,"Clothing, Shoes & Jewelry Women Clothing Lingerie, Sleep & Lounge Lingerie Bras Everyday Bras"
B09H7LCMZ7,Girls Winter Warm Jacket Coat Windbreaker with Soft Fur Hoodies Cartoon Pattern,"A must-have essential FunnyPaja kid’s jacket for cold winter. Exceptional Warmth This FunnyPaja kids puffy coat does a great job of keeping kids warm without restricting your range of motion.The fluffy cotton filling promotes excellent insulation by keeping cold air from circulating inside the FunnyPaja quilted jacket. The elastic cuffs and detachable hood with faux fur also help prevent air from entering while sealing warm air inside. Waterproof and Windproof Properties The FunnyPaja thicken padded jacket’s large removable hood keeps head warm and dry. The exterior fabric with PU membrane and DWR coating shields from strong winds and moisture. There's also a placket to cover the front zipper for added protection. Durable and Long-Lasting The durable shell fabric and protective coating that shields against abrasion, scuffs, or tears. If this FunnyPaja jacket for kids gets soiled or dirty, just throw it in the washing machine for a thorough cleaning. The durable zipper glides smoothly, so you don’t have to worry about it always getting snagged or stuck. Unhampered Movement This FunnyPaja winter coats leaves kids feeling weighed down and unable to enjoy playing, especial in the snow. This FunnyPaja puffer jacket for kids is lightweight so you can easily move about while wearing it. It also folds down into a compact size that should fit most kids' backpacks.",https://m.media-amazon.com/images/I/51s8fND8bRL._AC_UL1100_.jpg,30.99,4.5,200,Clothing Shoes and Jewelry,FunnyPaja,"Clothing, Shoes & Jewelry Girls Clothing Jackets & Coats Jackets"
B08HDVZR4S,ASICS Women's GT-2000 9 Running Shoes,"Synthetic-and-mesh Imported Rubber sole No-sew mesh upper: Rearfoot and Forefoot GEL Technology Cushioning System: Attenuates shock during impact and toe-off phases, and allows movement in multiple planes as the foot transitions through the gait cycle. FLYTEFOAM Midsole Technology: Our FLYTEFOAM technology provides exceptional bounce back and responsiveness no matter the distance, utilizing organic super fibers to help reduce packing out that traditionally happens with softer, low density foams. Rearfoot and Forefoot GEL Technology Cushioning System: Attenuates shock during impact and toe-off phases, and allows movement in multiple planes as the foot transitions through the gait cycle. FLYTEFOAM Technology: Provides lightweight cushioning.",https://m.media-amazon.com/images/I/61N1m-E09+L._AC_UL1200_.jpg,99.95,4.5,3626,Clothing Shoes and Jewelry,ASICS,"Clothing, Shoes & Jewelry Women Shoes Athletic Running Road Running"
B093N8LF3R,Skechers USA Men's Proven Slipper,Introducing the Proven Slipper Center Seam Slide Slip On W/Faux Lining,https://m.media-amazon.com/images/I/71S0XDXZB2L._AC_UL1500_.jpg,34.44,4.3,35,Clothing Shoes and Jewelry,Skechers USA Men's,"Clothing, Shoes & Jewelry Men Shoes Slippers"
B08Y6FPCRG,Men's Stretch Zipper Pocket Shorts Outer Thigh Split,"70% Cotton, 25% Polyester, 5% Spandex Imported Drawstring closure Machine Wash Elastic waistband Machine washable Stretch and breathable fabric 2 zipper side pockets and 1 back pocket Ideal for woukout, gym, active, sports, casual or daily wear",https://m.media-amazon.com/images/I/81uBCFqaxCL._AC_UL1500_.jpg,19.79,4.4,1256,Clothing Shoes and Jewelry,Satankud,"Clothing, Shoes & Jewelry Men Clothing Active Active Shorts"
B09WTRYB31,Lovaru Womens Boho Knit Cardigan Loose Lightweight V Neck Button Down Sweater Sheer Henley Tops,"Mesh Button closure Hand Wash Only Features: V-Neckline, Drop Shoulders, Long Sleeves, High Low Hemline, Side Slits, Ribbed Edges, Stretchy Loose Knit, 4 Front Button Closures, Oversized Relaxed Fit, Slouchy Style Cardigans. Lightweight mesh knit sweater pack it in your carry on as a great travel necessity. Super cozy knitwear made of comfy soft fabric. Enjoy this cardigan sweater for women for every day office wear or dressier events. This open lightweight cardigans flatters any figure with a slimming effect and form flattering cut. Not Lined– Sheer. Suitable for Casual, Party, Work, Date, School, Work, Date, Vacation or everyday look. Care Instructions: Hand Wash Cold. The comfortable knit fabric is both lightweight and breathable, can be dressed up or down for any occasion!",https://m.media-amazon.com/images/I/81RZEbc4BAL._AC_UL1500_.jpg,28.88,4.1,484,Clothing Shoes and Jewelry,Lovaru,"Clothing, Shoes & Jewelry Women Clothing Sweaters Cardigans"
B07MPFLGCJ,heipeiwa Women Sandals Bow Flowers Flats Jelly Shoes Peep Toe Summer Beach Sandals,Women Sandals Bow Fashion Floral Sliders Jelly Shoes Summer Beach Slippers  US 5.5 Women Heel to Toe(in inches) = 8 3/4 labeled 35  US 6 Women Heel to Toe(in inches) = 9 labeled 36  US 6.5 Women Heel to Toe(in inches) = 9 1/8 labeled 37  US 7 Women Heel to Toe(in inches) = 9 1/4 labeled 38  US 7.5 Women Heel to Toe(in inches) = 9 1/2 labeled 39 US 8.5 Women Heel to Toe(in inches) = 9 3/4 labeled 40,https://m.media-amazon.com/images/I/5131DYIbdbS._AC_UL1000_.jpg,18.99,4.1,57,Clothing Shoes and Jewelry,heipeiwa,"Clothing, Shoes & Jewelry Women Shoes Sandals Flats"
B01M24IGHQ,Joyci Fashion Faux Rabbit Fur Collar Shawl Wrap Stole Fake Collar Coat Accessory,"Description: Fashion women's winter faux rabbit fur fake collar, you can also as a scarf shawl in the winter . Gorgeous faux rabbit fur collar will enhance any jacket or down coat.Winter shawl will not only effectively protects against frost, but also an attractive addition to a winter outing For women who value simplicity and elegance. Package: 1 pcs x faux fox fur collar .",https://m.media-amazon.com/images/I/51Lj9ITvw4L._AC_UL1001_.jpg,13.99,4.0,126,Clothing Shoes and Jewelry,Joyci,"Clothing, Shoes & Jewelry Women Accessories Scarves & Wraps Cold Weather Scarves & Wraps"
B07D8G5P8M,Women Sexy Criss Cross Front Spaghetti Strap Basic Round HollowOut Neck Seamless Camisole Tank Top,"CRISS CROSS FRONT AND OPEN PLAIN BACK SEAMLESS CAMISOLE TANK TOP; SPIDER WEB NECKLINE IS HUGE IN TREND NOW ALL SEASONS: SPRING SUMMER FALL AND WINTER. CAN BE USED FOR EVERYDAY OUTFIT. GREAT FOR INNER LAYERING FOR CASUAL, WORK OUT, YOGA, JOGGING, EXERCISE, OUTINGS, LEISURE, BASIC, OFFICE, SCHOOL, CLUB WEAR, PARTY, HOME WEAR. YOU CAN LAYER WITH ANY SHEER SHIRTS OR AND DEEP V NECK TOPS OR TUNIC OR SWEATERS TO ADD LATTICE DETAIL ON THE CHEST. ITS PREMIUM QUALITY FABRIC CAN BE STRETCHED A LOT TO GIVE YOU FREEDOM OF ANY MOVEMENT! PLEASE NOTE THAT STRAPS ARE NOT ADJUSTABLE, BUT HAS EXCELLENT STRETCH FOR ANY LENGTH OF TORSO. GET THIS IN YOUR FAVORITE COLOR! ALSO GET EXTRA DISCOUNT ON OUR COMBO PACKS AS WELL! Size Measurements: (BUST-WAIST-FRONT LENGTH-BACK LENGTH) S/M: 26""-26""-18""-16"" L/XL: 28""-28""-19""-17"" 1X/2X: 32""-32""-20""-19"" 2X/3X: 34""-34""-21""-20"" RELATED KEYWORDS: WOMEN SEXY SEAMLESS STRAPY TRIPLE CRISS CROSS LATTICE STRING HOLLOW OUT SLIM FITTED LONG LENGTH SUPER STRETCH HIGH QUALITY PREMIUM BASIC ROUND NECK SPAGHETTI STRAPS CAMI CAMISOLE TANK TOP SLEEVELESS BLOUSE SHIRT",https://m.media-amazon.com/images/I/61qwH1Xog4L._AC_UL1000_.jpg,25.99,4.5,2224,Clothing Shoes and Jewelry,Melody,"Clothing, Shoes & Jewelry Women Clothing Tops, Tees & Blouses Tanks & Camis"
B01M72QR4O,Hipsy Women's Stretchy Xflex Hairband Headbands Multi Packs (Basic Navy & Taupe Xflex Multi 2pk),"2 Basic Hipsy Xflex Headbands Adjustable headbands for women, girls, teens, and you. Be among the first of your friends to experience Hipsy’s revolutionary new hair accessories. All authentic Xflex headbands feature a bra strap type size adjuster, that adjusts from fitting kids up to adults. Hand washable, stretchy fabric. Every Xflex headband expands up to 5” tall, and is guaranteed forever. Bad Hair Day? Unwashed hair can look great in an instant with a Hipsy Headband.",https://m.media-amazon.com/images/I/71JBvA4y0aL._SL1400_.jpg,16.99,4.3,8,Clothing Shoes and Jewelry,Hipsy,"Clothing, Shoes & Jewelry Women Accessories Hats & Caps"
B084SS6FW2,"Blouses for Women Fashion, Casual Long Sleeve Button Down Shirts Tops, XS-3XL","100% Viscose Imported Button closure Machine Wash You will love these stylish and modern blouses for women that have beautiful, vibrant colors. They have a pretty design and fit very well. These blouses for women reflect the new trends in women fashion. These tops will be one of your favorite outfit and you will get tons of compliments. You can wear these casual tops and blouses at work, office, school during fall, winter, spring and summer. These dressy blouses could easily be matched with pants, leggings, shorts and denim jeans. Plus Sizes are available. For the size chart, please look at the products' last image.",https://m.media-amazon.com/images/I/71BimjfOttL._AC_UL1455_.jpg,26.99,4.2,26384,Clothing Shoes and Jewelry,BIG DART,"Clothing, Shoes & Jewelry Women Clothing Tops, Tees & Blouses Blouses & Button-Down Shirts"
B085G58BY7,ELLEN TRACY Women’s Hi Cut Brief Panties Breathable Seamless Underwear 4-Pack Multipack (Regular & Plus Size),"94% Nylon, 6% Spandex Imported Pull On closure Machine Wash ELLEN TRACY: Designed for the woman who lives in the moment, not for the moment. Our underwear is made of ultra soft, high quality nylon and spandex that provides comfort and support from day to night. HI CUT BRIEF: Similar to the full brief, we offer full seat coverage and sits at the natural waist, but with a higher leg opening designed to give the appearance of longer legs. SEAMLESS BUT STRETCHY: Our seamless fabrication is breathable and lightweight for a “barely there” wear. Leaves virtually no panty lines, no rolling or bunching and has an amazing smoothing effect, while offering the stretch needed to go about your day comfortably. SIZING: Made with you in mind, we offer sizes ranging from small (size 5) to 3X-large (size 11) to accommodate a wide variety of body types. WASH: Recommended machine wash cold, use non chlorine bleach when needed. Dry on low heat, do not iron.",https://m.media-amazon.com/images/I/81AVDAOQhmL._AC_UL1500_.jpg,17.99,4.7,2584,Clothing Shoes and Jewelry,ELLEN TRACY,"Clothing, Shoes & Jewelry Women Clothing Lingerie, Sleep & Lounge Lingerie Panties Briefs"
B0BJT8VD8D,ColorGround Kids Size Prestyled Bald Wig for Halloween and Cosplay,"Head circumference: 52-55 cm (20.5-21.65 inches), specially designed for kids. Designed for: Cosplay, costume party, carnival, Halloween, fashion or just for fun. Color: Environment-friendly dyestuff are used when we produce the wig, free from harmful substance, bring kids more colorful and health. Please note that if you want to redye the wig, all the wigs can be dyed only from light color to dark color.",https://m.media-amazon.com/images/I/61-1Thp9rwL._SL1200_.jpg,19.99,4.4,6169,Clothing Shoes and Jewelry,ColorGround,"Clothing, Shoes & Jewelry Costumes & Accessories Kids & Baby Girls Wigs"
B0821XY8V4,C.C Hatsandscarf Exclusives Unisex Solid Ribbed Beanie with Pom (HAT-43),"Faux Fur Toggle closure Head Measurements: 57 cm, 22-3/8"", Size 7-1/8. Unisex Knitted Beanie with Faux Fur Pom Our comfortable beanie keep your head and ear warm during the winter. This beanie can be worn both casual and sophisticated wear and also perfect for outdoor fashion, including biking, camping, ice skating, snowboarding, running and more.",https://m.media-amazon.com/images/I/81UKhVNCLtL._AC_UL1500_.jpg,15.99,4.7,5967,Clothing Shoes and Jewelry,C.C,"Clothing, Shoes & Jewelry Women Accessories Hats & Caps Skullies & Beanies"
B074BBZ3LP,Mini Backpack - Alien/Black,"GREAT LOOK: This stunning backpack is perfect for everyday use or special occasions. Adorable cartoon alien/robot features heart shaped glitter eyes and holographic mouth and antennas. GREAT FIT: This MINI backpack/purse, adjust the straps for a perfect fit. Faux leather straps are comfortable on skin and shoulders. Durable exterior and interior lining. Front and interior zippered accessory pocket for easy access to important items. WHEN TO WEAR: Class, music festivals, dinner, concerts, holidays, themed parties, New Year’s Eve, Mardi Gras, Gay Pride Parade, sports games, Lallapaloosa, New Orleans Jazz & Heritage Festival, Bonnaroo, Electric Forest, Hangout Festival, Lockn’ Festival, Electric Zoo NYC, Firefly Music Festival, Governors Ball, Mysteryland, Northcoast Music Festival, Camp Bisco, Peach Music Festival, Beale Street Music Festival, Wakarusa and shows at Red Rocks Amphitheatre. GREAT QUALITY: Small but sturdy. Dimensions for mini bag are 8.25” L x 4.25” W. Do not wash. Spot wash if necessary.",https://m.media-amazon.com/images/I/71gMlG+wPvL._AC_SL1229_.jpg,36.93,5.0,2,Clothing Shoes and Jewelry,Funky Junque,"Clothing, Shoes & Jewelry Luggage & Travel Gear Backpacks Kids' Backpacks"
B0B4LJCRPX,Dr. Scholl's Shoes Women's Break Free Knee High Shaft Boots,"A knee-high wedge boot with all the good feels. SUSTAINABLY CRAFTED: Linings and topcloth made from recycled plastic bottles, recycled toe box and heel counter. MATERIALS: ReFiber – Microfiber made from recycled plastic bottles. FIT: Slip-on fit with side zipper for easy on/off. SUSTAINABLE COMFORT: Anti-microbial, anti-odor Insole Technology with cushioning, comfort, & support. Insoles crafted with cushy, algae-infused BLOOM foam for cleaner air and water. MOVEMENT: Lightweight, flexible construction moves with you. STYLE: Knee-high ruched boot with soft microfiber, slouched design, decorative strap and buckle detail, and 1 3/4 inch wedge heel. CONSCIOUSLY PACKAGED: This style is shipped in a box made with recyclable materials & soy-based inks. Knee-high boots have never felt this good. Slip on this comfy ruched boot with an easy wedge heel.",https://m.media-amazon.com/images/I/51uQGDDDtmL._AC_UL1500_.jpg,78.8,4.1,26,Clothing Shoes and Jewelry,Dr. Scholl's Shoes,"Clothing, Shoes & Jewelry Boot Shop Women Fashion Riding"
B06XSBFHG7,Healing Hands Scrubs Top 3 Pocket V-Neck 2278 Jasmin Womens Scrub Top Purple Label Scrubs for Women,"77% Polyester, 20% Rayon, 3% Spandex Imported Zipper closure Machine Wash MODERN DESIGN: Our 2278 Jasmin Scrubs Top for Women with 3 Pockets including a Zipper Pocket features a Satin Ribbon V-Neck making the top look stylish and flattering. Body length measurement (based on size small): 27 THE WORLD'S BEST FABRIC: Purple Label collection for Women's Scrubs comprises a superior polyester-rayon-spandex stretch fabric blend that is lightweight, soft, and breathable. The Scrub Tops are wrinkle-free, resist fading, are wonderfully soft and give you a great fit with superior stretch for all day long comfort. FASHION MEETS PERFORMANCE: Featuring Wash and Wear"" Scrubs for Women. Made to last. The easy-care fabric is a breeze to clean. Just throw it in the wash and it's good as new. COLORS and SIZES: Our QC ensures that all colors match across Tops and Bottoms under the Purple Label Collection Scrubs for Women. The 2278 Womens Scrubs Top is available in a multitude of colors, with Sizes from extra small to 5 XL Plus Size Scrubs. THOSE WHO CARE WEAR HEALING HANDS: We strive to provide the most durable, comfortable scrub tops and pants ever. Our luxurious fabrics are made into stylish medical uniforms that fit and flatter naturally with no added ironing, giving you the best value, you can find anywhere.",https://m.media-amazon.com/images/I/61vVb120kmS._AC_UL1500_.jpg,29.99,4.6,3644,Clothing Shoes and Jewelry,Healing Hands,"Clothing, Shoes & Jewelry Women Uniforms, Work & Safety Clothing Medical Scrub Tops"
B07R3DYMH6,"Set of 4 Irish Coffee Glass Mugs Footed 10.5 oz.Thick Wall Glass For Coffee, tea, Cappuccinos, Mulled Ciders,Hot Chocolates, Ice cream and More","Set of 12 Footed 10.5 oz. Irish coffee mug the perfect vessel for offering up your signature cappuccinos, mulled ciders, hot chocolates, and more! With its ornate stem and petite handle, this glass mug is certain to please. Plus, an elegant look and easy sipping, and its thick glass walls ensure optimal durability for excellent service life and fewer replacements.",https://m.media-amazon.com/images/I/61NZkejMUIL._AC_SL1169_.jpg,24.95,4.6,18,Home and Kitchen,LavoHome,"Home & Kitchen Kitchen & Dining Dining & Entertaining Glassware & Drinkware Cups, Mugs, & Saucers Mug Sets"
B0BNZ8Q7YT,"Foaming Soap Dispenser Thick Ceramic Foam Hand Soap Dispenser for Bathroom or Kitchen Sink, Liquid Pump Bottles for Hand soap, Body Wash, 2 Pack Black","Saving money: You can DIY foam soap which will save you hundreds of dollars ( create foam just need to dilute the regular soap with water in a ratio of 1:3 ). One pump foams the right amount of soap for a thorough hand wash. High Quality: made of thickened ceramic material, which is sturdy, durable and wear-resistant. The base has a nice heavy weight so it won’t slide or tip when used. Simple use: with 3.15 inch Wide opening and large pump button, you can refill and press very easily, even so easy for kids to use. Moreover, smoothly surface make it easy to clean and wipe Modern design: it looks modern, stylish and very cute, perfect upgrade from the standard dispensers, also will chang the look of your bathrooms. Matte black let it match most house decoration style. Multi-purpose: cute shape make it can be placed in bathroom countertop, kitchen, laundry room, office, college or any other place. Bottles has a capacity of 9 oz, perfect for refilling soap, shampoo, Hand soap, dish, shower gel etc",https://m.media-amazon.com/images/I/51AyHJIlNfL._AC_SL1500_.jpg,24.99,4.4,135,Home and Kitchen,rejomiik,Home & Kitchen Bath
B01508WQC6,"Tapestry Trading 558W90 90 in. European Lace Table Cloth, White",Features. European Lace Tablecloth. 100 Polyester. Machine Washable. Shape - Round. Dryer Dryable. Color - White. Size - 90 in.,https://m.media-amazon.com/images/I/51Po9mm+cKL._AC_.jpg,45.64,5.0,3,Home and Kitchen,Tapestry Trading,Home & Kitchen Kitchen & Dining Kitchen & Table Linens Tablecloths
B0B61RJ848,Chisander 20 Inches Grey with White Super Soft Plush Christmas Stockings Personalized Embroidered Monogrammed Xmas Stocking Hanging Ornaments for Family Holiday Xmas Party Decorations（Letter A）,"High-Quality Material: Made of high quality super soft plush cuff with embroidered letter pattern. Soft and smooth feelings, durable and not easy to break down. All the details are incredible crafted, Perfect for filling with a range of gifts Original Design: Unique monogram embroidered Christmas stockings, totally handmade stitching edge stocking. With some feelings of Christmas, symbolize blessings, innocence and romantic. Great decoration supplies to Christmas, bright up your Christmas holiday. Christmas Decoration: Beautiful letter stockings for Christmas decorations, you can hang it up on fireplace, or ornament the Christmas tree. Let the whole house be filled with a happy atmosphere. Also suitable decoration for family parties, schools, classrooms, offices, restaurant and so on. Christmas Gift：Christmas Stockings not only just a great holiday decoration can also is a fantastic Christmas gift for your family, friends, fill these personalized stockings with gifts, sweets and snacks, and they will so exciting to get this christmas stocking. Christmas Stockings Service: If you have any dissatisfaction with our Christmas Stockings, please contact us at any time, we will offer you the best solution. Your satisfaction is our main concern. It's also the best choice as a gift for Christmas, Thanksgiving festivals.",https://m.media-amazon.com/images/I/71NTloE8iML._AC_SL1500_.jpg,9.99,4.6,67,Home and Kitchen,Chisander,Home & Kitchen Seasonal Décor Stockings & Holders Stockings
B0BXD63CMC,"KatchOn, Easter Window Clings Decorations - 183 Pieces, Easter Window Decorations | Easter Window Stickers | Easter Decorations for The Home | Easter Clings for Glass Windows | Easter Window Decals","PACK OF 183 | 9 SHEETS, ADORABLE SPRING WINDOW CLINGS FOR EASTER DECORATIONS : With the coming of Easter, the festive atmosphere is getting stronger. This easter decorations window clings is a wonderful decor for holidays! The set includes 9 sheets each id 12x8 Inch easter window decals, they are designed with adorable patterns like bunny, Easter egg, carrot, flower, etc. NO GLUE, NO TAPE, NO MESS | DOUBLE SIDE PRINTED : The easter window stickers are thin static clings. No glue is needed, spray a little water on the surface before you stick it on window, water will make them stick better. It is double side printed, so you can see the image from both sides of the window. Vivid and fresh color, they look bright and beautiful than the ordinary stickers. Decorate your window with window easter decorations. BRIGHT-COLOR | HIGH-QUALITY : Cute bunnies, colorful eggs, spring flowers, faceless Dwarf, Happy Easter letters, carrots, chicks. The easter clings for windows just peel and stick these easter window clings for glass windows on any clean and smooth surface to quickly add a unique style to your nursery, living room, bathroom, bedroom or anywhere else you want a pop of color. PRE-CUT | EASY TO USE | CREATE YOUR DIYS - Each pattern of easter window clings gel is distinct, you can decorate it as picture shows or just follow your own ideas. which can creatively put together in countless combinations, and easter decorations for windows is also fun for kids and parents to DIY handcrafts, effectively promoting parent-child interaction. 100% SATISFACTION GUARANTEE - This easter clings for glass windows is made with detailed process, If in case this easter decorations pack is not satisfactory we will provide full refund. These easter window decorations are easy to use, if you are not satisfied we will provide you with full refund, no question asked. Create a festive atmosphere around you with this christian easter decorations.",https://m.media-amazon.com/images/I/819qhtegqPL._AC_SL1500_.jpg,8.97,3.8,17,Home and Kitchen,KatchOn,Home & Kitchen Home Décor Products Window Treatments Window Stickers & Films Window Stickers
B08DN5ZLV9,"Wallors Novelty Outdoor Art Decorations Wall Decor Tin Signs Queen Bee Horizontal Gold Retroation Vintages for Metal Sign 12"" x 8""",This metal wall art is made from tinplate. It's a durable material which will last in your desired location for many years. It can be easily cleaned by using a non-abrasive cleaner. We recommend for indoor use.,https://m.media-amazon.com/images/I/81vRPxnDTPL._AC_SL1500_.jpg,12.38,5.0,24,Home and Kitchen,Wallors,Home & Kitchen Home Décor Products Home Décor Accents Decorative Accessories Decorative Signs & Plaques
B0BZ4L94Y5,"SHACOS 20 Pack Artificial Blueberry Picks with Green Leaves 9.8 inch Blueberry Stems Blueberries Spray Floral Arrangement Bouquet Filler for Home Wedding Christmas Decoration (20 PCS, Blueberry)","Materials: Plastic, silk cloth. Vase not included. Powdery Blue. Blue powder may fall off slightly when you touch it. Package of 20 Pieces Fake Blueberry Stems. Individual berry stems. each stem is 9.8 inch long, each stem has about 38 berries, berry diameter is about 1/3"". Color is as pictured. Vivid and Natural Color: Artificial Blue Berry Picks with paper wrapped wire stem. The color is matte quality, not shiny. Lifelike and realistic looking, bright and natural color berries with greenery leaves. Versatile Decoration: These fake berry stems make a wonderful filler for small vases, canisters and tin buckets as table centerpiece. Blend it with flower arrangements and wreath garland, floral ornaments, use it to decorate your cake to impress your guests. Note: the berries and leaves are glued to the stems manually, so the leaves might fall off during shipment, you can just glue the green leaves by yourself.",https://m.media-amazon.com/images/I/716Th+B-DpL._AC_SL1500_.jpg,21.99,4.5,436,Home and Kitchen,SHACOS,Home & Kitchen Home Décor Products Artificial Plants & Flowers Artificial Plants & Greenery
B0C4CPL2RV,"Walensee Large Bathroom Rug (24 x 60, Black) Extra Soft and Absorbent Shaggy Bathroom Mat Machine Washable Microfiber Bath Mat for Bathroom, Non Slip Bath Mat, Luxury Bathroom Floor Mats","❤ MACHINE WASHABLE: Walensee 24 Inch x 60 Inch luxury Bath Rug can be machine washed time and time again. Easy for clearance. We use the more expensive TP Rubber backing material (not PVC or glue) which is much stronger and durable for long lasting use. ❤ PAMPER YOUR FEET: This cushioned bathmat for home is constructed with thousands of individual polyester micro fiber shags, sink your toes into the comfortable contentment of a bathtoom floor mat from threshold. Soft pile that soothes tired foot and shields toes from the cold floor. ❤ ULTRA ABSORBENT: The microfiber shag bath rug is much more absorbant than cotton bath rugs. High-pile helps save your floors from dripping water while you’re stepping out of the bath, shower, spa, or getting ready by the sink. Moisture is trapped in the mat’s deep pile, allowing the rug to dry quickly and cleanly. ❤ NON-SLIP: The nonslip room mat for floor is backed with TP Rubber to prevent shifting and skidding. Please place the non-skid toilet rug on DRY SMOOTH FLOOR only. Water under the bathroomrug can cause it to slip. Keep bottom of the bath rug dry. ❤ CREATE YOUR BATHROOMS OASIS: With many different solid colors and sizes to choose from, you will easily find rugs to coordinate with your decor! We stand by our products 100% and want our customers to love them as much as we do!",https://m.media-amazon.com/images/I/61PYg8i0C5L._AC_SL1000_.jpg,41.99,4.3,31438,Home and Kitchen,Walensee,Home & Kitchen Bath Bath Rugs
B09B2ZX2D5,"FESS Products 10.75""x 8"" Wooden Storage Box for home with Hinged Lid - Decorative boxes with lids - Store Jewelry, Toys, and Large Premium Keepsakes in a Beautiful Decorative Crate (Black Matte)","FESS products wooden box made durable. The lid is hinged and opens easily You can easily fit 4 ounce jars in this box, it's really useful for saving precious photographs, keepsakes and important memories. This is a great box for discretely hiding something in your own home. FESS product large wooden boxes are perfect for gift on any occasion.",https://m.media-amazon.com/images/I/61Q5wODf+6L._AC_SL1500_.jpg,34.95,5.0,7,Home and Kitchen,FESS Products,Home & Kitchen Home Décor Products Home Décor Accents Decorative Accessories Decorative Boxes
B07J6TFHSD,Tache Queen Patchwork Quilt - Ivy - Lightweight Floral Turquoise Blue Aqua Patchwork Queen Size Quilts for Bed Reversible Quilted Coverlet Quilt Queen Size,"Cover: 100% Polyester, Filling:50% Cotton,50% Polyester Soft, light weight and still warm quilts for queen size bed - The quilt set includes a quilted coverlet and two pillow shams, perfect for a queen size quilts for bed This patchwork quilts queen size coverlet weighs less than most bedding sets. It's light weight makes it a very convenient and affordable alternative to more heavy quilts and comforters sets. Use as a thin spring and summer quilt or layer as a decorative bedspread. Features a beautiful print patchwork design, with floral and damask geometric Pattern / Floral Reverse Side in shades of Turquoise blue, gold and black, and white Washing Instructions Dry Clean or Machine Wash Cold Do Not Tumble Dry Use Mild Detergent Do Not Bleach Do Not Iron Available Sizes King : 106 x 98 Inch, Two Pillow Sham 20 x 36 Inch Queen: 94 x 94 Inch, Two Pillow Shams 20 x 30 Inch",https://m.media-amazon.com/images/I/814fKnN3agL._AC_SL1500_.jpg,54.67,4.3,199,Home and Kitchen,Tache Home Fashion,Home & Kitchen Bedding Quilts & Sets Quilt Sets
B09PQRW951,"Wood Coasters with Holder, GOH DODD Wooden Drink Coasters Set, Modern Epoxy Coasters, Suitable for Most Kinds of Cups, 6 Pieces, Square","HANDCRAFTED COASTERS: Made of natural cedar wood and epoxy resin, each coaster was given a unique signature by nature. GREAT GIFT: Everybody who cares about their furniture needs drink coasters. The beautiful coasters make a great housewarming, hostess, birthday, or holiday gift for mom, dad, him, her, man and woman. EASY TO CLEAN: Clean these coasters with a damp cloth and towel dry for best results PERFECT SIZE: 3.5"" size accommodates most cups and drinking containers. CONVENIENCE HOLDER: You don't need to bear coasters placed everywhere. While not in use, you can put them directly into the holder, which will make your home tidier.",https://m.media-amazon.com/images/I/61vnVpAHUyL._AC_SL1500_.jpg,28.99,4.6,311,Home and Kitchen,GOH DODD,Home & Kitchen Kitchen & Dining Dining & Entertaining Bar Tools & Drinkware Bar Tools Coasters
B07191WQJ1,"Woven Embroidery Look Floral Design Vinyl Flannel Back Tablecloth (Green, 52"" x 52"" Square)","Elrene tablecloth is 100% vinyl with 100% polyester flannel backing. Beautiful floral designs that appear to be woven embroidered upholstery gives the feeling of a warm sunny summer day to any room or area. Vinyl tablecloth allows for easy care - just wipe clean with damp cloth or sponge. Comes in green, magenta or dark cyan.",https://m.media-amazon.com/images/I/815Sfq2BrNL._AC_SL1500_.jpg,15.25,4.0,199,Home and Kitchen,Elrene Home Fashions,Home & Kitchen Kitchen & Dining Kitchen & Table Linens Tablecloths
B0C2Q5N711,"Lanieney Xmas Animals Throw Pillow Covers Lovely Kitten Cat Puppy Dog with Christmas Hat Cat Theme Gift Decoration Pillow Cases Home Decor Square Cushion Cover 18""x18""Set of 4","Velvet FEATURES & CRAFTSMANSHIP: Our Christmas pillow covers have exquisite embroidery craftsmanship with raised patterns and exquisite touch, and with pretty hanging ball and snowflake designs, creates stronger Christmas atmosphere to your home, and comfort all your autumn and winter. SKIN-FRIENDLY MATERIAL: The Christmas throw pillow covers feature premium velvet materials, comfortable and well made, so you won't need to worry about close contact with your skin, you could keep using them for next Christmas. The decorative square pillowcases are also super soft and skin-friendly, they will not fade or fray. Note:18"" x 18"" / 45cm x 45cm, the Christmas outdoor pillow covers will have a 0.5-1cm deviation. WIDE APPLICATION: The velvet pillow covers perfect match for your holiday decoration. Also suitable for indoor and outdoor use. Meanwhile, the pillowcase is a perfect choice for your living room, bedroom, office, sofa, couch, car, or seat. It’s perfect for family entertainment, and also a great affordable gift choice for your kids, family, and friends. EASY INSERTION & REPLACEMENT: The Christmas cushion covers with color coordinated hidden zipper design, which is super easy to insert and replacement of pillow inserts, and auto-locking stitches allow the pillow can be shoved in without fraying or tearing. WASHING TIPS: Machine washable. Wash in cold water using a gentle wash cycle and tumble dry on low heat. This can get superb colorfastness because of their reactive dye. Do not iron or bleach.",https://m.media-amazon.com/images/I/81uIJTOC9uL._AC_SL1500_.jpg,5.99,5.0,5,Home and Kitchen,Lanieney,"Home & Kitchen Bedding Decorative Pillows, Inserts & Covers Throw Pillow Covers"
B0B7XLFVSP,"WSICSE 14Pcs Portable Stainless Steel Toothpicks Pocket Set, Reusable Metal Toothpicks for Outdoor Picnic Camping Traveling","Specifications: Color: SliverPackage Size: 5.91x3.94x0.67inchMaterial: The toothpicks are made of stainless steel Features: 1.The stainless steel toothpick is reusable with proper strength, sturdy and not easy to break, convenient to carry and store, can serve you for a long time and bring you lots of convenience.2.The sealing ring design and the tight lid keep the air out completely and prevent corrosion of the interior, Waterproof O-ring increases the sealing performance to keep it dry and clean.3.Straight toothpick can quickly clean front teeth,the round hook allows you to easily clean the dirt hidden in the teeth that is difficult to remove,the square hook is a universal head, suitable for cleaning between teeth at various angles or depths. Package Includes: 14x Stainless Steel toothpicks1 x Toothpick holder with key rings",https://m.media-amazon.com/images/I/71iio5kRlwL._AC_SL1500_.jpg,9.99,4.3,555,Home and Kitchen,WSICSE,Home & Kitchen Kitchen & Dining Kitchen Utensils & Gadgets Kitchen Accessories Toothpick Holders
B08TH5QLP5,Aluminum 11inch Heat Diffuser Plate For Gas Stove Induction Electric Stovestovetop Gas stove Top Iarge,Curated product from Home_and_Kitchen.,https://m.media-amazon.com/images/I/61qS2MLTFOL._AC_SL1500_.jpg,32.8,3.9,8,Home and Kitchen,SENZHIYA,Home & Kitchen Kitchen & Dining Small Appliances Countertop Burners
B07RVCBDL5,"Goodbath Space Blackout Curtains, Outer Space Galaxy Stars Window Treatment Drapes for Living Room Bedroom Hotel,2 Panels, 52W x 63L","Design: space star universe theme Materila: Blackout curtains is made of polyester,grommet is made of stainless steel ,easy to install and slide Functions: Sunshine blackout, noise reduce, temperature balance, privocy protect , can be used for living room bedroom kitchen office and hotel Package: Includes 2 blackout curtain panels, each panel measuring 52"" wide 63""long, 52"" wide 84""long and 52"" wide 95""long with 8 grommets Care: Machine washable or hand washable in cold water",https://m.media-amazon.com/images/I/71BVsQ4wrXL._AC_SL1030_.jpg,39.99,4.5,80,Home and Kitchen,Goodbath,Home & Kitchen Home Décor Products Window Treatments Curtains & Drapes Panels
B07N9773T4,"ArtWall Elena Ray Om Mandala Gallery-Wrapped Canvas Art, 14 by 14-Inch","Art Wall, Elena Ray 'Om Mandala' Gallery-Wrapped Canvas is a high-quality canvas print example of mixed media art depicting an ""Om"" symbol. A serene and spiritual addition to your home or office. Elena Ray creates mixed media art exploring psychological revelation, spiritual unfolding, healing and energy. Her photography is focused on the holistic arts and the people who practice them. She dabbles in Chinese calligraphy and makes Wabi-sabi collages. Her work can be seen in many publications including those by Hay House Publishing, Sounds True publications and Spirituality and Health Magazine. Elena is a yoga student and desert soul. She works and lives in Joshua Tree, California with her husband and their two cats.",https://m.media-amazon.com/images/I/91tjJ-+Ox5L._AC_SL1500_.jpg,33.12,4.6,11,Home and Kitchen,ArtWall,Home & Kitchen Wall Art Posters & Prints
B07WJFQ8LS,"Wedding Guest Book, Y&K Homish, Drop Top Frame Sign in Book,Wooden Guest Book Hearts, Rustic Wedding Decorations and The Wedding Gift (White+Natural)","Product description Color:White+Red The following is included in the package: - 15 inch x 13 inch white heart wooden guest book frame with acrylic glass - Natural plywood stand - White Satin Pouch to place the hearts in 65 - Wooden hearts (  Sign hearts) 1.37 inch x 1.26 inch + 40-Wooden hearts (Decoration hearts) 0.67 inch X 0.67 inch Product Features: A stand to place the frame on at the day of the event and to display at home Metal hooks to hang on your wall, never forget the love ones that came Frame accomadates up to 55 hearts and 10 extra hearts for any mistakes Does your event have more than 55 Guest? We have many customers that purchase 2!",https://m.media-amazon.com/images/I/71jaHM6Fb2L._AC_SL1200_.jpg,32.9,4.6,322,Home and Kitchen,Y&K Molish,Home & Kitchen Event & Party Supplies Decorations Guestbooks
B08QYSNT4R,"Silicone Soap Dish with Drain, 2 Pcs Bar Soap Holder for Shower/Bathroom, Self Draining Waterfall Soap Tray to Keep Soap Dry Clean","Silicone Soap Dish with Drain, 2 Pcs Bar Soap Holder for Shower/Bathroom, Self Draining Waterfall Soap Tray to Keep Soap Dry Clean Soap Dish with Drain Make Life Simple Self-Draining Design Automatically drain the excess water back into the sink when you place them on the edge. Keeps soap dry and clean. Easy to Clean Silicone is soft and flexible, outstanding texture, bar soap dish easy to clean and has a sharp, contemporary decorative style! Prevent Mildew Because soap dish for shower is made of high-quality silicone, it will not get wet and moldy. Durable silicone soap dish with drain Soap dish drain is durable for many years of use! These soap holders are going to be handy counter organizers! Unlike some plastic soap case which is easy to splinter into little pieces the day after you get it home. kids can rest assured to use it. Since it is soft and durable, you never worry about it will break or hurt other items. Anti-slip self draining soap dish The anti-slip silicone salient points provide plenty of friction, the soap dish doesn't fall into the sink and neither does the soap.Anti-skid on the back for more Stable Package Contents: Pack of 2 Soap Dishes",https://m.media-amazon.com/images/I/51W83RlwH8L._AC_SL1414_.jpg,9.7,2.9,4,Home and Kitchen,HLZ,Home & Kitchen Bath Bathroom Accessories Holders & Dispensers Soap Dishes
B07KC28CKX,"LUCKYHOUSEHOME Checked Lattice Tablecloth Embroidery Tassel Table Cover for Home Kitchen Dinning Tabletop Rectangle 55 x 70 Inch, Gray","Different sizes are available  Pattern: Elegance solid embroidery lattice pattern & good protection for the table Home Decoration: Suitable for most tables, ideal for patio, gardens, kitchen room, dining room, family parties, banquets and other occasions Care Instructions: Machine wash cold delicate, hand wash best; lay flat to dry. Please click ""LUCKYHOUSEHOME"" to see more tablecloths",https://m.media-amazon.com/images/I/81eVIvEvONL._AC_SL1500_.jpg,16.99,4.6,1488,Home and Kitchen,LUCKYHOUSEHOME,Home & Kitchen Kitchen & Dining Kitchen & Table Linens Tablecloths
B084TV74GT,Proud Parent Of a Chow Chow,"Chow Chow Coffee Mug makes for elegant gifts that speaks of a person's uniqueness. Don't sweat over the right gifts! This mug is beautiful as it is durable; a great gift to give a loved one. The universal acceptance of a coffee mug as gift makes it a preferred gift choice, and this mug, is an excellent gift to the one you care about. Aside it being a universal gift item, you take the bar notches higher by filling the mugs with coffee samples, special tea samples for their enjoyment and even candy. Isn't that sweet! Wouldn't you want to make that special person happy? Get the Mug before it runs out!",https://m.media-amazon.com/images/I/513XL8zA2AL._AC_SL1200_.jpg,12.95,2.0,1,Home and Kitchen,Generic,Home & Kitchen Kitchen & Dining Dining & Entertaining Novelty Drinkware Coffee Mugs
B089NRXL87,"TangDepot, Set of 2 Soft Plush Velvet Big Striped Corduroy Solid Decorative Throw Pillow Covers, Square Pillow Covers - (18""x18"" 2 Pieces, A10 Navy Blue)","Quantity, Quality and Trademark: Pack of 2 TangDepot decorative throw pillow cover (NOTE: ONLY COVERS, INSERT NOT INCLUDED). TangDepot is a registered trademark. We bring you High Quality Soft Velvet Big Striped Corduroy Solid Pillow Covers at an Affordable Price. We use the most advanced sewing technology to produce the ideal throw pillow covers. It's made to last and doesn't lose its luxurious softness even after months of use. Size, Color & Design: 18""x18"", A10 Navy Blue. Both the front and the back have the same color and velvet fabric. We use a Higher-than-industry standard production process. Each pillow case is 0.2 inch - 0.4 inch larger than the indicated size. CHOOSE THE RIGHT SIZE: 18x18 inch pillow covers / cousion covers are suitable for 18x18 inch (about 45cm x 45cm) pillow cores and 17x17 inch pillow cores, whether full or not full pillow inners Soft, Textured and Durable: luxurious plush velvet material for super softness. Made with color matching invisible zipper and allows easy insertion and removal of pillow inserts. All fabric edges are sewn with zigzag overlock stitch to prevent fray and ensure durability. EASY CARE - Machine wash cold, tumble dry on low temperature. Avoid direct heat. No Iron. Wash water does not fade. BROAD USE: TangDepot offer the most size options on the web, from 12 inch square to 28 inch square, and Rectangular lumbar pillow covers for a variety of application scenarios. The fabulous colors and embossed decorative throw pillow covers lets you effortlessly add a touch of luxury to your home decor. Feeling to your rooms making it the perfect decoration for your sofa, couch and bed. It also perfect gift for your family and friends. LIFETIME GUARANTEE - TangDepot provide the absolute best customer service in the industry, 100% customer satisfaction guaranteed or full refund. We love our customers and take pride in providing a pleasant shopping experience. If for any reason you decide that pillow covers you ordered are not for you, contact us and receive a 100% money-back refund, no questions asked (in fact, you do not even have to return the pillow covers). Try one and you will fall in love with this soft throw pillow cover",https://m.media-amazon.com/images/I/91aCu-0jnPL._AC_SL1500_.jpg,12.86,4.6,1644,Home and Kitchen,TangDepot,"Home & Kitchen Bedding Decorative Pillows, Inserts & Covers Throw Pillow Covers"
B00SNWVP9W,Animal Print Area Rug Design Skinz 73 Black (5 Feet X 7 Feet),"High quality animal print, tiger zebra leopard, design, 5ft by 7ft, black brown beige area rug. Made in Indonesia from 100% olefin (polypropylene) that is durable and stain resistant. Easy to clean and vacuum (can be steam cleaned or spot cleaned with a diluted dish soap solution). Will serve as a beautiful focal point in your hallway, entryway, kitchen. Will upgrade the look and feel of your home living room bedroom. Unique design that would look great on any type of flooring.",https://m.media-amazon.com/images/I/81ftGx23VfL._AC_SL1500_.jpg,99.0,4.3,40,Home and Kitchen,Skinz,"Home & Kitchen Home Décor Products Rugs, Pads & Protectors Area Rugs"
B09TKVLCTV,Leaveland Throw Pillowcase 12 x 20 Tri Color Brown Cowhide Print Throw Pillow Cover,"Contain: 1PC Cushion Cover/Shell, No Insert or Filler Invisible/Hidden Zipper in One Side This exotic design cushion cover will embellish your bed or cushion magically, finally enlightening your whole room tastes by a spark second. Our cushion cover were designed by the real artists, made from extraordinary quality fabrics, with vivid colors and durable. Notice: 1. THE REAL MERCHANDISE U WILL RECEIVE MIGHT BE SLIGHTLY DIFFERENT WITH THE PHOTO PRESENTED DESIGN due to the fabric material trimming procedure 2. DUE TO HAND CUT AND HAND CONTROLLED SEWING, THE SIZE WITH BIGGER OR SMALLER 5% IS PERMITTED.",https://m.media-amazon.com/images/I/612vhwCjpML._AC_SL1500_.jpg,9.99,3.8,1529,Home and Kitchen,Leaveland,"Home & Kitchen Bedding Decorative Pillows, Inserts & Covers Throw Pillow Covers"
B0BXCZTWV2,"CELBERENA Shower Curtain Liner 72x80 Inch, PEVA Shower Curtain Waterproof Bathroom Decor Farmhouse Plastic Shower Curtains Set with 12 Pack Plastic Hooks","✚ Premium Quality: Shower curtain liner is made of PEVA eco-friendly material with rust proof grommets and no chemical odor. The western shower curtain has no folds and comes with hooks for easy installation. ✚ Simple Installation: Plastic shower curtains for bathroom measure 72x80 inches and come with 12 hooks. Fun shower curtain are made of environmentally friendly, non-toxic, and PVC-free material that is soft and flexible, making them comfortable for use in bathroom showers, bath tubs, and even classic hotel settings. ✚ Water Repellent: Shower curtain liner has a smooth and professional design that is waterproof and repels water droplets, allowing water to roll off the surface quickly and keep your bathroom dry and shower curtain clear. ✚ Stylish Design: Peva shower curtains feature a gorgeous design of large squares in black, white, and gray that is modern, simple, and stylish. The high-quality metal buttonholes extend the service life of the curtain. ✚ Easy to Clean: Waterproof shower curtains are easy to clean. Simply rinse them with water and wipe off water stains. vinyl shower curtain should not be soaked in hot water or bleached. Frosted shower curtain in a ventilated place to dry and wash them gently without vigorously rubbing or wringing them out.",https://m.media-amazon.com/images/I/712bA11ztSL._AC_SL1200_.jpg,11.99,4.4,16,Home and Kitchen,CELBERENA,"Home & Kitchen Bath Bathroom Accessories Shower Curtains, Hooks & Liners Shower Curtain Liners"
B07QZHQTVJ,Whirlpool W10918546 Igniter,Whirlpool Igniter,https://m.media-amazon.com/images/I/31o9GyU6jnL._AC_.jpg,25.07,3.8,12,Appliances,Whirlpool,Appliances Parts & Accessories
B07W42P978,WD12X10327 Rack Roller and stud assembly Kit (4 Pack) by AMI PARTS Replaces AP4980629 PS3486910 1811003,"【PARTS NUMBER】The WD12X10327 dishwasher top rack wheels and stud assembly Kit （4 pcs） 【SCOPE OF APPLICATION】The dishwasher works with most top name brands,If you are not sure if part is correct, ask us in Customer questions & answers section or visiting the AMI PARTS storefront.We’re happy to help ensure you select the correct part for your Rack Roller and stud 【REPLACES PART】1811003, AP4980629, WD12X0330, WD12X0356, WD12X0357, WD12X0383, WD12X0385, WD12X10327, WD12X330, WD12X356, WD12X357, WD12X383, WD12X385 【FIXES SYMPTOMS】Door won’t close | Not cleaning dishes properly | Noisy | Door latch failure 【QUALITY WARRANTY】The replacement part is made from durable high quality material and well-tested by manufacturer.For any reason you’re not satisfied,you can ask for a replacement or full refund",https://m.media-amazon.com/images/I/518TioLNs7L._AC_SL1000_.jpg,8.99,4.6,323,Appliances,AMI PARTS,Appliances Parts & Accessories Dishwasher Parts & Accessories
B078ZF9JS1,SAMSUNG Cap-Handle Sub Fre L;Nw2 (DA67-02639A),"Samsung Assembly Cap Handle-Sub Freezer Left NW2-FDR,INO . Manufacturer's Product Number: SAM-DA97-11912L",https://m.media-amazon.com/images/I/41tc20mghAL._AC_SL1000_.jpg,53.68,4.0,12,Appliances,SAMSUNG,Appliances Parts & Accessories Refrigerator Parts & Accessories Handles
B09QT3TJBZ,WP67003405 67003405 Door Pivot Block - Compatible Kenmore KitchenAid Maytag Whirlpool Refrigerator - Replaces AP6010352 8208254 PS11743531 - Quick DIY Repair Solution,"WP67003405 Pivot Block For Vernicle Mullion Strip On Door - A high-quality exact equivalent for part numbers AP6010352, 67003405, 1025322, 12698403, 67003194, 8208254, and PS11743531. Compatibility with major brands - WP67003405 Door Guide is compatible with Whirlpool, Amana, Dacor, Gaggenau, Hardwick, Jenn-Air, Kenmore, KitchenAid, and Maytag. Quick DIY repair - WP67003405 Refrigerator Door Guide Pivot Block Replacement will help if your appliance door doesn't open or close. Wear work gloves to protect your hands during the repair process. Attentive support - If you are uncertain about whether the block fits your refrigerator, we will help. We generally put forth a valiant effort to guarantee you are totally happy with your purchase. High-quality elements - WP67003405 67003405 Pivot Block Replacement meets or exceeds all manufacturer specifications. We provide a 365-day return policy and guarantee 100% money back.",https://m.media-amazon.com/images/I/41U-8ZMCOQL._AC_SL1500_.jpg,16.52,4.1,4,Appliances,PartsBroz,Appliances Parts & Accessories
B01N638EFK,Shark XHF350 Navigator Lift Away NV350 NV351 NV352 Replacement HEPA Filter- by Allergy Be Gone,Curated product from Appliances.,https://m.media-amazon.com/images/I/61Ay4k3blhL._AC_SL1175_.jpg,6.29,4.0,8,Appliances,Allergy Be Gone,
B071H2X69R,"Chenhon Fridge Handle Cover-Catches Drips,Door Cloth Protector,(1 Pair) (Green)","Specification: Refrigerator Handle Cover Length: 27cm(10.63"")  Refrigerator Handle Cover Flat wide:13cm(5.1"")  Fastener: Velcro Material: Fabric Package include: 1 x pair  Kitchen Appliance Handle Covers",https://m.media-amazon.com/images/I/41-6j3GYbrL._AC_.jpg,8.89,4.2,43,Appliances,Chenhon,Appliances Parts & Accessories
B09XXFX5SK,"MLGB Stainless Steel Brushed Pattern Dishwasher Magnet Cover Panel Decal Home Appliance Art, Stainless Steel Fridge Door Cover Decals Magnetic, Black, Mobile Magnetic 23"" x 26""","Stainless Steel Brushed Pattern Magnetic Dishwasher Panel Covers allow you to easily transform your kitchen as the seasons change. You can instantly get rid of outdated and/or mismatched appliances, will give your kitchen a refreshing look. MATERIAL: Vinyl + rubber magnet Occasion: Magnet Dishwasher Cover Decor dishwasher covers and any metal device surface with magnetism. 【Kitchen Dishwasher Covers SIZE】S - 23 W x 17 H inches; 58.5 W x 43 H cm;L - 23 W x 26 H inches; 58.5 W x 66 H cm; Attention: Just ensure that your dishwasher is magnetic before ordering the dishwasher cover magnet Due to the inconsistent calibration of the monitor, the colors on the computer monitor may be slightly different. Quality service: If you have any questions or questions, please feel free to contact us and we will reply within 24 hours to provide you with a satisfactory plan.",https://m.media-amazon.com/images/I/5192umZNLpL._AC_SL1080_.jpg,38.99,3.3,22,Appliances,MLGB,Appliances Parts & Accessories Dishwasher Parts & Accessories Hoses
B08G5C5MV5,PS11738120 - ClimaTek Upgraded Replacement for Kenmore Refrigerator Ice Maker,This is a brand new ClimaTek Refrigerator Ice Maker,https://m.media-amazon.com/images/I/414rnO8oMNL.jpg,79.95,3.3,4,Appliances,ClimaTek,Appliances Parts & Accessories Refrigerator Parts & Accessories Ice Makers
B01GV9QHBO,Samsung DC97-16350K Assy Damper,This is an authorized aftermarket product. Fits with various Samsung brand models. It has a oem part # DC97-16350K.,https://m.media-amazon.com/images/I/51zyrTJGiSL._AC_SL1500_.jpg,54.27,4.1,11,Appliances,SAMSUNG,Appliances Parts & Accessories Dryer Parts & Accessories Replacement Parts
B095BZ87FC,Homa Yellow Flower Bouquet Floral Dishwasher Magnet，Green Border Accent with Lemons Sticker Refrigerator Magnetic Cover Panel Decal 23 W x 17 H,"Customize your dishwasher with this magnet that features a beautiful bouquet of yellow flowers surrounded by a green boarder accented with lemons, it will make u happy looking at it in ur kitchen.     Size:  23x17inch / 58.5x43cm;   23x26inch / 58.5x83cm. Easy installation:  Peel it! Stick it! Love it! Simply stick our smudge-proof and fingerprint-resistant stainless steel dishwasher panel on the front face of your dishwasher. You can use it on your dishwasher as well as on the refrigerator, Mark:  Make sure your appliance has a metallic surface which attracts magnets. As a gift for your relatives and friends is very appropriate! Service: If you have any questions about the products, please feel free to contact us and we will deal with the issue immediately and carefully until you are satisfied, thanks.",https://m.media-amazon.com/images/I/71kk+yevvbS._AC_SL1500_.jpg,34.99,4.1,14,Appliances,Homa,Appliances Parts & Accessories Dryer Parts & Accessories Replacement Parts
B00GS2GI1E,WB32X107 - Kenmore Aftermarket Replacement Stove Range Oven Drip Bowl Pan,This is a Brand New Aftermarket Replacement Drip Bowl Pan,https://m.media-amazon.com/images/I/51lnx6BosxL._SL1000_.jpg,7.49,4.7,10,Appliances,Kenmore,Appliances Parts & Accessories Range Parts & Accessories Drip Pans
B073RRFQKP,Whirlpool W10894766 Timer,This is a genuine replacement part. The model number and name for the following item is: Whirlpool W10894766 Timer,https://m.media-amazon.com/images/I/81gfDRPvO2L._AC_SL1500_.jpg,99.84,4.5,80,Appliances,Whirlpool,Appliances Parts & Accessories Dryer Parts & Accessories Replacement Parts
B0BLZQYHPT,349241T Dryer Drum Roller Kit Whirlpool Kenmore Amana AP3098345 PS347627 Support Part Replacement 110.62832101 110.71402310 WED4815EW0 WED4815EW1 WED49STBW1 WED7000DW0 MEDC465HW0 RED4516FW0 RED4640YQ1,"💡 Drum Roller 349241t - An equivalent for parts AP3098345, 26000349241, 337089, 3389901, 3397588, 3397590, 340352, 3436, 349241, 349241TVP, 661562, 8170, 8205, 99989678, 99989679, AH347627, EA347627, K34-895, PS347627. Roller 349241t Kit is compatible with Whirlpool, Maytag, KitchenAid, Jenn-Air, Amana, Magic Chef, Admiral, Norge, Roper appliances. The Part 349241t is designed to support the drum and help it rotate smoothly during operation. Kit fits hundred of models and can be easily install. 🔧 DIY eTips Included - Not sure how to replace the Dryer Drum Roller 349241t? Helpful information can be found on the page below. Scroll down to get more repair tips. Acquire valuable skills during the DIY repair project. Whirlpool Drum Roller 349241t will help if your appliance does not tumble, is noisy, doesn't start, there's no heat or not enough heat, or marks are left on clothes. To complete this repair, you will require a putty knife, a Phillips screwdriver, and a 5/16 nut driver. 💡 The Whirlpool Dryer Drum Roller 349241t Kit helps the dryer to rotate correctly by holding up the drum cylinder. Part Number 349241t consists of two drum rollers, four tri-rings, and two palnut (or retaining washer). Replacing worn-out drum rollers with the Kenmore 349241t Part can help extend the life of your dryer and prevent damage to other components. 349241T Drum Roller meets or exceeds all manufacturer specifications. We provide a lifetime warranty and guarantee 100% money back. 💡 How many drum rollers does a Whirlpool dryer have? The number of drum rollers in a Whirlpool dryer depends on the specific model of the dryer. However, most dryers typically have 2 drum support rollers, which are located at the rear of the dryer drum. These rollers help support the weight of the drum and allow it to rotate smoothly during operation. Some newer models of Whirlpool dryers may have 4 drum rollers instead of 2, which can provide additional support and stability to the dryer drum. 💡 Why do dryer rollers wear out? Dryer rollers can wear out due to factors such as frequent use of the dryer, lack of lubrication, overloading, debris and dirt buildup, and poor maintenance. Over time, the dryer drum's rotation on the rollers can create friction and wear them down. Regular lubrication is necessary to prevent excessive friction and premature wear and tear. To make your dryer rollers last longer, it's important to do routine maintenance and fix any problems in time.",https://m.media-amazon.com/images/I/61VCbCyimlL._AC_SL1500_.jpg,7.95,4.3,122,Appliances,PartsBroz,Appliances Parts & Accessories Dryer Parts & Accessories Replacement Parts
B01AQHSNSM,SAMSUNG DA97-11092B Genuine OEM Ice Maker Assembly for SAMSUNG Refrigerators,This high quality Genuine OEM Samsung Ice Maker Assembly (DA97-11092B) includes the ice mold and the control device. The Ice Maker Assembly . Repair your appliance with confidence when you choose Genuine Samsung Factory Parts & Accessories. Please be aware that it is recommended to disconnect the appliance from all utilities prior to installation of the Ice Maker Assembly.,https://m.media-amazon.com/images/I/81VxZ6ycz0L._AC_SL1500_.jpg,138.0,4.6,579,Appliances,SAMSUNG,Appliances Parts & Accessories Refrigerator Parts & Accessories Ice Makers
B0BC1BPL8P,Dryer Heating Element Replace For Maytag Bravos 400 2000 3000 5000 9000 Series MEDE500VW1 MEDE300VW1 MEDB850WQ0 MEDB400VQ0 MED3500FW0 MEDB800VQ0 MED7000XG0 MEDB725BW0 MEDB200VQ0 With Thermostat,"Package included: All Dryer Electric Heating Element and Dryer Thermal Fuse as picture Compatibility: this is aftermarket replace for electric dryer Maytag . Model Compatibility: Fit for Maytag MEDE500VW1 MEDE300VW1 MEDB850WQ0 MEDB400VQ0 MED3500FW0 MEDB800VQ0 MED7000XG0 MEDB725BW0 MEDB200VQ0 MEDB850WQ1 MEDB850WR0 MEDB850WR1 MEDB850YG0 MEDB850YG1 MEDB850YG2 MEDB850YW0 MEDB850YW1 MEDB850YW2 MEDB880BW0 MEDB950YG0 MEDE300VF2 MED3000BW0 MED4000BW0 MED4200BG0 MED4200BW0 MED5100DC1 MED5100DW1 MED5500FC0 MED5500FW0 MED6000AG0 MED6000AW0 MEDE301YG0 MEDE301YW0 MEDE400XR0 MEDE400XW0 MEDE500VF0 MEDE500VF1 MEDE500VP0 MEDE500VP1 MEDE500VW0 MEDE300VW0 MEDE500VW2 MEDE500WJ0 MEDE500WR0 MEDE900VJ0 MEDE900VJ1 MEDE900VW0 MEDE900VW1 MEDZ400TQ1 MEDZ600TB1 MEDZ600TK1 MEDZ600TW1 Identify the model: USE Ctrl + F to SEARCH your model number inside the Product Description Note: If you are not sure about the compatibility please contact us for advice. we will solve your problem within 24 hours, Money back guarantee: within 30 days from the date of purchase. We are confident in the quality of our part, and you can be confident in us. If you are not satisfied with our product, a refund will be made.",https://m.media-amazon.com/images/I/81Mw3FzMSYL._AC_SL1500_.jpg,36.95,3.3,9,Appliances,AZ4U,Appliances Parts & Accessories Dryer Parts & Accessories Replacement Parts
B08FDG1KPC,UPGRADED 280148 Thermal Cut Off Kit with 8557403 Thermostat and 8318314 Thermal Fuse Replacement for AP3874047 280148VP 1175772 PS991443,"SWEETJOB 280148 Dryer Thermal Fuse ( 8318314) & High-Limit Thermostat Kit( 8557403) . Replace Parts: 280148VP,1175772,AP3874047,PS991443,EAP991443. What it is: Cenipar AGM73610701 Washer Magnetic Door Plunger Kit.Includes magnetic door plunger, spring, and instruction sheet. Problem Not drying properly, will not start, no heat, not enough heat,too hot, drying ends too soon. Tools : Ratchet and screwdriver. DOES THIS FIT YOU MODEL? Model Cross Reference This part 280148 works with all models listed.And there are many models not listed, if you want to know whether it is suitable for your dryer model, please communicate with us in time. WED9450WL0,WED9450WR0,WED9450WW0,WED94HEXL0,WED94HEXR0,WED94HEXW0,WED95HEXL0,WED95HEXR0,WED95HEXW0,MED6000XG0,MED6000XR0,MED6000XW0,MED7000XG0,MED7000XR0,MED7000XW0,WED7300XW0,WED7400XW0,etc. Why choose us: Our perfect design, transparent quotation, high-efficient management, high-quality craft, diligently establish ""ideal healthy room space"" for you, will be the best reason that you choose us. Please note: Please inform in time when you need help,and we will try our best to deal with it for you.",https://m.media-amazon.com/images/I/71CJtzV0bqL._AC_SL1500_.jpg,17.68,4.1,50,Appliances,SWEETJOB,Appliances Parts & Accessories Dryer Parts & Accessories Replacement Parts
B08CNMM3L5,ClimaTek Washing Machine Drain Pump Fits Maytag W10727777,This is a brand new ClimaTek Washing Machine Drain Pump,https://m.media-amazon.com/images/I/41SwBSq6R-L._AC_.jpg,64.5,4.6,118,Appliances,ClimaTek,Appliances Parts & Accessories Washer Parts & Accessories Drain Pumps
B017086GMK,"Aluminum HVAC Duct Pipe Transition Fitting, 6-In. Round","3-1/4"" x 10"" to round transition. RANGE HOOD TRANSITIONS Aluminum Dia In=6",https://m.media-amazon.com/images/I/516srv7uAdL._AC_.jpg,22.68,4.3,12,Appliances,Lambro,"Appliances Ranges, Ovens & Cooktops Range Hoods"
B00YD3JBAK,"3-Pack Replacement for KitchenAid KSSC36FMS Refrigerator Water Filter - Compatible with KitchenAid 4396508, 4396509, 4396510 Fridge Water Filter Cartridge","This is a Denali Pure Brand replacement part, NOT an OEM product. All mentions of brand names or model descriptions are made strictly to illustrate compatibility. All brand names and logos are registered trademarks of their respective owners. This product is not affiliated with any OEM brands and is not covered under any warranties offered by the original manufacturers. Any warranties for this product are offered solely by Denali Pure.",https://m.media-amazon.com/images/I/715MrsR4SKL._AC_SL1500_.jpg,29.99,1.0,1,Appliances,Upstart Battery,Appliances Parts & Accessories Refrigerator Parts & Accessories Water Filters
B07Q24SNJ2,Abutilon Dishwasher Pump Motor W10510667 for Whirlpool W11032770,Curated product from Appliances.,https://m.media-amazon.com/images/I/71KckpEubBL._AC_SL1500_.jpg,113.5,4.7,19,Appliances,Abutilon,Appliances Parts & Accessories Washer Parts & Accessories Drain Pumps
B00NXX7YDW,"Mccall/Kolpak McCall/Kolpak 22525-1075 Gasket 36.25""X78"" Mccall, Kolpak, Vollrath 25236",22525-1075,https://m.media-amazon.com/images/I/31S24nqkJxL._AC_.jpg,36.95,4.0,2,Appliances,Vollrath,Appliances Parts & Accessories Refrigerator Parts & Accessories
B004Z4T436,"Whirlpool W10195416 Wheel-Dish Rack, Black","Product Description This is a Genuine Replacement Part ,The Model Number and Name for the Following Item: Whirlpool (WHIRA) W10195416 Wheel - Dish rack. From the Manufacturer This is a Genuine Replacement Part ,The Model Number and Name for the Following Item:Whirlpool (WHIRA) W10195416 Wheel - Dishrack",https://m.media-amazon.com/images/I/71qYdwhj3XL._AC_SL1500_.jpg,31.94,4.4,209,Appliances,Whirlpool,Appliances Parts & Accessories
B07M7354XV,350PCS Round Coffee Filter Paper Coffee Maker Filters Strainers Replacement Coffee Filters for Coffee Maker,"Button closure Machine Wash HIGH QUALITY: Made of quality paper material, environmental friendly, health and non-toxic. FUNCTION: Provide an even flow of coffee through the filter and preserve its original taste FOR HOME AND OFFICE: Perfect for using in the restaurants, coffee shops as well as home use SUITABLE TYPE: Suitable for coffee maker and other coffee machine. SAVE MONEY: 350 pcs a pack, practical tool for those coffee lovers.",https://m.media-amazon.com/images/I/31dzWVFV5yL._AC_.jpg,6.95,4.1,80,Appliances,Fdit,Small Appliance Parts & Accessories Coffee & Espresso Machine Parts & Accessories Coffee Machine Accessories Coffee Filters Disposable Filters
B009Z24ZQO,Nordic Ware 60030F 17 Oz. Oval Casserole Dish,"Bake, store, and reheat your favorite food items with this Nordic Ware 17 Oz. casserole dish. This dish comes in a white color and has an oval shape. This item is made in the USA. High-heat, BPA-free and Melamine Free Polypropylene Outside Height: 1.75"" Outside Width: 5.125"" Outside Length: 9.062"" 17 Oz. capacity Versatile White color Oval shape Microwave & dishwasher safe Oven safe to 400°F Lids are for storage only Lid NOT included Made in the USA Model #: 60030F 117520",https://m.media-amazon.com/images/I/41yCo99Ou6L._AC_SL1000_.jpg,13.04,3.2,18,Appliances,Nordic Ware,Appliances Parts & Accessories Range Parts & Accessories
B0BWCL9WCH,"PARTY BARGAINS 600 Paper Coffee Filters - White Classic Design Single-Use Coffee Filter Compatible for Keurig 1.0 & 2.0, Perfect Size and Quantity","PARTY BARGAINS Disposable Coffee Filters | Single-Use Paper Coffee Filters for Keurig 1.0 and 2.0 Brewers | Classic White | 600 Count Are you looking for good-value and reliable coffee filters? Look no further! Our Party Bargains K-cup coffee paper filters are made of top-quality paper that won't tear easily. It is convenient and functional when creating and brewing your favorite coffee. Unlike the other coffee filters with a paper taste, you need to rinse them off. Our coffee filters will give an exquisite flavor to your favorite coffee because of the filter paper that makes the smoothest cup of coffee. It is ideal for everyday use and perfect for those busy working professionals, moms, and dads who need to enjoy their brewed coffee before heading to work and doing household chores. Great pricing for excellent quality; these coffee maker filters are set up perfectly for everyday use.",https://m.media-amazon.com/images/I/716-9FknSfL._AC_SL1500_.jpg,28.99,4.5,8934,Appliances,PARTY BARGAINS,Small Appliance Parts & Accessories Coffee & Espresso Machine Parts & Accessories Coffee Machine Accessories Coffee Filters Disposable Filters
B0BWJGQ32Y,"Ebbfurln Bob Wig Human Hair, 13x4 HD Lace Front Wigs Human Hair Frontal Wigs Human Hair 150% Density Brazilian Hair Straight Bob Wig Human Hair Pre Plucked with Baby Hair (Bob Wig, 10 Inch)","Frontal Wigs Human Hair Material: 100% unprocessed Brazilian virgin human hair, very healthy and shiny. This human hair lace front wigs is soft and smooth, silky and clean, shedding and tangle free. No louse and bad smell, No animal hair mixed, full and thick, natural and comfortable. Lace Front Wigs Human Hair Quality: Bob wig has no weird layered, full volume makes it thick and even, so no tracks or weft showing see through. The lace front wigs is natural in color and can be dyed and bleached well. Short bob wig human hair can be dyed, straightened, curled, and restyled to your want. 13x4 Lace Front Wigs Human Hair: Human hair lace front wigs with pre plucked baby hair. 150% Density frontal wigs human hair can do the middle part, side part. Short bob wig human hair is easy to install, especially beginner friendly. Bob Wig Human Hair Details: 100% true to length, cap size is medium size (22- 22.5inch) with 2 adjustable straps and 3 combs that can be adjusted. Bob wig can fit most people. Lace front wigs human hair is suitable for parties, daily styles, shopping, and graduation. Bob Wig Best Service: 24 hours professional customer service always online. Any problems you met when using this Bob wig human hair, please don’t hesitate to contact us for help. No excuse return or refund, Amazon FBA storage, delivery fasting. No Risk Shopping with Ebbfurln Hair.",https://m.media-amazon.com/images/I/71yunKZs6yL._SL1500_.jpg,45.65,4.1,60,Beauty and Personal Care,Ebbfurln,"Beauty & Personal Care Hair Care Hair Extensions, Wigs & Accessories Wigs"
B0BM8WLSXF,"3 Inch Clipper Guards, Hair Clipper Guide Combs Premium for Wahl Clippers Mega Cutting Guides/Combs with 8 Cutting Lengths from 1.25-3 Inch Fit Most Size Wahl Clippers","3 Inch Clipper Guards: The only 3 inch hair clipper guard on the market. Now You can give yourself a presentable haircut at home. Huge, Perfect for A Long Cut: Premium extra large clipper guard set includes 3 inch/76mm (#24), 2.75 inch/69mm (#22), 2.5 inch/64mm (#20), 2.25 inch/57mm (#18), 2 inch/51mm (#16), 1.75 inch/44mm (#14), 1.5 inch/38mm (#12), 1.25 inch/32mm (#10) combs. You 're able to keep the top of hair cut short, but not too short. Good for Cutting Your Own Hair: You might have found a way to save $250/year. Save in the long run on barbershop trips. If you was not that good with scissor cutting hair. This makes it so everything is even. No more scissors! Compatible Model: Fits 1-5/8"" to 1-3/4"" Wide Blades. Please view all listing images for sizes, details, benefits chart, compatible models. (Full size hair clippers, not smaller beard trimmers, body groomers, etc.) Services: If you are unsatisfied for any reason, please feel free to contact us for any product&order problem,We will response within 8 hours and solve the issue until you satisfied.",https://m.media-amazon.com/images/I/71SAQJabrqL._SL1500_.jpg,24.99,4.0,68,Beauty and Personal Care,CR8GR8,Beauty & Personal Care Hair Care Hair Cutting Tools Hair Clippers & Accessories Clipper Combs & Guides
B00N4LMZZK,Cathy Doll L-Glutathione Magic Cream SPF 50 Whitening Sunscreen 138ml,"Extend the flawless, smooth complexion from face to the whole body. This super, magic cream is formulated with an additional 30% L-Gluthathione to brighten skin tones and hydrate skin. L-Gluthathione is known to effectively repair and restore skin, and prevent premature aging. Your body can now enjoy the full benefits of BB cream just like your face. To create a flawless beautiful skin, Cathy Doll L-Gluthathione Magic Cream provides high permeability with miraculous charm. Natural plant extracts in an ultra soft formula can be used to hide and modify skin defects, to make pores instantly disappear. This cream intercepts ultra violet rays U, B and C. It protects the skin with its ultra-high SPF 50 PA++ protection. Ingredients: Aqua, Paraffinum Liquidum, L-Glutathione, Glycerin, Polyglyceryl-2 Dipolyhydroxystearate, Polyglyceryl-3 Disostearate, Titanium Dioxide, Hydrogenated Polyisohutene, Dimenthiconol, Cyclomethicone, Methyparaben, Diazolidinyl Urea, Propylparaben, Fragrance, CI:77891, CI:77491, CI:77492 Directions: Apply on exposed skin (face and body) to protect yourself from the sun. For best result, apply 20 minutes before going out into the sun. Caution: If skin has allergic reaction, please stop use immediately. Keep out of children. Do not eat. For external use only.",https://m.media-amazon.com/images/I/61nl6tHSR7L._SL1500_.jpg,14.99,4.0,65,Beauty and Personal Care,Cathy Doll,Beauty & Personal Care Skin Care Sunscreens & Tanning Products Sunscreens Body Sunscreens
B01DX1OEFO,"L.A. COLORS 5 Color Matte Eyeshadow, Brown Tweed, 0.25 Oz Powder","Wrap yourself in soft, cozy color. These matte palettes are full of five silky, soft and blendable shades. Applies on smooth and each palette is perfectly color coordinated to shade and highlight eyes. An array of shades from neutrals and bolds to create any look you desire.",https://m.media-amazon.com/images/I/712btTsDOQL._SL1500_.jpg,2.49,4.3,5367,Beauty and Personal Care,L.A. COLORS,Beauty & Personal Care Makeup Eyes Eyeshadow
B0B6PN78BY,"Sakula Ombre Body Wave Human Hair 3 Bundles Grade 8A Brazilian Unprocessed Virgin Remy Hair Weft Human Hair Extensions with 1b/4/27 Color(12/14/16 Inch, 1B/4/27)","💗Hair Material:Pure 100% Human Hair Grade 9A brazilian Virgin Hair, No Synthitic Hair, or Animal Hair. 💗Bundles Craft:Double Drawn Machine Weft, NO SHEDDING,/No lice, Can be Straightened, Curled as your want. 💗Bundles Quality:Unprocessed Virgin Remy Quality, NO TANGLE, Hair Roots All at One Side. Very Smooth During Comb it. 💗Hair Color & Weight:100 gram/bundle. #1B/4/27 3 tone Ombre Body wave human hair bundles . 💗Hair Smell & Lifetime:This Hair without Strong Chemistry Sharp Aroma.Wash Before u Install it. It's Upprocessed Human Hair. It could Last 1-2 YEAR. It will last long time if take well it.. 💗Delivery Time:Free Shipping, 3-7 working days by UPS or FedEx, and 2-9 business days by USPS.",https://m.media-amazon.com/images/I/717NouiUdEL._SL1500_.jpg,59.99,4.1,393,Beauty and Personal Care,Sakula,"Beauty & Personal Care Hair Care Hair Extensions, Wigs & Accessories Hair Extensions"
B01KQNJCNG,Gone in Sixty Seconds Instant Wrinkle Eraser,What it is: Give us 15 seconds and we will give you 15 years. Gone In 60 Seconds is a powerful formula that activates on contact to visibly erase fine lines and deep wrinkles in just seconds.,https://m.media-amazon.com/images/I/51HxNhj5N4L.jpg,20.89,3.5,98,Beauty and Personal Care,AminoGenesis,Beauty & Personal Care Skin Care Face Treatments & Masks
B0BKZKVFW7,WOKOTO 30 Pcs 3D Butterfly Nail Charms for Acrylic Nails Silver 3D Butterfly for Nails Hollow Butterfly with Rhinestones Studed Nail Decorations for Nail Art Gems Butterfly Charms for Nails Designs,"Package Contents: - 30Pcs silver butterflies nail charms FEATURE: - 100% brand new and high quality. - Perfect nail art charms for both professionals and beginners. - You can also use them to decorate your home, cell phone's case, glasses, made card, body art, etc. HOW TO USE : 1. Clean the surface of your nails. 2. Apply the base coat and wait for drying. 3. Apply the nail glue and pick it onto nails. 4. Apply the top coat. Warm note: - The glue is not included.",https://m.media-amazon.com/images/I/81zuZ+AknAL._SL1500_.jpg,7.99,5.0,11,Beauty and Personal Care,WOKOTO,"Beauty & Personal Care Foot, Hand & Nail Care Nail Art & Polish Nail Art Accessories Rhinestones"
B0BVYFF3ML,"Ayana Marley Hair 6 Packs Marley Twist Braiding Hair Marley Braiding Hair For Faux Locs Crochet Hair 24 Inch Long Afro Synthetic Hair Extensions (24inch, T27/613)","Material:Marley Hair Made Of High Quality Low Temperature Fiber,Marley Twist Hair,Marley Braiding Crochet Hair, Twist Marley Hair. Hair Detail:6 Packs 24 Inch Marley Hair,90G/Pack,Color:1B,1#,2#,4#,T27.T30, TBUG, 613,27#,30#,T27/613.With Crochet Hook Inside. Advantage:Fluffy Design,Natural Hair Texture And Long Lasting;Lightweight And Soft,Marley Braiding Hair Easy To Twist And Install. Hair Style:Marley Hair You Can Make Butterfly Locs,Box Braids, Faux Locscrochet Braids, Or Senegalese Twist Braids Styles.",https://m.media-amazon.com/images/I/61jur-tiukS._SL1001_.jpg,34.99,4.1,1730,Beauty and Personal Care,Ayana,"Beauty & Personal Care Hair Care Hair Extensions, Wigs & Accessories Hair Extensions"
B0B6FJZXTS,42 PCS Candy-colored Baby Hair Clips Rainbow Flower Fruit Dessert Patterns Barrettes Cute Toddler Hairpin Hair Accessories for Girls Women Teenager (style 1),42 PCS Candy-colored Baby Hair Clips Rainbow Flower Fruit Dessert Patterns Barrettes Cute Toddler Hairpin Hair Accessories for Girls Women Teenager,https://m.media-amazon.com/images/I/71Raod0rafL._SL1500_.jpg,8.99,4.0,41,Beauty and Personal Care,DonLeeving,Beauty & Personal Care Hair Care Hair Accessories Clips & Barrettes Clips
B00N54K1UM,"Revlon Super Lustrous Matte Lipstick, Nude Attitude [001] 0.15 oz",The Revlon Super Lustrous Matte Lipstick uses the exclusive Liquisilk to seal in vivid colour and leave lips silky soft. Provides even colour with a creamy texture with a matte finish.,https://m.media-amazon.com/images/I/51vGIF7zn9S._SL1280_.jpg,5.18,4.2,55,Beauty and Personal Care,REVLON,Beauty & Personal Care Makeup Lips Lipstick
B003K16SSY,"NYX PROFESSIONAL MAKEUP Black Label Lipstick, Aurora, 0.15 Ounce","NYX first class color collection for the lips. Ultra creamy texture glides on smoothly. Provides rich, long-lasting color. Emollients moisturize, condition and protect lips.",https://m.media-amazon.com/images/I/51kyD65d1eL._SL1200_.jpg,14.99,4.1,611,Beauty and Personal Care,NYX PROFESSIONAL MAKEUP,Beauty & Personal Care Makeup Lips Lipstick
B004RL4TO6,"bareMinerals All Over Face Powder, Color Warmth, 0.05 Ounce (8247)","Warmth All-Over Face Color brings a sun-kissed glow to the skin. Wearover, under, or mixed with any bareMinerals face product to create a variety of fresh looks.",https://m.media-amazon.com/images/I/71MOTZne4HL._SL1500_.jpg,21.89,4.8,1909,Beauty and Personal Care,bareMinerals,Beauty & Personal Care Makeup Face Powder
B0120ZDLBM,"ikoo Hair Detangling Brush for Women, Detangler Hairbrush for Adults & Kids, Gentle Scalp Massaging Bristles for Natural, Wavy, Curly, Thick, Wet or Dry Hair, Cherry",Curated product from Beauty_and_Personal_Care.,https://m.media-amazon.com/images/I/71QuP0th+EL._SL1500_.jpg,22.0,4.3,35,Beauty and Personal Care,ikoo,Beauty & Personal Care Hair Care Styling Tools & Appliances Hair Brushes
B0B6MZ6PFK,16Pcs Halloween Eyeshadow Eyeliner Sticker Spider Web Skull Bat Eye Shadow Decals for Women Halloween Masquerade Party Face Eye Realistic Makeup 3D Self- Adhesive Eye Art Decoration Tools,"Description:  Package Includes:8 pcs x Eye Stickers Features:  *1. Designed with black Halloween patterns, adding you a sense of mystery on the party.  *2. Easy to apply and remove. No glue needed. With the self-adhesive design, no harm to your skin.  *3. Fashion and unique patterns, help you to create big and shiny eyes instantly.  *4. Perfect for party, dress party, Halloween, dancing, and various occasions.",https://m.media-amazon.com/images/I/713k+AN3ZkL._SL1500_.jpg,9.99,2.5,13,Beauty and Personal Care,HANSAMU,Beauty & Personal Care Makeup Body Temporary Tattoos
B08JCY48DD,70S Shaver Foil & Cutter Compatible with Braun Series 7 70S 70B Cartridge Cassette Head (Silver),"Package Include： 1x Replacement shaver foil & cutter head  Note： 1.Non Original Aftermarket Part.  2.Please confirm the model before purchasing.  Compatible with:  Series 7：720, 720s-3, 720s-4, 720s-5 720, 730, 9565, 9566, 9781, 9782 - Series 7, Pulsonic, Prosonic, Active Power 790cc, 790cc-3, 790cc-4, 790cc-5, 795cc-3, 750cc-3 750cc-4 - Series 7 760cc, 760cc-3, 765cc-3, 760cc-4, 760cc-5, 765cc-4, 765cc-5 - Series 7 9595 9795 9785 9581 9585 9591 9791 750cc Series 7 ：720/740/750/760/790/799 Series 7 ：7840s 7865cc 7898cc 7842s 7850cc 7855cc 7865cc 7880cc 7867cc Pulsonic SeriesThe part/product is not sponsored or endorsed by,or affiliated with the brands it fit,including Braun.",https://m.media-amazon.com/images/I/71mKeElbusL._SL1500_.jpg,14.99,2.9,79,Beauty and Personal Care,Swess,Beauty & Personal Care Shave & Hair Removal Men's Electric Shavers Replacement Heads
B01NACJBNF,"Palladio Pop Shine Brilliant Lip Balm, Flirtatious","Moisturize your lips while wearing the perfect color to match your outfit with Pop Shine Brilliant Lip Balm Flirtatious from Palladio. Created more than 25 years ago, Palladio is renowned for its line of color cosmetics enriched with herbs and vitamins. Fashioned for women with all types of skin, Palladio helps you look radiant while helping protect your skin from the signs of aging. With a diverse selection of products and shade availability, Palladio allows you to create the variety of looks you desire.",https://m.media-amazon.com/images/I/71rOc+rk6tL._SL1500_.jpg,6.99,4.0,57,Beauty and Personal Care,Palladio,Beauty & Personal Care Skin Care Lip Care Balms & Moisturizers
B09WHMND5W,Newcally Natural Look Lashes Mink 3D Fluffy Wispy False Eyelashes Short Light Volume Fake Eye Lashes Pack 14 Pairs Reusable Soft Faux Mink Eyelashes,"The natural false eyelashes are fluffy and soft, as light as a feather. They will not burden your eyes, and will have a nice sense of comfort when wearing. The fake eyelashes can be used for everyday wear, but also for dating, wedding, as gifts, travel, etc. High-quality product should be so omnipotent. Newcally false eyelashes are handcrafted from the finest synthetic fibers. 100% cruelty-free and vegan. After removing the false lashes from the lash tray, you need to clean the glue off. These glues are only there to hold the lashes on the tray, not to bring to your eyes. Please do not miss out on this affordable false eyelashes pack! If you have any ideas about Newcally product, please feel free to contact us.",https://m.media-amazon.com/images/I/91Fppr7ZkJL._SL1500_.jpg,9.45,4.4,34981,Beauty and Personal Care,Newcally,Beauty & Personal Care Tools & Accessories Makeup Brushes & Tools Eye False Eyelashes & Adhesives False Lashes
B077QVW7CX,DND Gel and Matching Polish #519 Strawberry Candy,"DND Gel and Matching Polish #519 Strawberry Candy that will look amazing on your nails. This is the best nail polish collection that anyone can wear on her nail and give them fantastic look. DND Gel and Matching Polish #519 Strawberry Candy that you can wear anytime, this will give your nails fantastic and fabulous look. This is having the Duo package glitter and white nail polish. This color may look slightly different due to screen setting to your nails. Get this Gel & Matching Polish Set only on Amazon at the very reasonable price and give your nails the best and bubbly look.",https://m.media-amazon.com/images/I/91Yb+yVT3NL._AC_SL1500_.jpg,9.06,3.5,7,Beauty and Personal Care,DND,"Beauty & Personal Care Foot, Hand & Nail Care Nail Art & Polish Nail Polish"
B07V8S9QSQ,"Clear Uv Construction Gel, Uv Glue, DIY Crystal Transparant Uv Quick-Drying Glue Hard Curing Resin Gel Clear Uv Construction Gel(25G)","Features:1. Fast curing speed, no need for proportion.2. With dried flowers, powder dust and other fillings, it can make an unexpected effect.3. Small bottle mouth design, easier to extrude.4. Curing can be done in 1-2 minutes with a UV LED lamp.5. After healing, it is as clear and hard as a gem, and has a beautiful curve.Specification:Condition: 100% brand newItem type: GlueMaterial: UV Glue + PlasticSize: approx.15.5 * 5.8cm / 6.1 * 2.3in (50g), 10.3 * 2.5cm / 4.1 * 1.0in (25g), 6 * 2.2cm / 2.4 * 0.9in (10g)Options: 50g, 25g, 10g (Optional)Approximate weight.72g, 31g, 15gList of packages:1 * UV glue",https://m.media-amazon.com/images/I/51qybhcaEuL._AC_SL1001_.jpg,5.94,5.0,1,Beauty and Personal Care,Alucy,"Beauty & Personal Care Foot, Hand & Nail Care Nail Art & Polish"
B01HKU2JCE,"Professional Salon Client Nylon Hair Cutting Cape Gown, Barber Haircut Cape with Sleeves - White","Professional Salon Hair Cutting Cape with sleeves. Weight: 8.4 oz (250 g). 100% nylon material, Water-repellent and Anti-static, hair won’t stick to material, Easy to clean and Quick-drying. Adjustable hook & loop neck closure design makes this gown fit the necks of both children and adults Barber Haircut Cape Smock, Static Free , Breathable, Soft Comfortable Material. Loose-fitting, maximum cover, ideal for shampoo, cutting and styling, Suitable for salon or home use.",https://m.media-amazon.com/images/I/61KptT0GYNL._SL1500_.jpg,17.99,4.2,76,Beauty and Personal Care,PERFEHAIR,Beauty & Personal Care Hair Care Hair Cutting Tools Hair Cutting Kits
B09Q2PNTBH,Cunhill Soap Saver Bag Sisal Soap Bag Exfoliating Soap Pouch with Drawstring Bar Soap Bag with Wooden Bead Foaming and Drying Soap Exfoliating Net Soap Saver for Bath and Shower (60),"What you will get: the package includes 80 pieces net soap bags in cream color, enough quantity for you to use and share with friends, classic style will make you enjoy a relaxing bathing time Reliable and soft: the bar soap net is made of sisal material, reliable and reusable, soft and safe, gentle and skin-friendly, not easy to break or fade, which can serve you for a long time Widely applicable: our soap savers for bar soap are practical and useful tools, which can be applied for exfoliation and massage, suitable for skin on feet, elbows and knees, producing foam and lathering soap, further releasing the fragrance of the soap, which will make you relax and happy when showering Easy to use: you just need to put the soap in the bar soap bag for shower at first, then gently rub it to produce rich and delicate foam; After showering, you can hang the bag in a ventilated place, drain and dry it, clean and convenient for you to use Creative design: the shower scrub bag is designed with a wooden bead, stylish and beautiful; The soap bag features a drawstring, convenient for you to put the soap and avoid it slipped out",https://m.media-amazon.com/images/I/81J9U74VS-L._SL1500_.jpg,27.99,4.7,131,Beauty and Personal Care,Cunhill,Beauty & Personal Care Skin Care Body Cleansers Soaps
B01ALT5MKW,"Babo Botanicals Sheer Zinc Continuous Spray Sunscreen SPF 30 with 100% Mineral Active, Water-Resistant, Fragrance-Free, Vegan, for Babies, Kids or Sensitive Skin - 6 Oz. - 1-Pack","Get the comfort of a lotion sunscreen and the convenience of a continuous spray for the entire family! The Sheer Zinc Sunscreen Spray, SPF 30 uses Zinc Oxide as the physical filter that forms a protective barrier on skin surface to help reflect the sun’s UVA and UVB rays without irritating sensitive skin. This easy to apply formula is enriched with aloe vera and sunflower oil to soothe and moisturize. Provides 80 minutes of water resistance. Hold the bottle 8-12 inches away and spray onto skin. Thoroughly rub in until the white lotion blends into skin. For increased control, spray onto palm of hand and apply into skin. Fragrance Free and perfect for the entire family.",https://m.media-amazon.com/images/I/51NBAgCAtTL._AC_SL1262_.jpg,18.99,4.3,4526,Beauty and Personal Care,Babo Botanicals,Beauty & Personal Care Skin Care Sunscreens & Tanning Products Sunscreens Body Sunscreens
B00098FI9G,Eau De Private Collection By Estee Lauder Fragrance Spray 1.7 Oz Women,"Eau De Private Collection By Estee Lauder Fragrance Spray 1.7 Oz Women : The Most Famous Woman In American Perfumery, Estee Lauder Created This Green Floral For Her Own Private Use Before Releasing It To The Public. In The New Eau Concentration, This Lush Feminine Floral, Is An Updated Version. Lighter And Brighter Than The Original Created In 1973.",https://m.media-amazon.com/images/I/41vWpqqNMRL.jpg,69.49,4.4,133,Beauty and Personal Care,Estee Lauder,Beauty & Personal Care Fragrance Women's Eau de Parfum
B01M67WKPZ,"BLUE LIZARD Australian Sunscreen Blue Lizard Sunscreen Baby, Multicolor, Unscented, 3 Fl.Oz","Designed to protect baby-soft skin, Blue Lizard Australian Sunscreen's mineral Baby sunscreen contains no chemical sunscreen ingredients, no parabens and no fragrances. Using only Zinc Oxide and Titanium Dioxide, our Baby sunscreen protects you and your little one by acting like thousands of tiny mirrors that reflect UV rays away. The SPF 30+ formula provides true broad spectrum protection from 97% of the sun's burning rays. We love the reef! Baby’s water-resistant formula is made without Oxybenzone or Octinoxate to help protect fragile reef ecosystems. We’re committed to spreading sun safety awareness. Our Smart Cap Technology makes teaching kids to play safe in the sun easy. Watch the cap turn pink in harmful UV light as a reminder that it’s time for sunscreen. Blue Lizard Australian Sunscreen is the #1 pediatrician recommended mineral-based sunscreen brand and has been trusted by dermatologists for over 20 years.",https://m.media-amazon.com/images/I/71yLu5KrKxL._AC_SL1500_.jpg,27.8,4.7,783,Beauty and Personal Care,BLUE LIZARD,Beauty & Personal Care Skin Care Sunscreens & Tanning Products Sunscreens Body Sunscreens
B00DK7FX4S,Aerin Rose Hand & Body Cream 0.5 oz - Deluxe Travel Size,Curated product from Beauty_and_Personal_Care.,https://m.media-amazon.com/images/I/61mFeALTs5L._SL1500_.jpg,15.98,3.5,8,Beauty and Personal Care,AERIN,"Beauty & Personal Care Foot, Hand & Nail Care Foot & Hand Care Hand Creams & Lotions"
B07G9GWFSM,Lurrose 100Pcs Full Cover Fake Toenails Artificial Transparent Nail Tips Nail Art for DIY,"Description The false toenails are durable with perfect length. You have the option to wear them long or clip them short, easy to trim and file them to in any length and shape you like. Plus, ABS is kind of green enviromental material, and makes the nails durable, breathable, light even no pressure on your own toenails. Fit well to your natural toenails. Non toxic, no smell, no harm to your health. Feature - Color: As Shown.- Material: ABS.- Size: 14.3 x 7.2 x 1cm. Package Including 100 x Pieces fake toenails",https://m.media-amazon.com/images/I/41a1Sj7Q20L._SL1005_.jpg,6.99,3.7,35,All Beauty,Lurrose,
B01ERJEGS6,Gold extatic Musk EDT 90ml,Edt spray 3 oz design house: balmain,https://m.media-amazon.com/images/I/9118ClZ71fL._SL1500_.jpg,86.95,3.7,2,All Beauty,Balmain,
B06XJZ7955,Brand New Headrang Face line Contour V-line Machine,Curated product from All_Beauty.,https://m.media-amazon.com/images/I/61G2mBATagL._SL1117_.jpg,79.5,3.3,4,All Beauty,,
B08X7JHQG5,"BioMiracle StarDust Pixie Bubble Mask, Clarifying Foaming Face Mask with Green Tea and Apple, Carbonated Bubble Cupro Sheet Mask for Clear, Even Skin","This foaming pixie sheet mask is infused with nourishing ingredients that help to reduce dark spots and clarify your complexion. BioMiracle's innovative Cupro sheet mask helps to increase skin's absorption, locking in hydration and letting your skin reap the full benefits of this clarifying mask. The gentle carbonated bubble mask foams when applied on the face, deeply penetrating the skin with Green Tea and Apple for a facial sheet mask that clears away impurities as it delivers a more youthful complexion. Treat yourself to a gentle, hydrating green tea face mask designed to fix uneven skin tone as it relaxes and soothes, clearing away dirt and grime from your pores for brighter, glowing skin.",https://m.media-amazon.com/images/I/71k7tLMTbQS._SL1500_.jpg,5.99,4.4,52,All Beauty,BioMiracle,
B07X1TK3VS,"VIROCHEMISTRY Pheromones For Women (Elixir) - Elegant, Ultra Strength Organic Fragrance Body Perfume (1 Fl. Oz)","The Most Amazingly Effective and Fantastic Smelling Women Pheromone Perfume with Human Pheromones Available Anywhere, Hands Down. “Elixir” – A Uniquely Blended Scent with Hints of Green Mandarin, Water Jasmine, Fiery Ginger Lily, Salted Vanilla, Sandalwood, Cashmere, and Ambergris. ViroChemistry Pheromone Perfume for Women utilizes a formula proven in our Los Angeles based laboratory to not only have an enticing scent but was also designed to specifically target a Man's attraction receptors within his brain. Give yourself an edge in any situation with our Pheromones. - Extra Strength Concentration of Human Grade Pheromones  - Formula includes the Most Effective Scents and Oils  - Silky Smooth, Moisturizing Blend to Increase Pheromones Absorption  - Long Lasting Effect and Scent  - One of The Best Scented Perfumes for Women to be Tested  - The #1 Pheromone Blended Perfume Available  - Lab Proven Blend of Pheromones to Attract Men.  All of ViroChemistry's Pheromone products are ALCOHOL FREE and use a proprietary blend of natural oils and human grade pheromones to protect your skin while allowing for a long lasting, amazing scent. Not totally satisfied? No problem, we'll refund your money 100%. Guaranteed. No risk to you. If you want to have the competitive edge in those important social situations, then this is the most important Pheromone Perfume you will ever purchase. So don’t wait, click Add to Cart now and change your life!",https://m.media-amazon.com/images/I/51xAVUQI9LS._SL1500_.jpg,29.8,3.7,33,All Beauty,VIROCHEMISTRY,
B004ZWH3XG,"Garnier Fructis Color Sealer, Instant, Lightweight Leave-In, Color Shield, For Color-Treated Hair, 6 oz.","Proven to stop dry-out. Fight fade-out. The lightweight formula, infused with acai berry and grape seed oil, instantly seals in color for longer-lasting vibrancy while improving manageability and delivering lasting softness. Uva and uvb protectant help protect hair. Garnier fructis color shield instant color sealer lightweight leave-in instantly seals in color and conditions for extra softness.",https://m.media-amazon.com/images/I/818Ufbthb-L._SL1500_.jpg,24.0,4.4,17,All Beauty,Garnier,
B07DRZLZQQ,"Enjoy VOLUMIZING ELIXIR, Style (with Sleek Steel Pin Tail Comb) (8.8 oz)","includes a Sleek Steel Pin Tail Comb for easy styling and separation of hair!  This formula styles effortlessly, adding density and texture to fine hair. Gives hair incredible body with long lasting hold.  DIRECTIONS FOR USE:  On clean damp hair, squeeze a small amount into hands and emulsify.  Apply to hair and style as desired.  For maximum volume, be sure to apply to the root of the hair and comb through the ends.",https://m.media-amazon.com/images/I/712OdaB6xaL._SL1304_.jpg,22.49,5.0,1,All Beauty,Enjoy Hair Care Products,
B01LZXWCXM,Suavecito X Breast Cancer Solutions - Original Hold Pomade,Curated product from All_Beauty.,https://m.media-amazon.com/images/I/6190q86vmHS._SL1000_.jpg,11.99,4.8,52,All Beauty,,
B071G4NNH7,Sharonelle Natural Cream Soft Wax for Sensitive Skin in 14 oz. - 4 cans,Curated product from All_Beauty.,https://m.media-amazon.com/images/I/61nmeD51DpL._AC_SL1280_.jpg,50.0,4.0,1,All Beauty,Sharonelle,
B005DT7YP2,"Bulk Herbs: Clay, White Kaolin","White kaolin, also known as China or white clay, is basically the mildest of all clays. It is suitable for sensitive skin. It helps stimulate circulation to the skin while gently exfoliating and cleansing it. It does not draw oils from the skin and can therefore be used on dry skin types. To use as a facial or body treatment: Mix clay with water until it forms a paste and apply to skin. Leave on for about 10-15 minutes and rinse off with warm water. This all natural clay can be used alone or blended with other herbs and oils!",https://m.media-amazon.com/images/I/3123JS7u+LL.jpg,2.5,3.5,3,All Beauty,Raven Moonlight,
B07QNGTSYY,"SERGE LUTENS PARFUMS La Fille De Berlin, Mini.03 oz","SERGE LUTENS PARFUMS La Fille De Berlin, Mini.03 oz",https://m.media-amazon.com/images/I/81-dF9yKnXL._SL1500_.jpg,9.9,3.2,5,All Beauty,Serge Lutens,
B07R7YWQKW,Armáf Täg Hïm Colognė For Men 3.4 oz Eau De Toilette Spray,"Tag Him is an eau de toilette for men from our extensive fragrance selections. It is a warm masculine fragrance that has spicy notes with woody undertones. There is a hint of fresh citruses and mint in the aroma. The spice and wood make this fragrance rich and warm, while citruses lend a coolness to balance out the aroma. Top Notes: Pink Pepper, Lemon, Grapefruit, Bergamot Middle Notes: Mint, Ginger, Nutmeg Base Notes: Tobacco, Leather, Vetiver",https://m.media-amazon.com/images/I/51ciCQP-GAL._SL1000_.jpg,24.84,5.0,7,All Beauty,House of Armáf,
B00BX9KND6,"Wholesale CASE of 10 - GOJO Supro Max Cherry Hand Cleaner-Supro Max Hand Cleaner, 2000l, Cherry","Quick and effective hand lotion removes tough or sticky soils and adhesives and delivers a pleasant cherry scent. nondrying formula is a unique blend of mild cleansers and scrubbers. Ideal for plant-wide use, body shops or where soil is difficult to find. Apply to dry hands then rinse. Each Supro Max Cherry hand cleaner 2000 ml. Refill is sanitary sealed and includes a cool dispensing valve. Refills are easily loaded into the GOJO Pro tdx 2000 dispenser, store, and handle. Portion control helps reduce waste.",https://m.media-amazon.com/images/I/61jU0BYBbvL._SL1445_.jpg,136.17,5.0,1,All Beauty,Gojo,
B07KFGWC8S,Amope PediMask Kit- 20 Minute Foot Mask to Rejuvenate and Soothe Your Feet with Blend of Moisturizers and Macadamia Oils for Baby Smooth Feet in Minutes (Pack of 3),"Your feet go through so much every day and have never failed you, isn’t it time you show them some love? Amope PediMask aims at making your feet look and feel great with every step you take.",https://m.media-amazon.com/images/I/81AWhFLe1XL._SL1500_.jpg,12.0,4.5,1020,All Beauty,Amope,
B08G7WN5BM,"KEMEISI 1PC Diamond Shape UV Rainbow Plastic Handle Simpe Generous Brush Size 2,4,6,8,10,12 (#02)",Curated product from All_Beauty.,https://m.media-amazon.com/images/I/61A1ARlk49L._SL1500_.jpg,6.99,2.8,6,All Beauty,KEMEISI,
B0058WE96Q,"Clear Essence Specialist Skin Care Body Oil, 8 Ounce - Soothing Body Moisturizer and Toner","Clear Essence Specialist Skincare Body Oil is a unique moisturizing body oil that gives your skin a sultry sheen. Scented with a special blend of Vitamin A and E, Lavender and Rosemary oils and Chamomile extracts, it's great for all skin types. It lubricates and relieves dry, chapped skin while helping improve your skin's elasticity and reducing the appearance of scars.",https://m.media-amazon.com/images/I/61YbOHgPe-L._SL1500_.jpg,12.0,4.4,64,All Beauty,Clear Essence,
B07N9715WM,"African Pride Black Castor Miracle Hold and Cover Edges Black, 2.25 oz",African Pride Black Castor Miracle Hold & Cover Edges BLACK 2.25oz. Covers gray and holds down edges,https://m.media-amazon.com/images/I/51aAhYhmW5L._SL1000_.jpg,9.99,3.7,23,All Beauty,African Pride,
B076QMVRS9,avena New 328429 Bath & Shower Gel 25.5Z Instituto Espanol (-Pack) Bath Products Wholesale Bulk Health & Beauty Bath Products Gel,Curated product from All_Beauty.,https://m.media-amazon.com/images/I/41A1a5OU1IL.jpg,20.51,5.0,2,All Beauty,Avena,
B01KGIFJSS,Specialized Care Co Inc Surround® Toothbrush (Pack of 2) (Blue/Coral),Curated product from All_Beauty.,https://m.media-amazon.com/images/I/61aTuUtW6JL._SL1050_.jpg,17.5,4.5,185,All Beauty,Specialized Care Co Inc,
B0924GT395,"OSRSR Cryo Sticks,Unbreakable Stainless Steel Beauty Ice Facial Massage Tools for Woman,Skin Case Ice Globes Cryo Spoons,Cooling Globes Cold Globes for Face,Eyes & Neck","PREMIUM QUALITY ICE GLOBES: OSRSR cryo sticks for facial are made from 304 stainless steel and filled with non-toxic cooling gel. So they are no happen break, durable and stays cold for long! PROFESSIONAL CRYO FACIAL THERAPHY: The ice globes for face can reduce puffiness, shrink pores, soothes inflammations, swollen eyes and dark circles, help promote blood circulation. You will feel like you brought your facial at home. RELIEVE YOUR STRESS: The cooling globes for face help with tightening the skin and removes fatigue. This Cryo facial massage tool is contributing to the repair and regeneration of skin cell and stimulate collagen. SAFE & EASY TO USE: Place the cold globes for facials in the freezer or refrigerator for 2 hours and then use the facial globes for up to 5-6 hours, Pair over your creams or other skin care products! ELEGANTLY PACKAGE: 2 PC facial massage cryo sticks and use instruction with Storage Case in Luxury Box. OSRSR cold rollers make the perfect birthday or Christmas present for women mom wife Girlfriend. Perfect as a gift for your loved ones and even for yourself!",https://m.media-amazon.com/images/I/51zmtkdHURL._SL1500_.jpg,17.49,4.5,107,All Beauty,OSRSR,
B07YBLFFW5,Shimmer Anna Shine Headband (St. Patricks Green Clover),"A perfect St Patrick's Day hair accessory One size fits most women Material: Headbands made of cotton and spandex Whether you are wanting to wish someone good luck, feeling lucky or celebrating St. Pats day you will love this headband! Comfort and Style: Soft, stretchy and comfortable",https://m.media-amazon.com/images/I/41yii3DLgKL.jpg,6.99,4.4,133,All Beauty,Shimmer Anna Shine,
B00759LVR0,J. Leblanc French Pistachio Oil - 8 fl.oz. - Huile de Pistache,Curated product from All_Beauty.,https://m.media-amazon.com/images/I/61sS8hB292L._SL1263_.jpg,59.12,5.0,1,All Beauty,J. LeBlanc,
B00QPOZPSM,ZRCN01BAG - ReliaMed Carrying Bag for the ReliaMed Compressor Nebulizer ZRCN01,Curated product from All_Beauty.,https://m.media-amazon.com/images/I/31VPwBu9uvL.jpg,11.69,4.1,18,All Beauty,Reliamed,
B06ZZMXS8W,"Skully's Buck Shot Beard Balm 2 fl. oz (Orange, Tea Tree and Peppermint Scented) All Natural, Medium Hold Beard Balm for Men, Deep Conditioning, Tames Flyaways, Promotes Healthy Beard Growth",Curated product from All_Beauty.,https://m.media-amazon.com/images/I/71PyJ3vSTzL._SL1000_.jpg,18.99,5.0,1,All Beauty,Skully's Ctz Beard Oil,
B0754HBCRK,Essie Nail Polish – Fall 2017 Collection – mixtaupe – 13.5ml/0.46oz,Curated product from All_Beauty.,https://m.media-amazon.com/images/I/31tKA5+cpSL.jpg,12.5,4.7,18,All Beauty,essie,
B01HDXC8AG,Sure-Grip Zombie Wheels Low 59mm 4 Pack,"All Zombie wheels are made in the USA. Zombie wheels feature anodized aluminum hubs for maximum durability and precise feel while maintaining rock solid stability. This allows our unique urethane compounds to deliver all your power to the floor. Choose the Zombie combination that fits your skating style and surface. Zombie Aluminum Core – Designed in house and manufactured using state of the art machining technology. What makes this different from other aluminum cores? The Zombie core is machined from a solid billet of aluminum, using the same manufacturing processes as we use to make our famous Power Trac racing plates. This increases strength and allows us to machine the hub to a tighter tolerance than any other hub on the market. Creating the perfect fit between bearing and inner core. Cores are then treated with a special anodizing process to increase hub durability and urethane bonding. This technology is unique to the Zombie wheel line. Zombie Insane Urethane – Specially formulated to our exact specifications that were developed from 75 years in the skate wheel business. What makes this wheel different from the rest? All wheels are poured using a precise time schedule to ensue product quality throughout the range. Typically wheels are poured over time, sometimes days. This can change the characteristic of a wheel poured one day vs. another or even morning vs. afternoon. This timing is what make the Zombie wheel the most unique wheel on the market. Due to production limitations certain product characteristics might vary slightly. For more information please contact the manufacture.",https://m.media-amazon.com/images/I/510tgKWHp2L._AC_.jpg,55.0,4.5,84,Sports and Outdoors,Sure-Grip,"Sports & Outdoors Sports Skates, Skateboards & Scooters Skateboarding Skateboard Parts Wheels"
B003K8GZ7G,NHL San Jose Sharks Team Logo Post Earrings,Complete your game day outfit with these cute earrings and showcase your team spirit all year round with these NHL Team Logo Post Earrings by Aminco. These adorable earrings measure approximately 1-inch by 1-inch and is decorated with your favorite team colored logo. The earrings feature post backings for carefree wear and are NHL officially licensed. These would make a great gift for the loyal sports fan in your life.,https://m.media-amazon.com/images/I/71HXtrIYFwL._AC_SL1500_.jpg,18.99,4.5,28,Sports and Outdoors,Aminco,Sports & Outdoors Fan Shop Jewelry & Watches Earrings
B08GC4GBWB,Bont Skates - Prostar Purple Suede Professional Roller Skates with Glow Light Up Led Luminous Wheels - Indoor and Outdoor - Roller Skates for Women - Girls - Ladies rollerskates,"Roller Skates are not like your average shoe. For maximum control, your skate boots need to fit like a second skin. That is why Bont boot sizing is NOT the same as your US shoe size or other skate brand sizing. Please refer to the chart for the approximate size conversion of foot length in mm to Bont size GLOW IN THE DARK with Bont Glow LED light up roller skate wheels. No batteries required as the wheels core motion-powered light up when they spin. Size 62x35mm and hardness 83A SUPER HEAT MOLDABLE: The thermoplastic in the heel allows you to mold your boot with a hairdryer to obtain a custom fit in under 10 minutes. This is especially good for skaters with skinny or wide ankles ULTRA LIGHTWEIGHT: At Bont, we pride ourselves on being lighter and stronger than the competition. That is why we manufacture our boots by hand, building the boot from the inside out. These roller skates are comfortable and durable The Prostar Roller Skate is a perfect professional skate for mens roller skates, womens roller skates, boys and girls roller skates, and outdoor roller skates",https://m.media-amazon.com/images/I/61zzB5ZarPL._AC_SL1000_.jpg,209.0,4.2,36,Sports and Outdoors,Bont,"Sports & Outdoors Sports Skates, Skateboards & Scooters Inline & Roller Skating Roller Skates Outdoor Skates"
B01N547YCO,Outerstuff NFL Youth 8-20 Short Sleeve Rash Guard,Kids will love the look and feel of this NFL swimwear. Its unique design is a great way for kids to show support for their favorite team.,https://m.media-amazon.com/images/I/81z-1NImf6L._AC_UL1500_.jpg,16.99,4.9,80,Sports and Outdoors,Outerstuff,Sports & Outdoors Fan Shop Clothing T-Shirts
B075KK7H1Z,Fish Skull Faux Bucktail,Description: Tie flies of all types and sizes from nymphs to Clousers to T Bones with Fish Skull Faux Bucktail a tapered synthetic multi use fly tying fiber designed to imitate typical premium length natural bucktail Fish Skull Faux Bucktail fibers have the same basic diameter gentle crinkle and taper as natural bucktail In appearance it looks almost identical and has the same distinctive bucktail fly or lure action in the water However the fibers are not hollow which helps your fly sink faster and will not flare in the same way as regular bucktail while tying This means you will need to tie with slightly different techniques to achieve the same effect Every Faux Bucktail fiber is premium 6 152 mm length giving you more than twice the amount of usable fibers per tail and eliminating the headache of sorting and searching for ideal strands Simply peel off the full length of your desired amount of fibers trim to length and tie them in The fibers can be used in a wide range of fly or lure types Trout flies: Beautiful tapered wrapped quill bodies nymph wing cases Mayfly tails and legs Streamers: From tying typical Clouser Minnows or Deceivers right up to large bite proof Pike Musky or Golden Dorado flies Poppers: Tie simple and durable tails on foam poppers Bucktail Jigs: Tougher longer lasting fresh and saltwater bucktail jigs Musky Bucktail Lures or dressed trebles,https://m.media-amazon.com/images/I/71KuUNDuwZL._AC_SL1200_.jpg,9.71,4.5,99,Sports and Outdoors,McFlyfoam Products,Sports & Outdoors Hunting & Fishing Fishing Fly Fishing Accessories Fly Tying Materials
B00I9H216W,Bomber Fat Free Shad Jr.,"A Bassmaster Classic victory and over a million dollars in prize money doesn't happen by accident. When introduced, this flat sided deep runner completely renovated the hard bait market. With an enticing tight action, Fat Free Shad was responsive with an ease of retrieve never before seen in a bait of its size and running depth. With Excalibur Tx3 Rotating Treble Hooks and brilliant new finishes, this is the premier deep-diving crankbait on the market.",https://m.media-amazon.com/images/I/61FnvCYay6L._AC_SL1500_.jpg,7.99,4.8,15,Sports and Outdoors,BOMBER,"Sports & Outdoors Hunting & Fishing Fishing Lures, Baits & Attractants Plugs"
B07BN4PZQF,"Men's Deadlift Belt - Nylon, Powerlifting, Weightlifting","Once you have found your measurement subtract 2” from that number to get your belt size. EX: Measurement around belly button is 36” around then subtract 2” to come up with 34”, which is a medium belt. Belt sizing: Small belts fit 24”-30” around belly button Medium belts fit 29-34” around belly button Large Belts fit 35-40” around belly button Extra Large belts fit 40-46” around belly button Extra Extra Large belts fit 46-52” around belly button The Spud, Inc. 2 ply and 3 ply deadlift belts will be one of the most versatile belts you will ever wear. The deadlift belt is great for deadlifting because it doesn't cut into your hips or stomach at the bottom of a deadlift like a leather belt does. The deadlift belt is also a good overall belt to use on lifts that you need a little extra support like bent over rows, or shrugs, but don't need a thick cumbersome power belt. The deadlift belt is made with industrial strength Velcro that never pops open in the middle of a lift like the cheaper Velcro belts do. If you use this belt once you will be hooked on how easy it is to get in and out of.",https://m.media-amazon.com/images/I/516Oh5ZSGEL._AC_UL1024_.jpg,68.88,4.5,74,Sports and Outdoors,Spud inc.,Sports & Outdoors Exercise & Fitness Strength Training Equipment Weights & Accessories Weight Belts
B0BZM3PWZ9,"Rico Industries NFL Football Quad Decal 3"" x 12"" Quad Decal - (4) Decals","Includes 4 individual die-cut decals; Sheet measures 3 x 12-inches Decorated with bold team colors and team logos Vinyl material suitable for indoor and outdoor use; Boasts easy peel and stick application Can be used on vehicles, lockers, doors and mail boxes Officially Licensed; Made in the USA Don't you hate when you only have one decal left but multiple places that still need to show our team pride? Never fear, the Die Cut 4-Piece The Quad Sticker Sheet by Rico Industries are here! This set of 4 individual die-cut decals have come to the rescue and can be used to attach to most hard surfaces. So never worry about your friends and family not knowing who you support ever again.",https://m.media-amazon.com/images/I/71PFOMpK0CL._AC_SL1500_.jpg,8.99,4.6,631,Sports and Outdoors,Rico Industries,Sports & Outdoors Fan Shop Auto Accessories Decals & Bumper Stickers Decals
B07KT27VCZ,"Rico Industries NFL Embroidered Genuine Leather Tri-fold Wallet 3.25"" x 4.25"" - Slim","This attractive looking Embroidered Black Leather Trifold Wallet by Rico Industries measures approximately 3-inches by 4-inches. It is decorated with an embroidered full team colored logo and features multiple card slots, ID display slot and bill pocket. This durable wallet with a functional trifold style ensures that your belongings are safe and secure, and is built to withstand general wear and tear. Makes for an excellent gift.",https://m.media-amazon.com/images/I/81jT-7SizdL._AC_SL1500_.jpg,36.93,4.7,4982,Sports and Outdoors,Rico Industries,"Sports & Outdoors Fan Shop Bags, Packs & Accessories Wallets"
B01C7FQMSE,"Avon Chamois Standard Black - 13 Piece Golf Grip Kit (with Tape, Solvent, Vise Clamp) (",The original chamois design with its innovative air-cushioned absorption system is preferred by golfers in need of arthritic relief. Vise is required to install grips. The grip kit includes the following: - 13 grips - 13 strips of 2 inch double-sided grip tape - 4 oz bottle of grip solvent - rubber vise clamp,https://m.media-amazon.com/images/I/71XlHiopv2L._AC_SL1399_.jpg,77.95,5.0,6,Sports and Outdoors,Avon,Sports & Outdoors Sports Golf Accessories Grip Repair Kits
B07GCNXDNV,Tough1 Insulated Saddle Bag with Pockets,"Tough 1 Insulated Saddle Bag with Pockets If you are an avid trail rider this bag will be your new companion on the road. Constructed of a heavy denier insulated Nylon. Multi-pocketed design with a unique flap over pocket to keep your items from falling out. Two insulated pockets idea for water bottles. Adjustable straps for bedroll and slicker. Features: Heavy Denier Nylon Multi-pocketed Design Pocket Flap to help secure items Specifications: Measurements: 10 1/2"" x 10 1/2"" with a 2 1/2"" gusset",https://m.media-amazon.com/images/I/61K7MgG6X+L._AC_SL1024_.jpg,66.88,4.3,183,Sports and Outdoors,Tough-1,Sports & Outdoors Sports Other Sports Equestrian Sports Tack Saddles & Accessories Saddle Blankets & Pads Saddle Pads
B08YYFYZ1V,Women's Outdoor UV Protection Foldable Mesh Wide Brim Beach Fishing Hat,"Elastic,Mesh Buckle closure Hand Wash Only ONE SIZE FITS ALL: Outdoor sun hats head circumference is 21-23inches. Hat Height: 4.33 inch, Brim Length: 3.35 inch. Elastic buckle behind womens fishing hat is for adjusting to fit your head size. ADJUSTABLE & BREATHABLE: The rear ponytail hole is specially designed for women. Adjustable chin strap effectively prevents uv protection hat from blowing off in the wind. Come with mesh side panels and moisture wicking sweat band, packable sun hat greatly makes your head cool and ventilated. UPF50+ SUN PROTECTION: Made of high quality waterproof polyester fabric, drawstring hat is quick drying, thin, ultra light and breathable. 3.35inch women wide brim beach hat will provide the optimal protection against harmful UV rays and effectively protect your skin from sunshine. LIGHTWEIGHT & FOLDABLE: Practical and beautiful, foldable caps for women is versatile with multiple looks. It is packable, crushable and flexible without loosing its shape, so ladies ponytail cap can be easily carried inside your handbag and absolutely save lots of space. Ideal for any road trips, travel or weekend getaway. WIDE BRIM DESIGN: Suitable for camping, hiking, gardening, traveling, fishing, boating, hunting, safari, beach, pool, doing yard work and field research or any other outdoor activity for all seasons use. Perfect outside gifts for both men and women",https://m.media-amazon.com/images/I/518C6WsNYSS._AC_UL1030_.jpg,13.95,4.6,105,Sports and Outdoors,Bucaum,Sports & Outdoors Hunting & Fishing Fishing Accessories Fishing Hats
B013HW70GY,"THORINSTRUMENTS (with device) 24"" Large Wooden Buckler Shield Rustic Vintage Home Decor Gifts","24"" Large Wooden Buckler Shield",https://m.media-amazon.com/images/I/416OVFDuxDL._AC_.jpg,159.99,3.1,2,Sports and Outdoors,THORINSTRUMENTS (with device),
B08C2F6CBW,"kemimoto Marine Boat Mirror Upgraded Size 10.5x 4 inches, Universal Boat Rear View Mirror for Ski Boats Pontoon Boats Water Skiing Sport Wakeboarding Surfing","【Sturdy and Adjustable】- We have improved the connection between the mirror and the bracket. It helps to keep steady where to set even in rough water. The joint ball can be rotated 360 degrees to fit your need, and it will stay the place when you tighten the screw. 【Wide Viewing】- The maximum length of the boat mirror is 10.5 inches, and the height is 4 inches. You can easy to see skiing or wakeboarding while driving the boat. The upgraded version of 45 degree angle mirror clip gives you a great field of view! 【Additional Support Pad】- Compared with other mirrors, kemimoto's boat rear view mirrors are equipped with an additional support pad to reduce mirror cracks. 【Easy to Install】- This rear view mirror for the boat is really easy to install, you just need to use the Allen wrench that we provide to fix the screw. We also add a rubber insert to protect your windshield frame scratched. 【Universal Marine Mirror】- This boat tow mirror is suitable for ski boats pontoon boats and other boats with windshield frames, the bracket can be mounted to windshield frames about 1 inch or thinner. If you have any questions about the size, please contact us!",https://m.media-amazon.com/images/I/710XbEf80QL._AC_SL1500_.jpg,52.99,4.5,269,Sports and Outdoors,kemimoto,Sports & Outdoors Sports Water Sports Water Sports Accessories
B0B14HMQX1,Golf Headcovers Golf Alignment Stick Cover Case Holder Premium Leather Holds at Least 2 Sticks,Golf Headcovers Golf Alignment Stick Cover Case Holder Premium Leather Holds at Least 2 Sticks,https://m.media-amazon.com/images/I/51eT8py2wLL._AC_SL1200_.jpg,17.99,4.8,11,Sports and Outdoors,Aliennana,Sports & Outdoors Sports Golf Accessories Head Covers
B07PXQCNX3,"EUROBIKE Mountain Bike,21 Speed Full Suspension Mountain Bike, 27.5"" Mens or Women Bicycle,27.5 Mountain Bikes for Adult(E7 3 Spoke mag Wheels Orange)","Bicycle Specification Frame: 18” steel Frame Fork: MTB Suspension Fork B.B SET: Bearing type Handlebar:Steel Tire: 27.5“*1.95 full balck tire Rim: Mag Alloy or Aluminiu Alloy Rims  Brake: Disc Brake F/Derailleur:Shimano TZ 30 R/Derailleur:Shimano TZ-50 Shifter: Shimano EF-500 Freewheel:7 plus weight: 40lbs fits up to: 5'7""-6' Maximum weight capacity: 300 lbs About install: 1.This bicycle arrives 85% assembled. You will need to install the pedals, front wheel, handlebar and air up the tires.  2. Rotate the fork for 180 degree before assemble the front wheel (the brake will be in front of the bike)  3. Pedal threads are different from left side and right side. L / R signs are marked on the spindle of the each pedal, make sure they are assembled on the right side (when you ride on the bike, left pedal on your left hand, right pedal on your right hand). The right side pedal has a right-hand thread(removes counterclockwise, installs clockwise). The left side pedal has a left-hand thread. Thread both pedals into the crank arms as far as you can by hand.  4.All tools are included in the package,no extra tools Contact us: No matter there have any questions please contact us at the first time.Thank you!",https://m.media-amazon.com/images/I/71v32C-u37L._AC_SL1500_.jpg,269.0,4.0,264,Sports and Outdoors,EUROBIKE,Sports & Outdoors Sports Cycling Bikes Mountain Bikes
B0862V2B5N,"Owner 5311 SSW Cutting Point Octopus Hook, Pro Pack",Up eye forged shank Reversed bend point Super sharp xtra strong point,https://m.media-amazon.com/images/I/61D6Yr0axcL._AC_SL1245_.jpg,22.96,4.7,486,Sports and Outdoors,Owner American,Sports & Outdoors Hunting & Fishing Fishing Terminal Tackle & Accessories Hooks
B00RE80T20,KAVU Pixie Pouch,KAVU Pixie Pouch Accessory Pouch 600D Polyester with rope hand grip,https://m.media-amazon.com/images/I/71Hf5r6lAvL._AC_SL1000_.jpg,15.68,4.8,294,Sports and Outdoors,KAVU,"Sports & Outdoors Outdoor Recreation Camping & Hiking Backpacks, Bags & Accessories Backpacking Packs Hiking Daypacks"
B07C5X9RCG,Cane Creek VALT Lightweight Steel Spring for Coil Shocks 3.00x400,"A higher quality spring greatly improves the performance of your coil shock. VALT springs from Cane Creek are much lighter than traditional steel springs while pushing the boundaries of performance and durability.Also compatible with Manitou, Marzocchi, XFusion, ELKA/MRP, BOS and DSPCompatible with Fox coil shocks with required spring clip adaptorInner diameter of 36.5mm is compatible with all Cane Creek coil shocksItem SpecificationsMaterialSteelStroke3Spring Weight400",https://m.media-amazon.com/images/I/51Y+yaxYt7L._AC_SL1000_.jpg,79.99,5.0,2,Sports and Outdoors,Cane Creek,Sports & Outdoors Sports Cycling Parts & Components Suspension Rear Shocks
B079J19YYK,TaylorMade Rain Control Golf Gloves (Pair),"PERFORM WHEN OTHERS WON’T… Never fear the rain. Take on any course, in any condition, at any time… And enter the clubhouse with a story. Rain Control gives every golfer the grip, comfort, and feel to swing with confidence, even in the wettest conditions.",https://m.media-amazon.com/images/I/915RHinLPmL._AC_SL1500_.jpg,33.5,4.6,908,Sports and Outdoors,TaylorMade,Sports & Outdoors Sports Golf Gloves
B07CHSQSWJ,STMAX Roller Skates Women and Girls Classic Derby 4 Wheels Rink Quad Skate for Kids and Adults Patines para niñas y Mujer Outdoor Rollerskates,"🥇 CLASSIC QUAD SKATE: Expect the most comfortable and safe ride from this four Wheel skates for women and girls thanks to its ergonomic material and high cuff with adjustable lace system 🎁 PERFECT GIFT Roller skates are a perfect Gift for Girls Birthday, graduation or Summer times. Our Quad roller skates are design for all age all size available for kids and for adults. ⛸️ INDOOR AND OUTDOOR SKATES- A high quality, comfortable roller skate that can easily be used indoor for rink skating and outdoor on paved trails, sidewalks and boardwalks. Skates with lightweight torsion beam frame adjustable lace system. Derby Roller skate 👸 ADJUSTABLE WHEELS Adjust the wheels to a much looser position which make them extremely flexible in terms of the level of skill and skating ability. Models available for beginners, intermedium and advance Skaters 💝 FASHIONABLE DESIGNS Pink Red flowers Glittler Shine Bright Diamond Sparkle perfect for Girls and womens looking for Vintage and classic Rink roller skates",https://m.media-amazon.com/images/I/71LNkqPwbCL._AC_SL1500_.jpg,69.95,4.6,1140,Sports and Outdoors,STMAX,"Sports & Outdoors Sports Skates, Skateboards & Scooters Inline & Roller Skating Roller Skates Roller Derby Skates"
B08JH49HP9,Simhoa Waterproof Golf Blade Putter Headcover Durable Club Head Covers Present,"Description: - Waterproof PU leather golf blade putter headcovers- durable, lightweight and stylish - Universal fits almost all blade style putters - Thick lining efficiently protect your club from damage and scratched - Artistic wave sea design makes it more attractive and fashionable - Strong hook loop closure keeps your putter form falling offSpecification: - Material: PU Leather - Size (LxHxW) : Approx. 19 x 15 x 8.5 cm / 7.5 x 5.9 x 3.3 inch Color: BluePackage Includes: 1 Piece Golf Putter Head CoverNote: Please allow slightly difference due to manual measurement. Color may be slightly different since different monitor. Thanks!",https://m.media-amazon.com/images/I/51qAOiIMvJL._AC_SL1024_.jpg,12.99,5.0,4,Sports and Outdoors,Simhoa,
B084ZS7GYN,Zubaz Men's Officially Licensed,"From the beginning, our goal at Zubaz been to develop the world's most comfortable pants for men and women that dare to be different. Today, we strive to advance our unique brand of clothing by merging our classically bold prints with modern athletic styling. Our high-quality fan gear that is officially licensed by your favorite NFL and NCAA teams. We offer a wide variety of distinctive active wear lines that include everything from lounge pants, hats, leggings, shorts, tee shirts, crew neck pullovers and zip up hoodies. Give our sports licensed clothing as the gift that every football fan or alumni will love! Perfect for year-round comfort, this soft and cozy apparel will keep you warm at a winter tailgate party and is lightweight enough to wear all summer long.",https://m.media-amazon.com/images/I/91yxTWbdf6L._AC_UL1500_.jpg,48.24,4.8,541,Sports and Outdoors,Zubaz,Sports & Outdoors Fan Shop Clothing Sweatshirts & Hoodies
B0072X0QPW,Arrow POINT & BROADHEAD LOCK WASHERS - By Cir-Cut Archery Products - 1 Dz. - (ALUMINUM),Aluminum replacement arrow point and broadhead washers. Fits all arrow and broadhead designs. Allows for greater adjustment and alignment of broadheads. Prevents points and broadheads from coming loose. 12 pcs per pack.,https://m.media-amazon.com/images/I/31aXKwm-qWL._AC_.jpg,8.49,3.6,9,Sports and Outdoors,POINT LOCKS,Sports & Outdoors Hunting & Fishing Archery Arrows & Parts Points
B08BPHC6M2,10 Pack Sports Hockey Tape Hockey Tape Good Gear Shin Guard Hockey Tape,"✅ WATER/SNOW PROOF - Water resistant. Strong adhesive. It will not come off during the game. REINVENT YOUR GAME - Each of the hockey tapes from the 10-Pack Clear Tapes by Good Gear sticks perfectly to the stick itself and gives excellent grip in the hands and for the puck. Amazing for all sides of the stick. ✅ EASY RIP OR TEAR - You won't have to struggle when you are done wrapping you shin pads and socks.STRONG ADHESIVE – Dominate your games with tapes that are thick, strong and reliable. We reinforced the tapes with super-strong adhesive so you can use them for long-time with the calculated wear and tear that come from your highly demanding training and games. ✅ VALUE PACK – Upgrade your game with 10 solid clear color hockey tapes! Use per your own custom hockey gear and classy style in different elegant plain colors.LOTS OF TAPE - each roll 1 inch thick, 98 feet long. Almost 1000 feet in total. ✅ MASTERFUL DESIGN – Designed with new set of material combo, Good Grip tapes wrap smoothly, don’t fray or leave annoying edges on the tape roll. Amazingly moisture resistant, it will take long-time before you need to re-tape Tape used by the pros Comformable and Flexible",https://m.media-amazon.com/images/I/71LY4gNEuQL._AC_SL1275_.jpg,22.0,4.7,724,Sports and Outdoors,G GoodGear,Sports & Outdoors Sports Team Sports Ice Hockey Accessories Grips & Tapes
B09X9XW42H,"Gothic Mothman Plushie Doll with Bright Red Eyes, Medieval Style Attractive Evil Moth Stuffed Plush Doll Toy, Magical Home Decor for Bedroom, for Kids Boyfriend Classmate (A)","🦋 Description: Mothman’s bright red eyes could stare you down in an instant, and his huge dark figure cast fear and doubt in so many residents. He is perfect to join you on your vast adventures. This Mothman plushie is looking for a loving and magical home right now. A great gift for your cryptid lover friend or that friend who likes a dark in their home decor. It would look great resting on your bed, sitting on your dresser, or on the shelf with your other plushies. Material: Plush Size: Approx. Height: 8 inches x Width: 9 inches 🦋 Package included: 1x Gothic Mothman Plushie",https://m.media-amazon.com/images/I/71YngD6M-jS._AC_SL1500_.jpg,18.99,1.3,2,Toys and Games,Felicy,Toys & Games Stuffed Animals & Plush Toys Plush Figures
B09G7K3JWQ,Hot Wheels Monster Truck 1:24 Scale 2022 Bone Shaker It All Vehicle with Giant Wheels for Kids Age 3 to 8 Years Old Great Gift Toy Trucks Large Scale,"The Hot Wheels Monster Trucks 1:24 scale die-cast trucks are THE baddest trucks ever built for competition and ultimate dominance! The outrageous vehicles are ready to square off in head-to-head battles with an oversized body and GIANT wheels! Every toy truck package includes fun stats for the monster truck inside, including name, truck type, strength, unique crash attack and motor-vation for great storytelling fun! Each sold separately, subject to availability. Colors and decorations may vary.",https://m.media-amazon.com/images/I/81GjsDlGLLL._AC_SL1500_.jpg,27.98,4.8,17699,Toys and Games,Hot Wheels,Toys & Games Preschool Pre-Kindergarten Toys
B0BQJGV4ZM,WAHFNG 5D Diamond Painting Kits for Kids- Gem Paint by Numbers Diamonds Arts and Crafts for Boys and Girls Ages 6 7 8 Birthday Gifts for Girl 6-8 8-12 Year Old Art Craft Kits Stickers（Transportation）,"FUN AND EASY CRAFTS FOR KIDS - all diamond art gem for kids tools that you need are Include! Your gem art kits for kids includes 12 numbered sticker templates, colored diamonds, 2 pens, 1 clay, 1 plastic trays, 17 PVC bags, instructions! EASY DIAMOND PAINTING CRAFTS FOR KIDS: There are corresponding numbers on each diamond art sticker that mark the places where you stick the diamonds on, making it easy for the beginner to put the bright gem on the sticker and enjoy their crafts. A FANTASTICAL GIFT –This is the Best gifts for girls 8-10 ,6-8 ,Children, Friends, Holidays Halloween , Christmas , Thanksgiving Day , New Year, Birthday, Kid's Valentine's Day or other important days etc . Delight with diamond painting kits for kids from WAHFNG! your gift will make eyes sparkle! We love diamond art for kids. UNLEASH & SPARK YOUR CREATIVITY! Display 12 diamond art stickers to put anywhere you like. Diamond painting is an enjoyable activity. Great for hand-eye coordination, creative expression, fine motor skills, pretend play, and self-confidence.",https://m.media-amazon.com/images/I/81nVjGDNG6L._AC_SL1500_.jpg,9.99,4.5,174,Toys and Games,WAHFNG,Toys & Games Arts & Crafts Craft Kits Paint-By-Number Kits
B0771VXT74,APINATA4U Blue Cube Pinata,Fully assembled handcrafted whack pinata made from quality cardboard Great for Gender Reveal Party,https://m.media-amazon.com/images/I/51zyg0budLL._AC_.jpg,43.99,3.5,3,Toys and Games,A Pinata 4 U,Toys & Games Party Supplies Piñatas
B00061HJ66,TAMIYA 1/35 Brick Wall Set TAM35028 Plastic Accessories Misc,"Tamiya 1/35 Brick Wall Set, TAM35028",https://m.media-amazon.com/images/I/515S1Q88FAL._AC_.jpg,8.7,4.2,87,Toys and Games,TAMIYA,
B0C3VKW1DJ,"SUPER DEAL 40"" Kids Web Tree Swing Saucer Swing Set Combo - 40'' Purple Web Tree Swing + Heavy Duty A-Frame Metal Swing Set, Resilient and Resistant to All Types of Weather","NOTICE: -PACKAGE COMES IN 2 BOXES, FRAME AND SWING WILL BE SHIPPED OUT SEPERATELY TO AVOID DAMAGE IN TRANSIT. -This swing frame is required to be secured into the ground by included stakes to ensure its stability and safety. Please consider it before purchasing! Features: Sturdy powder coating steel A-frame swing stand Durable steel frame saucer swing set with oxford cloth seat and nylon hanging ropes 70.9” height, 86.6” length large swing space frame Weather resistant and waterproof swing seat Easy to install, instruction and required tools included Swing Seat Specifications: Color: Blue, Black / Purple, Black Material: Oxford Cloth, Steel, Nylon Diameter: 40” / 100cm Weight: 8.84 lbs / 4.01kg Weight Capacity: 440 lbs / 200kg Length of Ropes: 63.8” / 162cm Swing Frame Specifications: Color: Blue and Orange Material: Powder Coating Steel Frame Weight Capacity: 220 LB / 100 kg Overall Dimension: 86.61"" x 64.17"" x 70.87"" / 220 x 163 x 180cm (L x W x H) Top Length: 64.6"" / 164cm length",https://m.media-amazon.com/images/I/61QtMXB2g6L._AC_SL1500_.jpg,78.99,4.2,171,Toys and Games,SUPER DEAL,Toys & Games Preschool Pre-Kindergarten Toys Activity Outdoor Play
B0BGXFZDBH,"Larcele Micro Building Blocks Set, DIY Mini 3D Building Toy Bricks,2612 Pieces KLJM-08 (Lion)","Due to the printing craft, please understand that there will be slightly color difference between product and packaging.",https://m.media-amazon.com/images/I/61ujK+d25WL._AC_SL1500_.jpg,32.99,4.2,12,Toys and Games,Larcele,Toys & Games Building Toys Building Sets
B07VPL869D,Smiffys Tea Party March Hare Kit Size: One Size,"Tea Party March Hare Kit, Black & White, Top Hat, Rabbit Ears, Gloves, Bow Tie & Tail 100% Polyester View Size Chart Size: One Size Brand: Smiffy's",https://m.media-amazon.com/images/I/71LrNkt+P2L._AC_UL1500_.jpg,22.84,4.5,188,Toys and Games,Smiffys,Toys & Games Dress Up & Pretend Play Costumes
B08PDQY3DP,"ARRMA Granite, Big Rock, Senton, Typhon 4x4 3s BLX - Front/Rear Shocks (Dampers Springs Granite AR102711",PRODUCT DESCRIPTION Factory Assembled Front & Rear Shocks! Front Shocks: 102mm eye to eye Front Springs: 70mm / Stiffness: 5.71lb/in (1.00N/mm) Rear Shocks: 115mm eye to eye Rear Springs: 80mm / Stiffness: 4.80lb/in (0.84N/mm) Tough molded composite shock bodies!,https://m.media-amazon.com/images/I/81iqPzpJyfL._AC_SL1500_.jpg,69.99,4.5,11,Toys and Games,ARRMA,Remote & App Controlled Vehicles & Parts Remote & App Controlled Vehicle Parts Power Plant & Driveline Systems Suspension Systems & Parts Shock Kits
B0BZGXZBJK,"3 Pack Airplane Launcher Toys for Kids,2 Flight Modes, 2 in 1 LED Foam Glider Catapult Plane Toy With 3 DIY Stickers, Outdoor Flying Toy Birthday Gifts for Boys Girls Age 4 5 6 7 8 9 10 11 12 Year Old","【Upgrade 3 Pack 2 in 1 Airplane Launcher Toys】 Flying height reach 33-65 Feet,Equipped with 3 different coloured airplanes with attractive LED lights,3 DIY stickers and 1 laucher.Kids can throw the foam airplanes for kids by hand or fly the airplane toy with the launcher,which lets children enjoy the visual impact brought by plane gliding. 【Easy To Assemble & Use】 Simple assembe steps help to improve child's hands-on skills, just one minute and 4 installation steps -1. Insert the wing. 2. Insert the tail wing 3. Put these flying toys on the position of the launcher 4. Push and pull the load, pull the trigger, and the glider will take off. 【Safe and Fun Kids Toys】 These glider plane are made of EVA and the laucher is made from ABS material, which are light, flexible and impact resistant, easy to carry, bendable, and not easy to break, even if the foam airplane lands on him/her. It will not harm your children, it is the perfect outdoor toy for children. 【LED Lights Design】 Designed with colorful LED induction lights, which makes kids can enjoy the flying game no matter in days or nights, and can be rescued quickly if landed in a tree.The design of sense light makes it can be worked longer and let children enjoy more happy time 【Looking for the perfect gift for a child's birthday? 】Airplane Toys are ideal for an interactive outdoor toy,a perfect birthday gift for boys or girls kids 3 4 5 6 7 8 9 10 11 12 years old.Foam glider led plane is also a creative game for holiday parties such as toys,carnival, etc.JOY SPOT prioritizes quality products and services, so if you have any questions or issues with your purchase, our customer service team will gladly assist you.",https://m.media-amazon.com/images/I/81-misQ2QLL._AC_SL1500_.jpg,18.99,4.4,29,Toys and Games,JOY SPOT!,Toys & Games Novelty & Gag Toys Flying Toys Airplane Construction Kits
B086MVZLLG,"SXFSE Dollhouse Decoration Accessories, 1:12 Dollhouse Miniature Scene Model Fishing Rod Pretend Play Toy (Red, 6.1 inch)",1:12 /1:6 Dollhouse Miniature Scene Model Fishing rod Pretend Play Toy Feature: Good for 1:12 doll house Real-like design with excellent workmanship A good accessory for your dollhouse And this can make the dollhouse look very attractive and stylish. Please keep it away from children so they do not swallow Main material: Metal Size:6.1 inch Package Content: 1 pc fishing rod,https://m.media-amazon.com/images/I/51zIV7UvN5L._AC_SL1333_.jpg,3.99,4.6,4,Toys and Games,SXFSE,Toys & Games Dolls & Accessories Dollhouse Accessories Décor
B00EYHD42G,LEGO Minifigures Series 11 Scarecrow Mini Figure,LEGO Minifigures Series 11 Scarecrow,https://m.media-amazon.com/images/I/61DkN75aUcL._AC_SL1001_.jpg,27.76,4.4,63,Toys and Games,LEGO,Toys & Games Building Toys Figures
B01N22C4GR,Geomag Robots,"Magicube from Geomag is a new range of products which revolutionizes the junior construction category. this innovative toy is a construction system based on magnetic cubes that attach to each other on all 6 sides. By using the invisible and magical properties of magnetism, children are able to let their imaginations fly and create different shapes, color combinations and even 3D structures. Children are at the heart of magicube, a toy that comes to life with their creativity and allows even the youngest kids to develop their first manual skills with each cube. about Geomag: in 1998, Geomag invented the first magnetic construction toy. Simple elements such as cubes, magnetic rods and steel spheres, connected by a magical force of attraction, continue to allow people of all ages to build incredible structures. Imagination, intelligence, The human mind, magnetism and gravity are all energies that can't be seen but that make our play experience happen in a fun and educational way.",https://m.media-amazon.com/images/I/812rz2Ik38L._AC_SL1500_.jpg,39.01,4.3,64,Toys and Games,Geomag,Toys & Games Novelty & Gag Toys Magnets & Magnetic Toys
B09HXCRK75,"Electric Plush Anti Stress Doll, Desktop Stress Relief for Adults Interactive Toy, Desk Punching Bag Decompress Hit Toy Screaming Doll, Funny Toys for Adults and Children to Vent Stress (Green)","✨『Design styling』-touching punch Me doll It's an interactive toy. The funny and interesting shape makes you want to hit it. It is true that the original intention of this toy is to let you decompress. When hitting it, it will make funny screams. You And kids will love it (Bully it) ✨『Awesome gift』-anti stress doll It can be used as a Ornaments, it will know your emotions. It is a great choice for office and room decorations，You can hit it anytime. This plush toy is suitable for children, girls, boys, and friends on birthdays, children's day, Halloween, Thanksgiving, Valentine's Day, Christmas. ✨『How to use』-First open the bottom battery box, put in two AAA batteries, close the lid tightly, and turn on the bottom power switch. There are 4 suction cups at the bottom of the toy. After cleaning the dust on it, place it on a smooth surface and it will stay upright. Now you can interact with the funny doll ! ✨『Cleaning and maintenance』-When these stress dolls have stains that need to be cleaned, only a small amount of soap and water is needed to remove the stains with a brush, and then air dry. But please don't soak the toy in water, it may cause water damage to the electronic components. ✨『High-quality material』-The anti-compression doll is made of durable material, with a smooth surface, exquisite workmanship, three-dimensional PP cotton,and comfortable feel. It does not contain any harmful substances, so you can play it with your children at ease and relax your stress.",https://m.media-amazon.com/images/I/71pHF4B19ZL._AC_SL1500_.jpg,15.99,4.0,179,Toys and Games,Grekaida,Toys & Games Stuffed Animals & Plush Toys Plush Figures
B003N80696,Daron Big Ben 3D Puzzle,"The most beautiful and famous landmarks in the world are now yours to have in your home. Incredibly detailed, fun to assemble and beautiful to display. Collect them all! Uses 3 AA Batteries; not included. 28 Pieces. 3.5""L X 3.5""D X 15.1""H. The Palace of Westminster, also known as the House of Parliament or Westminster Palace, in London, is where the two houses of the Parliament of the United Kingdom (the House of Lords anf the House of Commons) meet. The palace lies on the north bank of the River thames in the London borough of the City of Westminster, close to the government buildings of Whitehall. The magnificent Gothic Revival masterpiece you see today was built between 1840 and 1888, this was thework of Charles Barry who designed the buildings to blend with nearby Westminster Abbey. The two imposing towers, well known landmarks in London, are the clock tower, named after it's thirteen ton bell called Big Ben, and Victoria tower, on whose flag pole the Union jack flien when parliament is sitting. Much of the Victorian detail of the interior was the work of Barry's assistant Augustus Pugin. The Clock Tower is a focus on New Year celebrations in hte United Kingdom, with radio and television stations tuning to its chimes to welcome the start of the year. During the second world war in 1941, an incendiary bomb destroyed the Commons chamber of the Houses of Parliament, but the clock tower remained intact and Big Ben continued to keep time and trike away at the hours, its unique sound was broadcast to the nation and around the world, a welcome reassurance of hope to all who heard it.",https://m.media-amazon.com/images/I/81cIiRPXPUL._AC_SL1500_.jpg,24.95,4.0,13,Toys and Games,Daron,Toys & Games Puzzles Brain Teasers
B081HGCSTV,Flash Sales ANIMOLDS Squeeze Me Christmas Chicken- Hilarious Screaming Rubber Chicken Toy for Kids Novelty Squeaky Toy | The Perfect Stocking Stuffers for Kids and Adults! (Random Color),The Squeeze Me Christmas Chicken by Animolds is the perfect stocking stuffer or holiday gag gift for kids and adults alike! No matter who receives this as a present they're in for the surprise of a lifetime!,https://m.media-amazon.com/images/I/71-KYh5XisL._AC_SL1500_.jpg,19.99,4.4,136,Toys and Games,Flash Sales,Toys & Games Novelty & Gag Toys Gag Toys & Practical Jokes
B09SHKRDTW,Sunflower Hummingbird Fashion Puzzle Sunflower Hummingbird Wooden Jigsaw Puzzles for Adult Teenagers Leisure Fun Game Toy Suitable for Family Friends Decorative Paintings,"1.This Hummingbird Sunflower Puzzle Is Colorful And Delicate, Which Can Provide You With An Excellent Visual And High Aesthetic Experience. 2.Hummingbird Sunflower Jigsaw Puzzle Is An Educational Toy That Can Exercise Logic And Sensory Coordination. During The Puzzle Process, It Can Calm The Mind And Trigger A Creative Meditation State. It Uses Creativity To Reconnect Our Brains. It Is A Valuable Toy! 3.Exquisite Artistic Patterns Are Your Masterpieces. After You Complete The Hummingbird Sunflower Puzzles, You Can Frame Them With Photo Frames To Add Style To Your Home Decoration. 4.This Size Data Is Normal Due To Different Measurement Methods. The Error Is Within 1-2cm. 5.If You Have Any Questions About Our Jigsaw Puzzle, Please Contact Us In Time, We Will Try Our Best To Solve The Problem For You.Hope You Have A Pleasant Shopping Experience In Our Store.",https://m.media-amazon.com/images/I/71wjP83vHTL._AC_SL1500_.jpg,14.99,4.0,21,Toys and Games,fosgzif,Toys & Games Puzzles Jigsaw Puzzles
B074CFGLHK,TINKSKY Children Halloween Headband Feather Party Witch Hat for Costume Dress up Party Performance Supplies (Black),"Description This item is manufactured with premium material for durable and long lasting use. Simple and creative design makes it perfect prop for all kinds of parties, like Halloween party, costume party, dress up party and performance. With it, you can surely be the attractive and eye-catching one in the party. Featrure - Color: Black. - Material: Plastic. - Size: About 25 * 25 * 27cm/9.84 * 9.84 * 10.63inch(L*W*H). - Made of high quality material, the hat is durable and long lasting use. - Unique witch hat style makes it perfect prop for Halloween to add more fun. - Perfect for lots of parties. It can make you more attractive and eye-catching in the party. - It is a great gift for kids or your friends. Package Including 1 * Children Halloween Headband Feather Party Witch Hat for Costume Dress up Party Performance Supplies (Black)",https://m.media-amazon.com/images/I/71Ca1TEJF0L._AC_UL1500_.jpg,9.04,4.1,294,Toys and Games,TINKSKY,Toys & Games Party Supplies
B07GD7T293,Heavy Duty Storage Box for Proof Sets,Guardhouse heavy duty coin boxs are crafted of 8 mil. chipboard for extra strength and durability. The exterior of the box and lid are covered in a black quality textured exterior wrap. These boxes are designed to withstand the heavy load when filled with coins and holders. They are ideal for transporting your collection and trade shows.,https://m.media-amazon.com/images/I/81M2LEs2aaL._AC_SL1500_.jpg,12.0,4.7,371,Toys and Games,Guardhouse,
B0B7Z9YRL2,"OLÉ RICO - Handmade Mexican Star Decoration, Blue, White, Red colors, Perfect for Fiesta Party Decorations, 2.79 Feet Long",Handmade by specialist Mexican artists in Puebla.,https://m.media-amazon.com/images/I/61PSPv2a2eL._AC_SL1500_.jpg,24.95,3.3,45,Toys and Games,Ole Rico,Toys & Games Party Supplies Piñatas
B07L249MRS,"US Art Supply Cardiff Children's Art Activity Easel with Easel Paper Roll, 2 Large Storage Bins and Now 6 No-Spill Child's Paint Cups and Lids","A versatile quality wooden children's double-sided art activity A-frame easel with a chalkboard, dry erase board and a full roll of 18"" paper and a built-in paper holder, 6 no-spill paint cups, 2 shelf trays and 2 extra large storage bins. It's a fun activity easel that's a great tool for children and toddler's to learn how to paint, draw, write, sketch and more! Children will unleash their creativity, as this easel allows the young aspiring artists to develop their fine motor skills. Has one shelf tray for storage and the second shelf tray includes 6 no-spill paint cups to prevent spills and splatters while painting. Also includes 2 extra large storage bins for keeping chalk, erasers, paint, brushes, pencils, markers, and other essential art supplies within easy reach. Frame made with sturdy pine. Easels hight is adjustable from 46"" up to 54"" high, so adjust it as your child grows. It's 26"" wide with a 25"" wide A-frame base. Both board writing surfaces are 23"" squares. 2 Extra large storage bins that are 18"" long by 11"" wide by 6"" deep. Assembly required. Risk Free Purchase with our 100% Lifetime Satisfaction Guarantee. U.S. Art Supply is an industry leader in Art Supplies, so purchase our products with the confidence that if you're not happy with them at anytime, we'll provide a full replacement or refund.",https://m.media-amazon.com/images/I/71t3YDGmBqL._AC_SL1500_.jpg,129.99,4.6,502,Toys and Games,US Art Supply,Toys & Games Arts & Crafts Easels
B0BPH6X3KH,"Foam Ball Pit for Toddlers, Baby Playpen Memory Soft Round Ball Pits 35.4” x 11.8”, Ideal Gift for Babies Infants Indoor and Outdoor Game- (Balls NOT Included) (Light Grey)","【Product Dimensions】35.4"" x 11.8"" x 1.96"" (outer diameter x height x wall thickness). The baby ball pit can hold up to 500 balls (balls not included) 【Playground】Sturdy thick wall and soft bottom, the foam ball pit provides a playground for babies and toddlers to play indoors. There is no need to worry about the baby being injured, so that the mother can rest assured 【Easy to Clean or Install】The ball pit can be easily disassembled or assembled, and the cover with zipper can also be easily disassembled and washed (40°hand wash) 【High Quality】The soft fabric and smooth surface provide an extremely comfortable and safe playground for kids, provide your family with endless fun and joy, and it can also be a decoration for children's room 【Vacuum-sealed packaging】The infant ball pit is sealed in a vacuum-sealed bag. The foam will expand after opening the box, but it will not immediately return to a perfect round shape. Let it sit for 48 hours to gradually take shape. If the ball pit does not recover, just use the cool mode of the hair dryer to restore it easily",https://m.media-amazon.com/images/I/717D7SeT-EL._AC_SL1500_.jpg,69.99,4.8,30,Toys and Games,bluaqua,Toys & Games Sports & Outdoor Play Ball Pits & Accessories Ball Pits
B0BJNN3C24,Eighty Eight Miracles Mystical Gold Foil and Black Tarot Cards with Guide Book for Beginner Tarot Readers; Large Tarot Deck Extensive Guidebook Symbolic Meanings of Past History and Future Destiny,"Original Artwork Designed in USA: Vibrant prints of transcendental imagery evoke a sense of mystery and serenity with an air of anticipation. These beautiful diagrams were created by spiritual artists in the US who have a deep understanding of the historical significance and accurate portrayal in tarot readings. Incredible Tarot Card Deck: Made to withstand multiple uses daily, this deck is of high quality materials and printing. Using gold foil for the diagrams and gilded edges, this set is a wonder to hold, slide and shuffle in hand and inspiring to use. In-Depth Explainer Guidebook: With approximately 3 times the amount of information as most tarot card guidebooks, ours will answer every question in great detail, providing you with a deeper, more expansive understanding. Tarot Cards for Advanced and Beginner with Guidebook: As a supreme divination tool, this advanced and beginner tarot deck ensures your successful tarot reading journey. Includes a matching tarot card box for safe storage and protection. Thoughtful Gift: There’s a common belief that one’s first tarot deck should be gifted as it will then be bestowed with love and positive karma, so we encourage you to spread the spirit - and if you purchase the set for yourself, do so with love in your heart for yourself and all will be well.",https://m.media-amazon.com/images/I/81JBhV+iD-L._AC_SL1500_.jpg,23.5,4.6,193,Toys and Games,Eighty Eight Miracles,Toys & Games Novelty & Gag Toys Fortune Telling Toys
B09YLD3M5K,Green Toys House Playset - CB2,"Spark imaginative play with the Green Toys™ Fire Station! This playset has everything your little firefighter needs to save the day, including a fire station, fire engine, firefighter cat characters, rotating water cannon, command center, and stackable bunk beds. Open and close the doors to both the front and back of the station, help the cats slide down the fire pole, and race to the rescue in the fire engine, all while helping to develop fine motor cooperative play skills. All pieces fit inside the fire station, so clean-up and storage is a breeze, and the built-in handle makes it easy to take all the fun on-the-go.",https://m.media-amazon.com/images/I/81+AsNNH3sL._AC_SL1500_.jpg,40.8,4.8,7,Toys and Games,Green Toys,Toys & Games Preschool Pre-Kindergarten Toys Pretend Play Toy Figure Playsets
B09C6M35VB,"Peppa Pig Tin Lunch Box with Puzzle Set ~ 5 Pc Bundle with Peppa Lunch Box, 24-Piece Puzzle for Kids, Stickers, Flash Cards, and More (Peppa Pig Activity Set)","Peppa Pig Tin Lunch Box With Puzzle Set ~ 5 Pc Bundle with Peppa Lunch Box, 24-Piece Puzzle for Kids, Stickers, Flash Cards, and More (Peppa Pig Activity Set). This Peppa Pig lunch and puzzle set comes with 1 Peppa Pig tin lunch box measuring 7.75 x 3 x 6.2, with 1 24-piece Peppa Pig jigsaw puzzle for kids and toddlers inside. The Peppa Pig puzzle measures 15 x 12.5 inches when complete and features your favorite characters from Peppa Pig. Ideal for kids ages 3-5 and 4-8, boys and girls alike. This Peppa Pig activity set is great at home or around town. Use the Peppa Pig tin lunch box for school lunch or keep it as your puzzle storage case. Officially licensed Peppa Pig puzzles and games. The Peppa Pig tin lunch box and puzzle activity also comes with 3 packs of Peppa Pig flash cards, Peppa Pig stickers, and a Barn Bots door hanger.",https://m.media-amazon.com/images/I/81SdafoYIIL._AC_SL1500_.jpg,16.95,4.6,47,Toys and Games,Pepp,Toys & Games Puzzles Jigsaw Puzzles
B00Z9TLVK0,NBA 2K17 - Early Tip Off Edition - PlayStation 4,"Following the record-breaking launch of NBA 2K16, the NBA 2K franchise continues to stake its claim as the most authentic sports video game with NBA 2K17. As the franchise that “all sports video games should aspire to be” (GamesRadar), NBA 2K17 will take the game to new heights and continue to blur the lines between video game and reality.",https://m.media-amazon.com/images/I/81MtBG4xXhL._SL1500_.jpg,58.0,4.3,223,Video Games,2K,Video Games PlayStation 4 Games
B07SZJZV88,Nintendo Selects: The Legend of Zelda Ocarina of Time 3D (Renewed),Authentic Nintendo Selects: The Legend of Zelda Ocarina of Time 3D Does not come with original case or manuals. Cartridge only Cartridge and label are in nice condition Fully tested and guaranteed,https://m.media-amazon.com/images/I/81dM82yx6wL._SL1500_.jpg,37.42,4.9,22,Video Games,Amazon Renewed,Video Games Legacy Systems Nintendo Systems Nintendo 3DS & 2DS Games
B0001ZNU56,"Spongebob Squarepants, Vol. 1","Now you can watch the wild underwater antics of SpongeBob SquarePants on your Game Boy Advance, with this collection of 4 great episodes. In ""Hall Monitor,"" an overzealous SpongeBob becomes the new Hall Monitor at Mrs. Puff's Boating School, and extends his jurisdiction to the unsuspecting citizens of Bikini Bottom. In ""Jellyfish Jam,"" SpongeBob takes a wild jellyfish home and discovers that they multiply quickly when they take over his house! In ""Jellyfishing,"" SpongeBob and Patrick unwittingly thrust poor Squidward, who is recovering from an accident, into the hazardous rigors of their favorite pastime, jellyfishing. In ""Plankton,"" evil Plankton takes control of SpongeBob's brain, and SpongeBob must fight his own body to prevent himself from revealing the top secret Krabby Patty recipe!",https://m.media-amazon.com/images/I/611XSBQ4RBL.jpg,33.98,4.4,32,Video Games,Majesco,Video Games Legacy Systems Nintendo Systems Game Boy Systems Game Boy Advance Games
B07H93H878,eXtremeRate Soft Touch Top Shell Front Housing Faceplate Replacement Parts with Side Rails Panel for Xbox One X & One S Controller (Shadow Purple),"Compatibility Models: Ultra fits for Xbox One X & One S controller ; Not compatible with Xbox One Elite controller & Standard Xbox One Controller.Check the second picture of the listing before purchase Fit Perfectly: Fit the best by far; Completely fits flush on all side; Sit properly on all the clips Package Includes: 1 * Faceplate shell ; 1 * Right side rails; 1 * Left side rails;1*Open Shell Tool;1 * T8H screwdriver; 7* screws. (IMPORTANT: The controller and other parts are not included.) Installation Skills Required: Required customers to take apart the controller to install this front housing shell; Required customers handy with controller modifications Personalized Feature: The shadow purple color looks great; Great smooth grip, soft in hand and feels silky; Anti slip, sweat free for a long period game playing",https://m.media-amazon.com/images/I/711FCClp7qL._SL1500_.jpg,17.59,4.5,3061,Video Games,eXtremeRate,"Video Games Xbox One Accessories Faceplates, Protectors & Skins"
B07DL353F8,Tales of Vesperia - Definitive Edition - PlayStation 4,"A power struggle begins in a Civilization dependent on an ancient technology, the blastia, and the empire that controls it. The Fates of two friends traveling separate paths intertwine in an epic adventure that threatens the existence of all. Celebrating its 10th anniversary, tales of vesperia is One of the most beloved entries in the 'tales of' series and returns with beautifully remastered full HD graphics, never before seen characters, expanded story, and much more!. Entertainment Software Rating Board (ESRB) Content Description: Alcohol reference, blood, fantasy violence, mild language, simulated gambling, suggestive themes.",https://m.media-amazon.com/images/I/91CYWX6BlTL._SL1500_.jpg,20.95,4.8,1389,Video Games,BANDAI NAMCO Entertainment,Video Games PlayStation 4 Games
B00BJH85SW,Turbo: Super Stunt Squad - Nintendo 3DS,"Product Description Turbo: Super Stunt Squad is a high-velocity action racing game featuring the super-charged crew from the film Turbo. Each character has their own signature style and tricked-out skills such as jumps, drifts, grinds, flips and other super-cool stunt moves. Expert skills will also prove useful to earn power-ups, customize your character, discover shortcuts, and win the race in the larger-than-life environments of Turbo! From the Manufacturer Turbo: Super Stunt Squad Turbo: Super Stunt Squad is a high-velocity action racing game featuring the super-charged crew of characters from the film. Each playable character has their own signature street style and tricked-out skills which will come in handy when showing-off and earning respect with jumps, drifts, grinds, flips, and other stunt moves. Expert skills will also prove useful to earn power-ups, customize your character, discover shortcuts, and win the race in the larger-than-life environments of Turbo . Key Features Speed, jump, drift, grind, and flip through various levels with your favorite characters from the film including Turbo, Whiplash, Smoove Move, Skidmark, and Burn. Speed, jump, drift, grind, and flip through various levels with your favorite characters from the film including Turbo, Whiplash, Smoove Move, Skidmark, and Burn. Use the environment to perform one-of-a-kind Turbo-ized stunts to get you ahead in the race. Use the environment to perform one-of-a-kind Turbo-ized stunts to get you ahead in the race. Unique levels based on locations from the film let you catch speed and perform stunts in locations like the Dos Bros Taco Stand and Starlight Plaza, all from a snail's point of view. Unique levels based on locations from the film let you catch speed and perform stunts in locations like the Dos Bros Taco Stand and Starlight Plaza, all from a snail's point of view. Design, upgrade, and unlock highly-customizable shells and abilities for each of your favorite Turbo characters. Design, upgrade, and unlock highly-customizable shells and abilities for each of your favorite Turbo characters. Developer: Torus Games",https://m.media-amazon.com/images/I/81j9L2J2OqL._SL1356_.jpg,4.97,4.1,26,Video Games,D3 Publisher,Video Games Legacy Systems Nintendo Systems Nintendo 3DS & 2DS
B09QXCZ6CX,"Replacement Screen for Nintendo Switch Lite, LCD Screen Display Panel + Adhesive + Screen Protector Repair kit for Switch Lite.","COMPATIBILITY: Compatible with Nintendo Switch Lite only. (*The adhesive needs to be cut into small pieces according to the screen size to fix the new digitizer.) QUALITY ASSURANCE: Each screen is rigorously tested before shipment to ensure that there are no damages or spots. PROFESSIONAL SKILLS REQUIRED: If you are inexperienced, we recommend that you search YouTube for installation tutorials or have a professional install it for you to prevent damage to your Switch. PACKAGE INCLUDES:1* LCD Screen for Switch Lite, 1* Screen Protector, 1* Adhesive(*The adhesive needs to be cut into small pieces according to the screen size to fix the new digitizer.) GUARANTEE: 1-Year quality warranty and 30 days of money-back. Backed by a 100% satisfaction. If you're not happy for any reason, please feel free to contact us.",https://m.media-amazon.com/images/I/61GZ3aelBaL._AC_SL1500_.jpg,46.99,4.5,26,Video Games,Generic,"Video Games Nintendo Switch Accessories Faceplates, Protectors & Skins Screen Protectors"
B0C3LTVMNZ,Anivia Headphones with Mirrophones Wired Headset for PC(Black),gaming headset,https://m.media-amazon.com/images/I/616-+GL3OgL._AC_SL1500_.jpg,13.99,4.0,816,Video Games,Anivia,Video Games Xbox One Accessories Headsets
B07J1TD61J,SteelSeries Arctis Pro + GameDAC Wired Gaming Headset - Certified Hi-Res Audio - Dedicated DAC and Amp - for PS5/PS4 and PC - White,"Product Description Arctis Pro + GameDAC delivers gaming's first certified Hi-Res Audio system, ensuring you hear high-fidelity 96 kHz/ 24 bit, full resolution audio at its purest, with no down-sampling. The gaming audio system includes the legendary ESS Sabre DAC and amp, guaranteeing your audio comes through with unsurpassed quality. Plus, Arctis Pro + GameDAC is designed with luxury materials like polished steel and aluminum alloy, and the exclusive Arctis ski goggle headband and AirWeave performance fabric ear cushions. The Arctis Pro headset features a studio-quality ClearCast microphone for unparalleled voice clarity and background noise cancellation. Note: The customer should ensure the latest firmware is installed. Note: The customer should ensure the latest firmware is installed Set Contains: SteelSeries Arctis 1 Wired Gaming Headset",https://m.media-amazon.com/images/I/71yg5CH0q5L._SL1419_.jpg,182.93,4.3,468,Video Games,SteelSeries,Video Games PC Accessories
B001EYUX4Y,"Warhammer 40,000 Dawn of War Game of the Year - PC","From the Manufacturer This Game of The Year Edition features four new maps unique to this edition, four maps previously only available online and new online features, including Observer Mode, Friends list and Arranged Teams. Ten thousand years have passed since the treasonous acts of Chaos toppled the Golden Age of mankind. Fires burn brightly throughout the galaxies, illuminating carnage and slaughter as mankind defends itself from ancient enemies. Hardened forces collide with one goal in mind, the complete extermination of their opposition. Warhammer 40,000 Dawn of War is a revolutionary science fiction real-time strategy (RTS) game set in the violent, post-apocalyptic universe of the 41st Millennium. Utilizing the exceptional game design skills of Relic Entertainment, Dawn of War provides an immersive entertainment experience of epic proportions. Command hardened troops, deadly vehicles and high tech weaponry with one goal in mind, the complete extermination of the opposition. Whether you lead Humanity's finest - the Space Marines, the diabolic and villainous traitors of man - the Chaos Space Marines, the brutal and savage beasts - the Orks, or the psychic and technologically advanced alien warriors - the Eldar, you control the action and the fate of your race! With Relic's revolutionary 3D engine and zoom in features, each game is certain to provide awe-inspiring, visceral frontline combat never before depicted in an RTS. Features Visceral cinematic melee and ranged combat - Realistic unit animations provide the most detailed combat depicted in a real-time strategy game Visceral cinematic melee and ranged combat - Realistic unit animations provide the most detailed combat depicted in a real-time strategy game Four Unique Races - Command the Eldar, Space Marines, Orks or Chaos, each with their own unique tech tree, structures, abilities, and research, in epic battles for control of the universe and the eradication of one's foes Four Unique Races - Command the Eldar, Space Marines, Orks or Chaos, each with their own unique tech tree, structures, abilities, and research, in epic battles for control of the universe and the eradication of one's foes Cutting Edge 3D Engine - Relic's proprietary, robust 3D engine provides close in zooms of unprecedented detail accentuating the carnage and slaughter of frontline battles. Appropriate scaled terrain, vehicle physics, and dynamic lighting contribute to a level of realism never displayed in an RTS Cutting Edge 3D Engine - Relic's proprietary, robust 3D engine provides close in zooms of unprecedented detail accentuating the carnage and slaughter of frontline battles. Appropriate scaled terrain, vehicle physics, and dynamic lighting contribute to a level of realism never displayed in an RTS Innovative Resource Model - Resource model that emphasizes the capturing and securing of key strategic points throughout a map, focusing action on the frontline Innovative Resource Model - Resource model that emphasizes",https://m.media-amazon.com/images/I/61TV2892Z5L.jpg,29.95,4.0,68,Video Games,THQ,Video Games PC Games
B001ECIV54,Scooby Doo Who's Watching - Sony PSP,"Scooby Doo! Who's Watching Who? is great animated action with Scooby and the gang. Mystery, Inc. is facing one of its toughest cases -- and it's got less to do with ghosts than with their rivals. A new team of ghost hunters called GSI (Ghost Scene Investigators) is out there, competing with the gang. They'll have to race them to unmask a series of classic ghosts, while travelling cross-country.",https://m.media-amazon.com/images/I/91RDmQW0UgL._SL1500_.jpg,13.73,3.8,33,Video Games,THQ,Video Games Legacy Systems PlayStation Systems
B00004SVXD,Tiger Heli - Nintendo NES,"The country of Cantun has only one thing on its mind: global domination. So far, all military attempts to attack the country of terrorists have failed. The last hope is a top secret, billion-dollar chopper that has yet to be tested, the Tiger-Heli. It's your job to pilot the Tiger-Heli into Cantun and annihilate all military equipment you see there. You'll go up against all types of vehicles, such as tanks, ships, and bomber planes. With your incredible maneuverability and unlimited firepower, you might just stand a chance. Along the way, pick up items that will give you help in the form of another chopper or powerful weapons. The fate of the world rests in your hands. Save it with the Tiger-Heli.",https://m.media-amazon.com/images/I/61MrfzscWbL._SL1427_.jpg,9.99,4.1,36,Video Games,LJN GAMES,Video Games Legacy Systems Nintendo Systems Nintendo NES Games
B00NVH3WJU,Disney INFINITY: Marvel Super Heroes (2.0 Edition) Power Disc - Spider-Copter,infinity disc,https://m.media-amazon.com/images/I/71JzIU6NYzL._SL1000_.jpg,3.95,4.5,24,Video Games,Disney,Video Games Disney Interactive Studios
B0725ZD6QD,Pro Evolution Soccer 2018 - Xbox One Legendary Edition,"*The DLC (Downloadable Content), Trials/Subscriptions may or may not be included and are not guaranteed to work* Where Legends Are Made' encapsulates the return of PES, with new features, modes and an unparalleled gameplay experience. This year's edition bring the biggest changes to the award winning series seen in a decade, which will set a new standard for soccer games, and raise expectations for the future of the franchise. No part of PES 2018 has been left untouched, giving you new ways to play with a number of gameplay improvements",https://m.media-amazon.com/images/I/81XBV1HQlhS._SL1500_.jpg,15.99,3.7,12,Video Games,Konami,Video Games Xbox One Games
B091TBL236,"YOWU RGB Cat Ear Headphone 3S Wireless Bluetooth 5.0 Foldable Gaming Headset with Built-in Mic & Customizable Lighting and Effect via APP, Type-C Charging Audio Cable, for PC Laptop Mac Smartphone","【App Control】YOWU Headset adopts dual lamp design (outline lamp + line lamp), the design of the light shape at the earmuffs is the YOWU logo shape. You can customize the light color, light mode, and the light effects and sound effects via APP. And have a built-in music library while you can collect the songs and set the timer to turn the audio off after whatever amount of time suits you. Just tap the “⚡” icon on the top left corner to enable or pause the corresponding functionality. 【Wireless 5.0 Headphones】Configure Wireless 5.0 Support aptX Low Latency, able to connect the system stably, realize fast transmission within 10 meters. High-efficient encoding makes the sound retain more details. Make the sound quality more pure. Whether listening to music or playing games, always comes with higher sound quality. Compatible with Smartphone, Tablets, Laptops, Desktops. 【Enjoy Music/Games while Charging】We have improved this AUDIO CABLE upgrade to TYPE-C. This 2 in 1 usb Type-C audio charging cable is not only can play audio from your laptops or desktop in your headphones, but also can charging your headphones at the same time. Auto-disconnect to protect battery when fully charged. 1.6 Hours Fast charging for 48 hours playing time without lighting, or 3-20 hours playing time with lighting. 【Physical Noise-reduction promote Immersion Experience】Select high-quality PU leather, skin-friendly and breathable, use high-density sponge, soft and comfortable. Completely wrapped ears to achieve high quality physical noise reduction effect. 【Built-in Microphone】Built-in high-definition microphone, no current noise interference，provides clear voice calls. Built-in 40mm high-quality driver unit, the unit curve is fine, wide frequency and large sound range. High-fidelity and highly detailed restoration offers high quality sound. Suitable for all the different types of games and music.",https://m.media-amazon.com/images/I/61Wn4SrViHL._AC_SL1500_.jpg,109.0,4.2,315,Video Games,YOWU,Video Games PC Accessories Headsets
B08TBXXCZW,Decal Moments PS5 Standard Disc Console Controllers Full Body Vinyl Skin Sticker Decals for Playstation 5 Console and Controllers Avengers,"These are vinyl skins sticker ONLY. A good decal skin not only helps to protect your machine from dust and scratches, but also keep it in good look. Decal easy to install and remove, no scratch will be left when decal has been removed.",https://m.media-amazon.com/images/I/71JVjt1KxpL._SL1100_.jpg,15.6,4.2,22,Video Games,Decal Moments,Video Games PlayStation 5 Accessories
B08928XH3Y,TXEsign Wall Mount Holder for Nintendo Switch Dock Station Adhesive Small Wall Shelf Floating Wall Mount Stand for Switch Dock(Silky White & Transparent),"Compatible - PVC Adhesive Wall Mount NS Switch Dock Holder Feature - Our mount secures the Switch in place and the PVC tape nails can prevents NS Switch Dock from fell down. holds the base unit firmly Materials 7.12”(L) x 3”(W) x 2.5”(H) To ensure that you received a TXesign branded product, Make sure you are purchasing ONLY from TXesign",https://m.media-amazon.com/images/I/51yMEu5+uvL._AC_SL1280_.jpg,16.88,4.5,88,Video Games,TXEsign,Video Games Nintendo Switch Accessories Hand Grips
B004BLJPZU,MX vs ATV Reflex [Download],"Product Description BECOME THE RIDER. Dual controls separates man from machine to give unparalleled precision and ability to perform death-defying stunts. Grip tight and hang on, racing has been redefined. LEAVE YOUR MARK. Battle for position and avoid catastrophic disaster as you blitz through motocross mayhem. Fight for traction and dig up the track to force the competition to carve new race lines. From the Manufacturer MX vs. ATV: Reflex marks the highly anticipated return of the best-selling off-road racing franchise. Merging familiar features like the franchises trademark over-the-top, multiple vehicle type off-road racing and trick gameplay, with new features like 12-player race support, the all-new Rhythm Racing 2.0 physics engine, the revolutionary Rider Reflex control system and real-time terrain deformation, Reflex is positioned to take the lead in 2009 in off-road racers on your Xbox 360. .caption { font-family: Verdana, Helvetica neue, Arial, serif; font-size: 10px; font-weight: bold; font-style: italic; } ul.indent { list-style: inside disc; text-indent: -15px; } table.callout { font-family: verdana; font-size: 11px; line-height: 1. 3em; } td.vgoverview { height: 125px; background: #9DC4D8 url(https://images-na.ssl-images-amazon.com/images/G/01/electronics/detail-page/callout-bg.png) repeat-x; border-left: 1px solid #999999; border-right: 1px solid #999999; padding-left: 20px; padding-right: 20px; padding-bottom: 10px; width: 250px; font-family: verdana; font-size: 12px; } Over-the-top off-road fun. View larger . A wide array of vehicle classes. View larger . Easy to use controls. View larger . 12-player multiplayer support. View larger . Real-time environment deformation. View larger . Gameplay Similar to earlier games in the MX vs. ATV series, gameplay in Reflex revolves around multiplayer racing (12-player), across a wide variety of off-road race event types. These events encompass everything from motocross, supercross, omnicross and others and also feature a high level of trick completion, judged with several parameters in mind. Vehicles used in the races run the gamut from specific MX bikes, and ATVS, to super buggies and trucks. Gameplay in the dirt-covered environments faced require skill and guts to master. Along with the new Rhythm Racing 2.0 physics engine, MX vs. ATV: Reflex helps players achieve in these areas with a new control scheme, Rider Reflex. Rider Reflex Build around dual stick controls, the Rider Reflex control scheme built into MX vs. ATV: Reflex is designed to revolutionize the way you race in several different ways. The first of these is by improving precision turning when you need it. With the left stick controlling the bike and the the right the direction that the rider leans, tighter and faster turns are possible by jerking the two stick in the same direction, carving the player to a stop or changing direction in a instant, just as you would on a real bike. Similarly this ability to use the rider's weight,",https://m.media-amazon.com/images/I/91ZmUfUj4XL._SL1500_.jpg,4.99,3.7,25,Video Games,THQ Nordic,Video Games PC
B08WLJ8WF2,"eXtremeRate Replacement D-pad R1 L1 R2 L2 Triggers Share Options Face Buttons, Scarlet Red Full Set Buttons Compatible with ps5 Controller BDM-030 - Controller NOT Included","Custom replacement buttons are only compatible with ps5 Controller BDM-030, not fit for other model controllers (Please check the second picture of the listing before purchase) Unique replacement buttons to add much more personality to your controller, making your controller stand out in the crowd. Precision cut to work exactly like the original buttons Made of premium ABS material, durable and practical. A variety of colors are available, you can combine eXtremeRate decorative shell and touchpad to customize your controller Required customers to take apart the controller to replace these full set buttons; Required customers handy with controller installation; Get the installation video guide on YouTube by searching “eXtremeRate buttons compatible with ps5 Controller BDM-030"" or ""yRKFoOxy9T8"" Package includes: 1*Direction pad, 1* Action buttons set, 1* R1 L1 R2 L2 triggers, 1* Share Options buttons, 1* Cross screwdriver, 1* Open shell tool, and spare screws (The controller, thumbstick and other parts are not included.)",https://m.media-amazon.com/images/I/61edGoCxKNL._AC_SL1500_.jpg,12.99,4.5,1234,Video Games,eXtremeRate,Video Games PlayStation 5 Accessories Accessory Kits
B09SRXBT8Y,Nintendo Switch Sports (Nintendo Switch) (European Version),Nintendo Switch Sports,https://m.media-amazon.com/images/I/71CAI-4k4RL._AC_SL1500_.jpg,40.85,4.7,4930,Video Games,Nintendo,Video Games Nintendo Switch Games
B0735JWDMF,PS4 ACE COMBAT 7: SKIES UNKNOWN (US) [video game],Curated product from Video_Games.,https://m.media-amazon.com/images/I/61gFqqpQL2L._SL1020_.jpg,24.5,4.4,961,Video Games,Classic Officials,Video Games PlayStation 4 Accessories
B0185MMKYS,Zombi PlayStation 4,"London is falling. Are you prepared? The Last Blight is upon us. It was foretold. For the second time in history, a great plague has shrouded London in a fog of death. Big Ben tolls as thousands of unprepared die, or worse, are infected by a sickness more gruesome than death. You’re still breathing, for now, but how long will you survive the labyrinth of London’s streets and underground canals, abandoned by the outside world and surrounded by infected? The horrifying remains of humanity, ravaged by the terrifying disease, are shuffling through the streets, waiting at every turn to prey on your living flesh. The nail-biting survival experience of ZombiU has been upgraded for download on next-gen consoles and PC. ZOMBI takes the power of the latest generation of hardware to bring you a new level of horror. Test your will to survive, but beware: death is permanent, and one wrong move can cause you to lose everything. Features PURE SURVIVAL HORROR Resources are scarce, your enemies are numerous, and you never know when you’ll find more weapons, ammunition, first aid, or food. How you allocate your resources determines if you live or die. WITH PERMADEATH, EVERYTHING IS AT STAKE Survival is not guaranteed. Once you die, your character becomes infected and joins the horde of undead shambling through London. You’ll come back as an entirely new character and try to survive, again, with your first mission being to retrieve your previous character’s supplies. BUG-OUT BAG Your bug-out bag holds all your possessions, tools, inventory, first aid kits, maps, and more. Don’t get distracted, as zombies can attack you at any moment. If you die, your bag stays with your old character, who is now a zombie. Will you risk it all to get your bag back, or start scavenging anew?",https://m.media-amazon.com/images/I/91h5quPUyIL._SL1500_.jpg,24.99,4.2,197,Video Games,Zombi,Video Games PlayStation 4 Games
B0013953N6,"Universal Remote Control For X Box 360 & PS II, Playstation 2, Systems Does not need programing.",Smaller and simpler remote for 360 & PS2. Does not need to be programmed. Fewer confusing buttons. Only 13 total.,https://m.media-amazon.com/images/I/51KQNqFPBEL.jpg,19.99,3.6,22,Video Games,DVD Gamer,
B00BW800LI,Cobi Treasure Deluxe [Download],"Help Sally the Seahorse collect and match all the ocean treasure as it falls to the Seabed. Match the falling ocean gems and play through 3 exciting and absorbing game modes in this perfect blend of relaxation and gem matching fun for all the family. System Requirements Minimum Specifications: OS: Win 7, Vista and XP Processor: 1Ghz RAM: 512 MB Hard Drive: 30 MB Video Card: ATI, Nvidia or Intel HD Additional Info: OpenGL compatible",https://m.media-amazon.com/images/I/81bT-66LfKL._SL1500_.jpg,1.99,2.7,6,Video Games,Cobra Mobile,Video Games PC Games
B002197J3O,Sing It - Xbox 360,"If you love singing along with your favorite Disney stars, you'll have a blast rocking out to all the hot songs in Disney Sing It. This awesome karaoke-style game lets you show off your vocal stylings on an array of songs from popular Disney artists and programs. Become the star of the show and prove you have the pipes and the performing style to take center stage. With Disney Sing It, you can sing your heart out to 35 incredible songs and music videos from artists like Jesse McCartney and Aly & AJ, as well as movies and series such as Camp Rock and Hannah Montana. Imagine yourself in your own version of High School Musical with hit songs from the first two films, and improve your performance with vocal tips and exercises from High School Musical star Olesya Rulin. Combine your voice with a friend's in Duet mode, or compete with your pals to see whose rendition has the most accuracy and flair in Versus mode. Lift your voice in song with Disney Sing It and demonstrate your own Disney-style star power.",https://m.media-amazon.com/images/I/81lYK5YP8SL._SL1500_.jpg,16.99,3.8,45,Video Games,Disney Interactive Studios,Video Games Legacy Systems Xbox Systems Xbox 360 Games
B000S5JGMU,Washburn Classical Series Acoustic Electric Cutaway Guitar,"C64SCE CLASSICAL GUITAR The cutaway allows access to the upper registers, a necessity with modern classical compositions. Its durable construction provides a new level of consistency in any performing situation. Now comes standard with the B-Band™ A3 preamp.",https://m.media-amazon.com/images/I/71ARKER5wjL._AC_SL1500_.jpg,399.0,3.6,15,Musical Instruments,Washburn,Musical Instruments Guitars
B00B2HLWZW,"VocoPro, plug in, Black, 21.00 x 21.00 x 23.00 (UHF18DIAMONDCRYS)",VocoPro UHF-18 DIAMOND - N Wireless Microphone System,https://m.media-amazon.com/images/I/61VxCdHkPeL._AC_SL1200_.jpg,112.0,3.5,7,Musical Instruments,VocoPro,Musical Instruments Live Sound & Stage PA Systems
B0B89ZSYS7,"Shure SM7B Vocal Dynamic Microphone for Broadcast, Podcast & Recording, XLR Studio Mic for Music & Speech, Wide-Range Frequency, Warm & Smooth Sound, Rugged Construction, Detachable Windscreen - Black","The SM7B dynamic microphone has a smooth, flat, wide-range frequency response appropriate for music and speech in all professional audio applications. It features excellent shielding against electromagnetic hum generated by computer monitors, neon lights, and other electrical devices. The SM7B has been updated from earlier models with an improved bracket design that offers greater stability. In addition to its standard windscreen, it also includes the A7WS windscreen for close-talk applications. Popular radio and TV mic features excellent shielding against electromagnetic hum. Plus mounting bracket. Impedance: 150 ohms for connection to microphone inputs rated at 19 to 300 ohms.",https://m.media-amazon.com/images/I/71LYHO3+wnL._AC_SL1356_.jpg,399.0,4.9,9512,Musical Instruments,Shure,Musical Instruments Microphones & Accessories Microphones Dynamic Microphones Vocal
B00HXKFQLI,"Fretless Finger Guide Learning Manual, Song Library and Full Size Violin (4/4) Guide.","Learn how to play right handed violin or how to fiddle with the Fretless Finger Guides learning method manual, song library and fingerboard guide. The fingerboard Guide is made from adhesive free static cling vinyl. It clings to itself, not to your violin. A better way to learn violin. The manual contains color coded violin sheet music for 14 songs, 16 scales, and a violin note finder chart with complete instructions for how to find any note in a music score or scale composed for first position violin. An introduction to bowing, basic music theory and music terminology gives you easy to understand information that helps you get started. An explanation of scale theory and how scales are played on the fingerboard. The scale section provides the basic foundation you need to play violin or fiddle music. Includes an introduction to rhythm, tempo and timing, the big three when it comes to the soul of a song. This learning method and song library includes the patented Fretless Finger Guide which shows first position notes on a full size (4/4) violin or fiddle fingerboard. The learning method, song library and our Fretless Finger Guide are the tools you need to easily learn where the notes are on the music staff and your fingerboard. Learning scales and songs has never been easier. Our color coded diagrams provide a no-miss road map that shows you exactly how to find the first position notes on the music staff and your violin or fiddle fingerboard. 2013 Fretless Finger Guides",https://m.media-amazon.com/images/I/515aG7xSu5L._AC_.jpg,18.81,3.7,18,Musical Instruments,Fretless Finger Guides,Musical Instruments Instrument Accessories Orchestral Strings Accessories & Parts Parts Violin
B0891SBM1L,"Fender Classic Series Case Stand, 3-Guitar, Black","Product Description Fender Instrument Case Stands are a great way to display and protect multiple instruments. This case stand looks like a traditional case but easily turns into a stage-worthy guitar stand. Crafted with road-reliable materials, this 3-ply hard-shell wooden case boasts a vinyl-wrapped steel carry handle and steel latches. The soft, crushed-acrylic plush interior lining ensures your guitars remain scratch and damage-free. From the Manufacturer Fender Instrument Case Stands are a great way to display and protect multiple instruments. This case stand looks like a traditional case but easily turns into a stage-worthy guitar stand. Crafted with road-reliable materials, this 3-ply hardshell wooden case boasts a vinyl-wrapped steel carry handle and steel latches. The soft, crushed-acrylic plush interior lining ensures your guitars remain scratch and damage-free.",https://m.media-amazon.com/images/I/713HvBQpBJL._AC_SL1500_.jpg,210.46,4.5,80,Musical Instruments,Fender,"Musical Instruments Instrument Accessories Guitar & Bass Accessories Stands, Hangers & Racks Stands Multiple"
B01HY530RS,StewMac Guitar Tech Wrench Set,"6 sizes guitar techs use all the time These three double-ended wrenches fit jacks, pots, switches, bridge studs, stompboxes… Just about every wrench you need for guitars and amps. Quality hard-plated steel Slim enough to slide under control knobs, and into tight spaces, but tough enough for professional repair shops. ""Now I have the most common size wrenches fit right in my guitar case. Very cool."" — Erick Coleman, Repairman and StewMac Tech Adviser SAVE when you buy the Guitar Tech Screwdriver and Guitar Tech Wrench Set together! Inches on one end, metric on the other 1/2"" + 14mm: output jacks on acoustics and electrics; DC input jacks on effects pedals; our flush-mount jack 7/16"" + 12mm: control pots and TonePros™ Locking Studs 3/8"" + 10mm: amp chassis and speaker nuts; threaded tuner bushings 6"" long (152mm).",https://m.media-amazon.com/images/I/81l92r4jvGL._AC_SL1500_.jpg,26.45,4.6,73,Musical Instruments,StewMac,Musical Instruments Instrument Accessories Guitar & Bass Accessories Tools
B002EEP8F2,VocoPro VP-300 PRO Single Space 300W Professional Power Amplifier,150W Plus 150W RMS (4 Ω). 300W Plus 300W max (4 Ω). THD: 0. 05-Percent . Frequency response:. 20Hz-20kHz,https://m.media-amazon.com/images/I/31N4ViO6o0L._AC_.jpg,355.47,5.0,3,Musical Instruments,VocoPro,Musical Instruments Live Sound & Stage Power Amplifiers
B01547ST2E,EXMAX® ATG-100T 195-230MHz Wireless Tour Guide System Microphone for Language Interpretation Church Traning Translation Conference Interpretation Travel (1 Transmitter 10 Receivers),"EXMAX wireless audio transmission system could transmit voice of who speaking to microphone of transmitter to the ones wearing earphone of receivers,transmission distance is about 50-60 meters (164-197ft).99 frequency channels on 195MHz-230MHz means it has 99 selected IDs allowing at least 40 groups to work simultaneously.Widely used for field trip,tour guides,exhibition live explanation, sermon interpretation,silent conferences,church translation,audio visual laboratory,events for church,hajj.. Transmitter weighs 56g and receiver weighs 46g,Small and light for carry or carriage.High S/N Ratio(≥90dB) ensures clear voice transmission. Long-Lasting Power,both transmitter and receivers are built-in 900mAh lithium upgraded battery to guarantee more than 18 hours working.One transmitter could pair up countless receivers so long as on the same frequency channel.Transmitter has 3.5mm input jack, it supports AUX( such as MP3, Smartphone,MP4,CD ) and MIC input. The wire of microphone and earphone has antenna function, please do unfold the wire of the microphone and earphone to enhance the voice signal transmission. On each group, transmitter and receivers should be set on the same frequency Channel ID,for example, Group A: transmitter A is set on Channel ID 05, so receivers A should be set on Channel ID 05 accordingly.But different groups should use different frequency Channel ID, so they will not interfere with each other when work simultaneously. EXMAX ATG-100T wireless voice transmission system could be used as Interpreter translation equipment for church, translation service, assisted listening devices for churches, church translator device for human translator, audio guide equipment for city tour, museum tour, the quick guide to simultaneous, hybrid, and blended learning, wireless listening center for classroom, wireless tourism system, audio tour guide system, listening to your silent voice, outdoor listening devices, tour guide. Voice transmission distance is about 50 meters (160ft) in open area. One-way audio transmission set, only transits voice from microphone of transmitter to earphones of hundreds receivers within transmission range. A good wireless assistive hearing devices for audiences. Separate your audience from background noise. EXMAX ATG-100T wireless tour guide system is a discreet alternative to a loudspeaker system ensuring only your group can hear you. Popular used for Beach Wedding courtroom translation",https://m.media-amazon.com/images/I/71Ci0MCT2uL._AC_SL1200_.jpg,329.99,3.9,17,Musical Instruments,EXMAX,Musical Instruments Microphones & Accessories Microphones Wireless Microphones & Systems Wireless Microphone Transmitters & Receivers
B006O64JMY,"PylePro Full Size Electric Guitar Package w/ Amp, Guitar Bundle, Case & Accessories, Electric Guitar Bundle, Beginner Starter Package, Strap, Tuner, Pick, Ready to Use Out of the Box, Black (PEGKT15B)","Product Description Get rocking with this beginner electric guitar package from Pyle Pro! At the center of this kit is a double-cutaway, solid-body guitar constructed from the highest-quality wood materials: basswood for the body, rosewood for the fretboard, and maplewood for the neck - all of which contribute to the guitar's signature rich, clear tone. The kit also includes a 10-watt amp with a 6.5' speaker, 3-band EQ, and overdrive. Also included in this kit are picks, a carrying case, extra strings, and a tuner. Guitar Features: Standard Full Size Guitar Standard Full Size Guitar 6-String Classic, Traditional Electric Style 6-String Classic, Traditional Electric Style Hand-Crafted Wooden Construction Hand-Crafted Wooden Construction Adjustable Rotary Controls, Volume & Tone Adjustable Rotary Controls, Volume & Tone Chrome-Accent Hardware & Tuner Pegs Chrome-Accent Hardware & Tuner Pegs Integrated Pick-Guard Integrated Pick-Guard (3) Single Pickups (3) Single Pickups High Gloss Coating & Polished Guitar Body / Back High Gloss Coating & Polished Guitar Body / Back Body Material: Paulownia wood Body Material: Paulownia wood Fretboard Material: Rosewood Fretboard Material: Rosewood Neck Material: Maple Wood Neck Material: Maple Wood Number of Frets: 22 Frets Number of Frets: 22 Frets Nut width: 42mm Nut width: 42mm Scale length: 25.5'' -inches Scale length: 25.5'' -inches Total Guitar Length: 38.7’’ -inches Total Guitar Length: 38.7’’ -inches Guitar String Type: 301 Stainless Steel What’s in the Box: Guitar String Type: 301 Stainless Steel What’s in the Box: Electric Guitar Electric Guitar Travel / Storage Bag Travel / Storage Bag 1/4’’ Audio Connection Cable 1/4’’ Audio Connection Cable (5) Replacement Guitar Strings (5) Replacement Guitar Strings Detachable Shoulder Strap Detachable Shoulder Strap Pitch Pipe Tuner Pitch Pipe Tuner (3) Picks Amplifier Specifications: (3) Picks Amplifier Specifications: Connect Your Guitar & Rock Out! Connect Your Guitar & Rock Out! Rugged, Durable & Portable Rugged, Durable & Portable Hassle-Free Plug-in Operation Hassle-Free Plug-in Operation Speaker Size: 5"" -inches Speaker Size: 5"" -inches 1/4’’ Audio Input Jack 1/4’’ Audio Input Jack Headphone Jack, 1/4’’ Headphone Jack, 1/4’’ Convenient Carry Handle Convenient Carry Handle EQ Control: Volume, Treble, Bass Adjustment EQ Control: Volume, Treble, Bass Adjustment MAX Power Output: 10 Watt MAX Power Output: 10 Watt Power Supply: 110V Power Supply: 110V Amp Dimensions (L x W x H): 10.2’’ x 5.3’’ x 10.6’’ Amp Dimensions (L x W x H): 10.2’’ x 5.3’’ x 10.6’’ Sold as: Unit Sold as: Unit Weight: 20.84 lbs. Weight: 20.84 lbs. From the Manufacturer Pyle Guitar has your stringed instrument solution. Whether you’re looking for a modern electric guitar or a more classic-styled ukulele, Pyle has the instrument for your style. Find the right note when you want to rock out to some metal or get in the mood with some smooth sounding classic rhythms. Choose from a wide selection ",https://m.media-amazon.com/images/I/61LyfMNl6hL._AC_SL1000_.jpg,82.7,4.4,281,Musical Instruments,Pyle,Musical Instruments Guitars Electric Guitars Beginner Kits
B00O2C61W8,Orange Tiger Neoprene padded Saxophone strap with locking swivel snaphook for Alto Tenor or Soprano Sax Model SSXW by Legacystraps,"Legacystraps Model SSXW is designed for style and comfort. The strong 1” wide webbing is coupled with a soft durable neoprene neckpad and plastic barrel locking swivel snaphook. The snaphook is spring loaded to keep your horn from coming unhooked while playing and the plastic keeps your horn scratch free. This strap is suitable for Alto, Tenor and Soprano Saxophones and is available in over 22 different colors and patterns.",https://m.media-amazon.com/images/I/61JUjevMkBL._AC_SL1383_.jpg,15.95,4.6,77,Musical Instruments,Legacystraps,Musical Instruments Instrument Accessories Wind & Woodwind Accessories Straps
B00502CTPW,3 Mini Color Violin Fingering Tape for Fretboard Note Positions,"Finally, no more ugly masking tape!These plastic tapesmake it easier for students to learn fingering positions. This neat, durable tape can be easily and accurately placed on the fingerboard of any string instrument. Each package contains 1 roll of red, 1",https://m.media-amazon.com/images/I/81GorgBmPSL._AC_SL1500_.jpg,11.97,4.6,840,Musical Instruments,Long Beach Music,Musical Instruments Instrument Accessories General Accessories
B008SBSEEC,"Curry Trumpet Mouthpiece, 90TF","Curry Trumpet Mouthpiece, 90TF",https://m.media-amazon.com/images/I/61WCTXreT5L._AC_SL1500_.jpg,75.59,5.0,1,Musical Instruments,curry,Musical Instruments Instrument Accessories Brass Accessories Mouthpieces Trumpet
B00FYK67FI,UpBright 12V AC/DC Adapter Compatible with Mackie DL806 DL1608 DLM1608 DL 806 DL 1608 DLM 1608 Based Digital Mixer Console 12VDC 4.2A DC12V 4200mA 12.0V 50W Power Supply Cord Cable Charger Mains PSU,UpBright New Global 12V AC / DC Adapter Compatible with Mackie DL806 DL1608 DLM1608 DL 806 DL 1608 DLM 1608 based Digital Mixer Console 12VDC 4.2A DC12V 4200mA 12.0V 50W Switching Power Supply Cord Cable Battery Charger Mains PSU CECCCROHS 100-240,https://m.media-amazon.com/images/I/71LQx-B-BPL._AC_SL1400_.jpg,12.54,4.1,17,Musical Instruments,UPBRIGHT,Musical Instruments Instrument Accessories Keyboard Accessories Power Supplies
B0B8M5FJ9W,"D'Addario Accessories Locking Guitar Strap - Guitar Accessories - Electric Guitar Strap, Acoustic Guitar Strap, Acoustic Electric Guitar Strap & Bass Guitar Strap - Stars & Stripes","Product Description Our patented design Planet Lock system fits virtually any guitar and stays locked in place until you release the side pin. Unlike ordinary strap lock systems, Planet Lock is designed to fit securely on your guitar's existing end pins, so there is no need to change the hardware on your guitar. Plus, you can use the same strap on different guitars. Safe, secure, and easy to use! Planet Waves patented Planet Lock system fits virtually any guitar and stays locked in place until you release the side pin. Unlike ordinary strap lock systems, the Planet Lock is designed to fit securely on your guitar's existing end pins, eliminating the need to change the hardware on your guitar. Plus, you can use the same strap on different guitars. The Planet Lock is safe, secure, and easy to use. Designed for players of all genres, Planet Waves woven straps offer designs that will please even the most discerning player. From iconic themes to unique patterns and artwork, these durable straps are sure to accent any guitar and are adjustable from 35'' to 59.5'' long.Planet Waves, part of the D'Addario family of brands, is known for innovative, problem-solving, quality musical accessories. Planet Waves offers a complete line of award-winning accessories including cables, picks, tuners, capos, straps, humidifiers, maintenance tools and more. From the Manufacturer Planet Waves patented Planet Lock system fits virtually any guitar and stays locked in place until you release the side pin. Unlike ordinary strap lock systems, the Planet Lock is designed to fit securely on your guitar's existing end pins, eliminating the need to change the hardware on your guitar. Plus, you can use the same strap on different guitars. The Planet Lock is safe, secure, and easy to use. Designed for players of all genres, Planet Waves woven straps offer designs that will please even the most discerning player. From iconic themes to unique patterns and artwork, these durable straps are sure to accent any guitar and are adjustable from 35"" to 59.5"" long. Planet Waves, part of the D'Addario family of brands, is known for innovative, problem-solving, quality musical accessories. Planet Waves offers a complete line of award-winning accessories including cables, picks, tuners, capos, straps, humidifiers, maintenance tools and more.",https://m.media-amazon.com/images/I/81-InJich+L._AC_SL1500_.jpg,23.95,4.6,3085,Musical Instruments,D'Addario,Musical Instruments Instrument Accessories Guitar & Bass Accessories Straps & Strap Locks Straps
B000DLAO0C,Jargar Cello Strings (BHBU0503A618),Jargar 4/4 Cello D String Medium Chromesteel,https://m.media-amazon.com/images/I/81eD2jzJ-KL._AC_SL1500_.jpg,24.95,4.2,26,Musical Instruments,Jargar,Musical Instruments Instrument Accessories Orchestral Strings Accessories & Parts Strings Cello
B01FM8IN3U,"Musiclily Electric Guitar Pickguard Compatible with USA Les Paul Modern Style,4Ply Purple Pearl","Fits USA Les Paul Standard or Les Paul Custom models.If you use it for other LP style guitar, you may need a modification for line up This pickguard will not fit Epiphone Plastic made, 2.0-2.2mm(0.08-0.09 inch) thickness 2 mounting screw holes,double layers protective films on the top Package included: 1 Pc Guitar Pickguard",https://m.media-amazon.com/images/I/61D9uo+C0vL._AC_SL1500_.jpg,12.68,4.2,743,Musical Instruments,Musiclily,Musical Instruments Instrument Accessories Guitar & Bass Accessories Electric Guitar Parts Pick Guards
B06W2NS817,On-Stage MY570 Clamp-On Universal Accessory Holder,"Product Description 90 degree clamp-on attachment piece holds studio Headphones, cables and other small instruments. Adjustable clamp fits most standard mic stands and booms. From the Manufacturer 90 degree clamp-on attachment piece holds studio headphones, cables and other small instruments. Adjustable clamp fits most standard mic stands and booms.",https://m.media-amazon.com/images/I/61qcbB7ylsL._AC_SL1500_.jpg,16.66,4.8,238,Musical Instruments,OnStage,Musical Instruments Microphones & Accessories Accessories Stands
B01N99CA0A,"Musiclily 3 Bands Loaded Control Plate with PrewiredAssembly Preamp Knobs Pots for Fender Jazz Bass, Chrome","Musiclily 3 Bands Loaded Control Plate with PrewiredAssembly Preamp Knobs Pots for Fender Jazz Bass, Chrome.",https://m.media-amazon.com/images/I/61s5fpWN1PL._AC_SL1500_.jpg,23.25,3.9,179,Musical Instruments,Musiclily,Musical Instruments Instrument Accessories Guitar & Bass Accessories Bass Guitar Parts Hardware
B0BRYDVCK2,Vondynote Studio Monitor Stands Pair Heavy Duty Desk Clamp Speaker Stands with Adjustable Tilt Angle Tray of 0-12 °,"【Adjustable Tilt Angle】The top plate can be adjusted from 0 to 12°. Suitable for most monitor speakers horizontal and tilt placement. 【Universal Compatibility】Comes with 9""x 12"" metal top plate, 3mm EVA anti-skid pad is helpful to avoid speaker vibrate. It fits most studio monitor speakers up to 60 lbs(27kgs). You can place your studio monitor, laptop, CD player or projector. 【Adjustable Height】Locking knob and security pin ensure the height of the studio monitor speakers. The height adjustable range is 10.4-15.4 inches, 4 drill holes are set on the telescopic tube, the speaker can be firmly fixed at the height of 10.4"", 12"", 13.7""and 15.4 "". 【Upgrade Desk Clamp】3mm EVA pad on the clamp is helpful to protect the desktop surface from scratches, meantime provides dual stability guarant. Clamp adjustable range is 0-2.6 inches, fits most desktops with different thickness. 【More Space Saving】This studio monitor stand only takes up 32.5 cm² of surface to clamp on your desktop, saving even more desk space. 【Excellent Material】Made of high-quality steel, the overall material color is matte black, which can coordinate with the style of your music studio, recording studio or office. 【Easy to install】Providing 2 pcs M8*25, 6 pcs M6*8 bolts and 1pc Allen key 5mm to assist you install the desk speaker stand easily. If there are any problem or installation question, please feel free to contact us.",https://m.media-amazon.com/images/I/51vOJhfuP-L._AC_SL1500_.jpg,54.99,4.5,502,Musical Instruments,Vondynote,"Musical Instruments Live Sound & Stage Monitors, Speakers & Subwoofers Stage Speaker Stands"
B07D345CH8,"Ukulele Strap, Hawaiian Vintage Ethnic Neck Strap - J Hook Clip On Ukulele Belt","Clip On Adjustable Ukulele Strap To Hold Your Ukulele Steady Helps You To Play Your Ukulele Easier & Better Do you have trouble holding your ukulele while playing, especially while standing up? Do you want a ukulele strap that DOES NOT require drilling holes, or taping or glueing things together?Do you want to play your ukulele with more ease and comfort and have a more enjoyable playing experience? Introducing Your Very Own TIMESJOY Ukulele Clip On Strap To The Rescue! TimesJoy music is a professional musical instrument accessory manufacturer.We are focused on quality, commitment to provide consumers with high quality products.A quality strap makes you comfortable which helps to produce a quality and more focused sound while playing your ukulele. ♫ Originally designed by TimesJoy, this improved J hook is more flexible to clip on any thickness of sound holes with smooth silicon wraped without damage the sureface of ukuleles.♫ TimesJoy button free J hook ukulele belt helps to keep your ukulele in balance with one hand so the other hand can concentrate on finger style or strumming especially while playing in standing.♫ This type of ukulele system is adjustable so it can be used with most uke sizes, as well as other instruments with a sound hole.♫ The ukulele strap Woven stripes, non-printing patterns, Color ukulele strap more textured, and more durable SO GET YOURS NOW BEFORE WE RUN OUT OF STOCK! JUST CLICK “Add to Cart” Material: Cotton + Leather ends Specification: Length: Adjustable (Approx. 21inch-26inch)Width: 3.8cm (Approx. 1.5 inches)",https://m.media-amazon.com/images/I/61tJABh1VkL._AC_UL1000_.jpg,8.99,4.3,124,Musical Instruments,TIMESJOY,Musical Instruments Instrument Accessories Folk & World Instrument Accessories Ukulele Accessories
B09ZYG6KLY,(2) Rockville RTP33-TV Pro Totem DJ Speaker/Lighting Stands w/Detachable TV Mount,"Package Includes: (2) Rockville RTP33-TV Pro Totem DJ Speaker/Lighting Stands w/Detachable TV Mount. What's In The Box: (1) Podium Stand. (1) TV bracket. (1) White Scrim. (1) Black Scrim. (1) Bag for Main Frame Base, and Top Support Legs. (1) Bag for Top Plate and Base Plate. (1) 35mm Short Pole Mount Adaptor. (1) 35mm Long Pole Mount Adaptor. Non-slip foam EVA pads. (1) 8mm Thumb Bolt and Washer Pack. Warranty Card. Owner's Manual. Rockville RTP33-TV Totem Stand With TV Mount. Supports TV’s from 30 inches to 70 inches. TV bracket is detachable so you can use the totem on its own or with the TV attachment. Quick assembly and break-down (around 10-12 minutes). Extra large and thick steel base is extremely stable. To support the TV securely we made the base plate double the size of our regular Totem stand model. Perfect for lights, speakers, monitors, etc.. Adjustable height from 39"" inches to 69"" inches. Designed for maximum stability even at its top height of 69"" inches. Includes 2 sets of scrims (black and white). Includes 2 travel bags for easy transporting. Includes 2 35mm pole mount speaker adapters for mounting speakers. Non-slip foam EVA pads can be attached to the top plate. Velcro cable ties included for neat cable management. Unique, spring loaded turn and lock mechanism for easy height adjustment. Base and top plate have integrated transport handles. Includes frame support bars to assist with stability. Includes 8mm quick release thumb screws and bolts for easy assembly. Color: White. Steel Construction. Base plate (W x D x H): 24.6"" x 24.6"" x 0.19"" inches. Top plate (W x D x H): 11.8"" x 11.8"" x 0.11"" inches. Short Pole mount speaker adapter Length: 3.54”. Long Pole mount speaker adapter Length: 7.08”.",https://m.media-amazon.com/images/I/51i1lw9j6XL._AC_SL1500_.jpg,494.95,4.7,9,Musical Instruments,Rockville,"Musical Instruments Electronic Music, DJ & Karaoke DJ Equipment Accessories Racks & Stands"
B00KRMW91O,"Yamaha Tune-up Kit, Pro Brass TR CR MP HR (Some FH)","Yamaha Tune-up Kit, Pro Brass TR CR MP HR (Some FH)",https://m.media-amazon.com/images/I/41Twgo5vjFL._AC_.jpg,30.99,5.0,4,Musical Instruments,YAMAHA,Musical Instruments Instrument Accessories Brass Accessories
B07W7B8LDN,Yinfente 4/4 violin Case Mixed Carbon fiber Violin Box Strong Light With Password Lock 1.9kg weight 5 colors (black),"4/4 Violin case Mix Carbon Fiber Violin Box Black Color Knife Shape Case Full size Strong light 1.9 kg Back pack With Strap. 2 pcs bow holder, With Password Lock Hygrometer set up , high quality back strap. Soft and thick padding Nice handle and Lock, Can support 80kg pressure",https://m.media-amazon.com/images/I/719MJPQA2zL._AC_SL1200_.jpg,130.0,4.3,73,Musical Instruments,yinfente,Musical Instruments Instrument Accessories Orchestral Strings Accessories & Parts Bags & Cases Violin
B076F695R3,"NKTM Piano Keyboard Cover, 88 Key Keyboard Dust Cover, Stretchy Electronic Keyboard Piano Cover for Digital Electronic Piano, Black","【Perfect Fit】Our electric piano keyboard cover is suitable for 88 keys electric pianos, and the combination of round elastic and cord lock makes it very easy to install and remove. It fits most 88-keys keyboards, such as YAHAMA and Casio, and can be set up in just a few seconds. 【Protect Your Keyboard】Keep your keyboard free from dust, animal hair, and other debris that can damage its delicate components. 【Easy to Use and Store】Our 88-keys piano cover cloth cover is soft, lightweight, and super easy to carry around and use. The smooth piano cover will not put your keyboard at risk of friction, keeping it in good condition for a longer life. 【Easy to clean】Our musical keyboard dust cover can be hand-washed or machine-washed, making it easy to clean and save your time. Feel free to contact our service team if you have any questions. 【Ideal Design】Our dust cover is specifically designed for 88-keys piano keyboards, making it the perfect accessory for pianists and keyboardists who want to keep their instruments in top condition.",https://m.media-amazon.com/images/I/31wkQrIvsTL._AC_SL1414_.jpg,10.99,4.5,193,Musical Instruments,NKTM,"Musical Instruments Instrument Accessories Keyboard Accessories Bags, Cases & Covers"
B09WLJSYTV,"Ruonin.X 8 Pack Decorative Art Acoustic Panel .47""x 31"" Sound Absorbing Panel,Acoustical Soundproof Wall Panels,Better Acoustic than foam, Suitable for Recording Studio and Home Acoustical Treatments.","🍁 [STYLISH DECORATION] Are you still troubled by monotonous and ugly panels? The newly upgraded high-definition art sound-absorbing panel can decorate and beautify the space while improving the indoor acoustics. It can be widely used in music studios, home theaters, concert halls, conference rooms, offices, KTVs, classrooms, etc. 🍁 [ENJOY A HIGH-QUALITY ACOUSTIC ENVIRONMENT] If you have extreme requirements for acoustic treatment, then our Art Acoustic wall panels are a very good choice for you. It has excellent sound absorption coefficient and NRC grade, which can effectively reduce reverberation and echo, remove sound impurities, improve sound effects, and improve language clarity. It is very suitable for places with higher requirements on acoustics. 🍁 [EASY TO INSTALL] You don't have to worry about installation, anyone can easily install it to the designated location by using 3M VHB double-sided tape or 3M spray glue (not included). 🍁[SAFE AND SECURE] Your health and safety is our top concern, our art sound-absorbing panels are made of 100% polyester fiber by hot pressing, which is fireproof, insulating, pollution-free, and lightweight. Provide you with a new acoustic experience integrating sound absorption, decoration and safety. 🍁 [EXCELLENT SERVICE] If you encounter any problems after purchase, please feel free to contact us. We will provide you with effective solutions according to the situation. If it is not resolved, we can provide a 100% refund.",https://m.media-amazon.com/images/I/81m-EdBSYTL._AC_SL1500_.jpg,52.9,4.5,41,Musical Instruments,Ruonin.X,Musical Instruments Studio Recording Equipment Studio Environment Acoustical Treatments
0701169850,Chaucer,Curated product from Books.,"https://m.media-amazon.com/images/I/41X61VPJYKL._SX334_BO1,204,203,200_.jpg",8.23,4.5,29,Books,Peter Ackroyd (Author),Books Literature & Fiction History & Criticism
0435088688,Notes from a Kidwatcher,"About the Author SANDRA WILDE, Ph.D., is widely recognized for her expertise in developmental spelling and her advocacy of holistic approaches to spelling and phonics. She is Professor of Curriculum and Instruction at Portland State University in Oregon. She is best known for her work in invented spelling, phonics and miscue analysis. She specializes in showing teachers how kids' invented spellings and miscues can help us work with them in more sophisticated and learner-centered ways. Looking at what kids do as they read and write is at the heart of Sandra's presentations and workshops. She can do lively keynote presentations that highlight the interesting things that we can learn by paying close attention to students' invented spellings and miscues, as well as workshops of varying lengths that focus on student-centered teaching of spelling and phonics. She has recently begun offering workshops that focus on understanding students' miscues as a guide to appropriate instruction, p","https://m.media-amazon.com/images/I/41bfTRxpMML._SX218_BO1,204,203,200_QL40_FMwebp_.jpg",3.52,5.0,1,Books,Sandra Wilde (Editor),"Books Reference Words, Language & Grammar"
0316185361,Service: A Navy SEAL at War,"Review Praise for SERVICE""An action-packed...reflective saga of contemporary military service.""― Kirkus Reviews ""Marcus Luttrell, with James D. Hornfischer, has written another emotional story that the reader will not want to put down.""― American Thinker About the Author Marcus Luttrell became a combat-trained Navy SEAL in 2002 and served in many dangerous Special Operations assignments around the world. He is the author of the New York Times bestseller Lone Survivor , and is a popular corporate and organizational speaker. He lives near Houston, Texas. James D. Hornfischer is the author of four bestselling books on the U.S. Navy in World War II, The Fleet at Flood Tide , Neptune's Inferno, Ship of Ghosts, and The Last Stand of the Tin Can Sailors, winner of the Samuel Eliot Morison Award. He lives in Austin, Texas.","https://m.media-amazon.com/images/I/41YQHDWRyGL._SX321_BO1,204,203,200_.jpg",17.17,4.7,3421,Books,"Marcus Luttrell (Author),  James D. Hornfischer",Books Biographies & Memoirs Leaders & Notable People
0545425573,Monstrous Stories #4: The Day the Mice Stood Still,"Funny, light-hearted monster stories that are perfect for young readers, brought to us by the esteemed Dr. Roach.Jilly can't believe what she's seeing when she wakes up one seemingly normal morning. All the mice in her small town of Buffalo Bottom have gone strangely still. What could make a town full of rodents suddenly freeze up?Things only get weirder, though, when the town is suddenly visited by a flying saucer--full of talking cats! These friendly felines say they come in peace, to help rid Buffalo Bottom of its mouse problem. But when the town's cows start disappearing mysteriously, Jilly suspects the visitors may be up to no good. Now she just has to prove it.","https://m.media-amazon.com/images/I/614Mx0QCe7L._SX339_BO1,204,203,200_.jpg",7.43,4.4,40,Books,Dr. Roach (Author),Books Children's Books Science Fiction & Fantasy
B09PHG4FQ8,"Writings from a Black Woman Living in the Land of the ""Free"": Strength, Power, Resilience","Take a step into the modern perspective of a young black woman living in America. Tori Ruff explores the injustices and pain endured by the African American community for centuries. Through a series of writings, she speaks on topics including police brutality, racism, and discrimination. 'Writings from a Black Woman Living in the Land of the Free' takes readers on a journey of empathy and a sense of empowerment.","https://m.media-amazon.com/images/I/417CItk7HML._SX387_BO1,204,203,200_.jpg",4.05,5.0,5,Books,"Tori Ruff (Author),  Juwan Nicholson (Editor),  TBrown Media (Photographer)",Books Arts & Photography History & Criticism
B0086HQWC4,Child Development: A Practitioner's Guide:2nd (Second) edition,"Child Development, Second EditionDouglas Davies","https://m.media-amazon.com/images/I/41b2UvkHaAL._SX331_BO1,204,203,200_.jpg",10.68,5.0,2,Books,aa (Author),Books Parenting & Relationships Parenting
1680450263,Make: Electronics: Learning Through Discovery,"From the Author Make: Electronics is the book that I wish I had owned when I was a young teenager, struggling to learn the basics of electricity and electronics. My goal is to give readers today an easier learning experience than the one I had to go through. And I want it to be fun. About the Author Charles Platt is a Contributing Editor and regular columnist for Make magazine, where he writes about electronics. He is the author of the highly successful introductory hands-on book, Make:Electronics, and is writing a sequel to that book in addition to volumes 2 and 3 of the Encyclopedia of Electronic Components. Platt was a Senior Writer for Wired magazine, and has written various computer books. As a prototype designer, he created semi-automated rapid cooling devices with medical applications, and air-deployable equipment for first responders. He was the sole author of four mathematical-graphics software packages, and has been fascinated by electronics since he put together a telephone answering machine from a tape recorder and military-surplus relays at age 15. He lives in a Northern Arizona wilderness area, where he has his own workshop for prototype fabrication and projects that he writes about for Make magazine.","https://m.media-amazon.com/images/I/51j48HH1P9L._SX218_BO1,204,203,200_QL40_FMwebp_.jpg",13.43,4.7,1366,Books,Charles Platt (Author),Books Engineering & Transportation Engineering
1694621731,Reunion: The Children of Lauderdale Park,"1940-Sadie, Jacob, Seth, and Hattie Lauderdale spend the afternoon playing hide-and-seek in the hot August sun.That night, a storm moves in. A storm unlike any other the family has ever witnessed. A storm that releases abundant lightning, and sets the house on fire.A storm that takes lives.Now, seventy-four years later, a park is built on the property in commemoration of the lost souls. A playground is placed on the site where the house once stood. Something that will bring laughter and happiness.But something’s not right with the park. Someone is there when no one is there. The shadows of the past begin to emerge . . .Although they died many years ago, the children still want to play.And at Lauderdale Park . . . they will.","https://m.media-amazon.com/images/I/313xN7wqDQL._SX331_BO1,204,203,200_.jpg",14.0,4.9,12,Books,Pol McShane (Author),Books Literature & Fiction Genre Fiction
1932225323,Four Centuries of American Education,"About the Author David Barton is the founder of WallBuilders, an organization dedicated to presenting America's forgotten history and heroes, with an emphasis on our moral, religious, and constitutional heritage. David is author of numerous best-selling works and a national award-winning historian who brings a fresh perspective to history.","https://m.media-amazon.com/images/I/415r5RJ7alL._SY291_BO1,204,203,200_QL40_FMwebp_.jpg",6.99,4.8,133,Books,David Barton (Author),Books Education & Teaching Schools & Teaching
0893011673,"Mining Engineers and the American West: The Lace-Boot Brigarde, 1849-1933",Review This book is a treasure trove of tales about the early mining engineers and their experiences on the Western frontier. --Mining History News About the Author Dr. Spence is Professor Emeritus of History at the University of Illinois at Urbana-Champaign.,"https://m.media-amazon.com/images/I/51nlRLa5ycL._SX334_BO1,204,203,200_.jpg",24.24,4.7,4,Books,Clark C. Spence (Author),Books History Americas
9083256898,Heart of Silk and Shadows: A Fae Fantasy Romance (Fae Isles),"Stealing from a fae lord is a desperate plan… As a human servant at the Crimson Court, Allie knows better than to anger the fae. Cunning and politics are her tools of survival. But when an unwanted suitor threatens her younger sister, Allie can think of only one way to protect her family…Steal from the fae.Agenor, Lord Protector of the Fae Isles and right hand of the Mother herself, doesn’t expect anything to still surprise him after twelve centuries of life. Finding a taunting note from an anonymous thief in his wardrobe is enough to rouse his curiosity, though. Enough to do the unthinkable – write back.Then he finds out he’s been exchanging letters with a humble human. Worse, a human challenging him to his face.A simple bargain is supposed to teach her a lesson. But the harder he tries to put her in her place, the harder she defies him… Soon their game sparks an unexpected romance – but will even love be enough when their loyalties collide? Heart of Silk and Shadows is a prequel novel to the upcoming Fae Isles series. It can be read as a standalone, but the characters’ journey continues in the main series. Note : this adult fae romance contains a generous dose of smouldering glances, passionate longing, and midnight meetings of the illicit type. It is recommended for a mature audience.","https://m.media-amazon.com/images/I/41tMRHMU2WL._SY291_BO1,204,203,200_QL40_FMwebp_.jpg",11.99,4.4,481,Books,Lisette Marshall (Author),Books Science Fiction & Fantasy Fantasy
1771682760,Girl Made of Glass,"Review “Reading this book was like reading my own journal. Inside of all of us there is a girl made of glass just wanting to be heard, and Shelby expresses those all-too-relatable feelings with grace and elegance.” — amanda lovelace, Author of unlock your storybook heart “The vulnerability in Girl Made of Glass shines through and the themes of self-love, self-esteem, image, and exploration of identity and confidence tie together in a relatable way.” — Amanda Linsmeier , author of Starlings “ girl made of glass is a spectacular homage to the process of self-growth and the introspection it requires. Shelby has written a must-read for all who have ever felt like they are about to shatter.”  — Catarine Hancock , author of shades of lovers About the Author Shelby Leigh is an author who explores mental health, self-love, and healing through poetry. She wrote her third and newest collection, girl made of glass , to examine the past and how it can haunt our minds through overthinking. She writes her books with the goal of making others feel less alone and to empower her readers to love who they are. When Leigh isn’t writing, you can find her reading a good book, buying yellow decor, and/or probably eating chocolate.","https://m.media-amazon.com/images/I/41-jq+4xBwL._SY344_BO1,204,203,200_.jpg",15.29,4.5,117,Books,Shel Leigh (Author),Books Literature & Fiction Poetry
1087848539,The Old Man and the Pirate Princess,"Pirate Princess Saria learns a valuable lesson alongside her plucky pirate parrot, Poppy, when they go to Buccaneer Bob's and the unexpected happens. They are kidnapped by a ninja! If Saria and Poppy want to get out of this mess, they must learn not to judge others by their appearance but by the goodness in their hearts.","https://m.media-amazon.com/images/I/41FXXfN-fYL._SX384_BO1,204,203,200_.jpg",10.0,3.2,5,Books,Jessica Mathews (Author),Books Children's Books Science Fiction & Fantasy
0710306911,Japanese Girls and Women,About the Author Alice M. Bacon was a private American scholar and keen social observer who resided for many years in Japan. She was the first Western woman to live in a Japanese household.,"https://m.media-amazon.com/images/I/21BhwngmjwL._SX317_BO1,204,203,200_.jpg",68.01,3.2,7,Books,"Bacon (Author),  Alice M. Bacon (Author)",Books History Asia
0130840963,Behavior Principles in Everyday Life,"The text provides a comprehensive review of the major principles of behavior in operand conditioning. Pavlovian conditioning, social learning theory, and cognitive behaviorism. The text's strength is its emphasis on understanding behavior principles and their applications through everyday, life examples rather than experiments.","https://m.media-amazon.com/images/I/41BZJS25WAL._SX218_BO1,204,203,200_QL40_FMwebp_.jpg",6.74,3.7,14,Books,John D. Baldwin (Author),"Books Health, Fitness & Dieting Psychology & Counseling"
8477110190,PQL 3 - Lola (Spanish Edition),"Colección de lecturas graduadas de español lengua extranjera, para jóvenes y adultos (a partir de 16 años). Novelas policiacas. Nivel B1. Un nuevo caso para el detective Pepe Rey....","https://m.media-amazon.com/images/I/51+wU+PzoWL._SX338_BO1,204,203,200_.jpg",4.62,3.7,2,Books,"Spanish Edition                        Lourdes Miquel López (Author),  Neus Sans Baulenas (Author)",Books Education & Teaching Schools & Teaching
1275627234,"A sermon, preached at the execution of Moses Paul, an Indian: who was executed at New-Haven, on the 2d of September, 1772, for the murder of Mr. Moses ... 1771 : preached at the desire of said Paul.","Title: A sermon, preached at the execution of Moses Paul, an Indian : who was executed at New-Haven, on the 2d of September, 1772, for the murder of Mr. Moses Cook, late of Waterbury, on the 7th of December, 1771 : preached at the desire of said Paul.<br /><br />Author: Samson Occom<br /><br />Publisher: Gale, Sabin Americana <br /><br />Description: <br /><br />Based on Joseph Sabin's famed bibliography, Bibliotheca Americana, Sabin Americana, 1500--1926 contains a collection of books, pamphlets, serials and other works about the Americas, from the time of their discovery to the early 1900s. Sabin Americana is rich in original accounts of discovery and exploration, pioneering and westward expansion, the U.S. Civil War and other military actions, Native Americans, slavery and abolition, religious history and more.<br /><br />Sabin Americana offers an up-close perspective on life in the western hemisphere, encompassing the arrival of the Europeans on the shores of North America in the late 15th century to the first decades of the 20th century. Covering a span of over 400 years in North, Central and South America as well as the Caribbean, this collection highlights the society, politics, religious beliefs, culture, contemporary opinions and momentous events of the time. It provides access to documents from an assortment of genres, sermons, political tracts, newspapers, books, pamphlets, maps, legislation, literature and more.<br /><br />Now for the first time, these high-quality digital scans of original works are available via print-on-demand, making them readily accessible to libraries, students, independent scholars, and readers of all ages.<br /><br />++++<br />The below data was compiled from various identification fields in the bibliographic record of this title. This data is provided as an additional tool in helping to insure edition identification:<br />++++<br /><br />SourceLibrary: Huntington Library<br /><br />DocumentID: SABCP00856100<br /><br />CollectionID: CTRG10267276-B<br /><br />PublicationDate: 17730101<br /><br />SourceBibCitation: Selected Americana from Sabin's Dictionary of books relating to America<br /><br />Notes: Biographical sketch of Moses Paul: p. [32]<br /><br />Collation: 22 p. ; cm<br /><br />","https://m.media-amazon.com/images/I/51pcm5alT8L._SX382_BO1,204,203,200_.jpg",14.75,3.8,2,Books,Samson Occom (Author),Books History Americas
1609303687,"Business Associations: Agency, Partnerships, LLCs, and Corporations- 2013 Statutes and Rules",This statutory supplement includes statutes and rules relevant to all business entities. It is suitable for use with all textbooks and casebooks for such courses. It is includes all updates to the statutes and rules.,"https://m.media-amazon.com/images/I/41vFoSjfSQL._SX352_BO1,204,203,200_.jpg",23.95,4.5,6,Books,"William Klein (Author),  J. Ramseyer (Author),  Stephen Bainbridge (Author)",Books Law Business
B003P2WETK,Inspector Imanishi Investigates (Soho Crime),"Review Praise for Inspector Imanishi Investigates ""A police procedural in the classic tradition of . . . P.D. James's Commander Dalgliesh."" — The New York Times ""Patient, meticulous stories [that] offer an anatomy of a society as much as a picture of a crime."" —The Economist ""A master crime writer."" —Jan van de Wetering, author of Outsider in Amsterdam ""The most intricate web of detection . . . A tantalizing double unveiling act . . . Belongs on your shelf next to Christie and Simenon, P.D. James and Robert Van Gulik. A superb thriller."" — Los Angeles Times ""An intriguing slice of the mores and habits of Japanese society . . . Seicho Matsumoto combines the prolific output of a Rex Stout with the literary qualities of Elmore Leonard."" — San Francisco Chronicle From Publishers Weekly The corpse of an unknown provincial is discovered under the rails of a train in a Tokyo station, and Detective Imanishi is assigned to the case. ""Matsumoto is reputed to be Japan's leading mystery writer; this 1961 work is proof that he is a first-rate novelist,"" judged PW. Copyright 1990 Reed Business Information, Inc. --This text refers to an out of print or unavailable edition of this title. About the Author Native of Fukuoka Prefecture and prolific writer of socially oriented detective and mystery fiction, Matsumoto debuted as a writer after reaching the age of forty with the historically based Saigo Takamori Chits , 1950, and The Legend of the Kokura Diary , 1952. He then went on to establish his unique style of detective fiction with the works The Walls Have Eyes , 1957, and Points and Lines , 1958. Matsumoto made a name for himself as the writer of suspense novels that were accesible to all kinds of readership, but it was his historical novel The Ogura Diary Chronicles that earned him The 28th Akutagawa Prize, the Japanese equivalent of the Pulitzer Prize. The popular Japanese TV show ""Black Leather Notebook"" was based on his novel of the same name, and several of his detective fiction works have been published in the US (SoHo Crime and Kodansha International). --This text refers to an alternate kindle_edition edition. Read more",https://m.media-amazon.com/images/I/51UHERs91bL.jpg,9.99,4.0,1138,Books,"Seicho Matsumoto (Author),  Beth Cary (Translator)   Format: Kindle Edition","Books Mystery, Thriller & Suspense Thrillers & Suspense"
B000JDT7L6,Officially Dead,Curated product from Books.,"https://m.media-amazon.com/images/I/41YJsa+LdKL._SX373_BO1,204,203,200_.jpg",20.0,4.6,3,Books,Quentin Reynolds (Author),
0974028622,Dine In!,"About the Author Nick Stellino grew up in Palermo, on the island of Sicily, and moved the United States in 1975. His career has included the television series ""Cucina Amore"", and ""Nick Stellino's Family Kitchen"", plus two public television specials and seven cookbooks. Nick and his wife Nanci live in Los Angeles.","https://m.media-amazon.com/images/I/51G21WXBNYL._SX218_BO1,204,203,200_QL40_FMwebp_.jpg",34.18,4.5,27,Books,Nick Stellino (Author),"Books Cookbooks, Food & Wine"
B098JWSP78,The Promise of Love (The Book of Love),"Can The Book of Love bring together two hearts passing in the night? Juniper Farthingale is on her way to London for her debut season when she meets handsome Scottish general Augustus MacLauren by chance at an elegant coaching inn. The man is so obviously right for her. But how can she convince this big, brawny Scot they are meant for each other when she has known him for only a day? Will the Book of Love work its magic to help her convince Augustus to marry her before he rides off for Scotland and she never sees him again?Augustus MacLauren did not rise to the rank of general in the Royal Scots Greys and the Crown’s top continental European commander in the aftermath of Napoleon’s demise by making rash decisions. He is known for his deliberate, thoughtful nature and his tactical military brilliance. But he has fallen in love with June Farthingale within a mere hour of meeting her. Does he follow his heart, toss caution aside, and marry her? Or will he allow logic and reason to win out, because try as he might, leaving Juniper does not feel like the right thing to do. Read Free in Kindle Unlimited! The Book of Love Book 1 - The Look of LoveBook 2 - The Touch of LoveBook 3 - The Taste of LoveBook 3.5 - The Hope of Love - NovellaBook 4 - The Song of LoveBook 5 - The Scent of LoveBook 6 - The Kiss of LoveBook 7 - The Chance of LoveBook 8 - The Gift of LoveBook 9 - The Heart of LoveBook 10 - The Promise of Love","https://m.media-amazon.com/images/I/51vzMDej+IS._SY344_BO1,204,203,200_.jpg",11.99,4.5,637,Books,Meara Platt (Author),Books Romance Historical
B0006AOORE,Statesmen of the Lost Cause,Historical review of the leaders of the Confederate States of America,"https://m.media-amazon.com/images/I/51DwdP1FEiL._SX336_BO1,204,203,200_.jpg",6.29,5.0,2,Books,Burton J. Hendrick (Author),Books History Americas
0780274164,A Monster Sandwich (The Story Box - Level 1 - Set B - for Emergent Readers) [Paperback],1998 The Story Box Level 1 Set B -- A Monster Sandwich (P) Story by Joy Cowley / Illustrations by Glenda Jones ***UPC# 799070741646 ***ISBN-13: 9780780274167 ***Pages: 8,"https://m.media-amazon.com/images/I/51Al3nLgqhL._SX218_BO1,204,203,200_QL40_FMwebp_.jpg",11.2,3.8,5,Books,Joy Cowley (Author),
0435088432,Sounds from the Heart: Learning to Listen to Girls,"About the Author MAUREEN BARBIERI has taught middle school in New Hampshire, Ohio, and South Carolina. Since coming to New York, she has been a staff developer in District 2 and a divisional head at Marymount, an all girls' independent school. In addition to frequent consulting, she now teaches literacy courses in the Department of Teaching and Learning at New York University's Steinhardt School of Education, where she co-directs the summer writing institute. Her book, Sounds from the Heart: Learning to Listen to Girls (Heinemann, 1995), received the James N. Britton Award for Inquiry with the English Language Arts from the National Council of Teachers of English as well as the International Educator's Award from the Delta Kappa Gamma Society.","https://m.media-amazon.com/images/I/41SM7VFW35L._SX301_BO1,204,203,200_.jpg",6.42,5.0,2,Books,"Maureen Barbieri (Author),  Myra Sadker (Foreword)","Books New, Used & Rental Textbooks Education"
B001S28Q4Q,"Alliance Rubber 07706 Non-Latex Brites File Bands, Colored Elastic Bands, 1.5 oz Pic Pac Dispenser (Assorted Bright Colors and Sizes)","Alliance Rubber Brites File Bands are durable, reusable, multipurpose colored elastics designed to make your life easier and allow you to work quicker. Made of non-latex rubber, they are great for use in schools, offices, and homes that are latex-free.  These bands come in a variety of bright shades and sizes in a convenient dispenser for quick and simple file organization. They are easy to stretch and spring back to create a secure and tight fit over a variety of items around the home or office. Brites File Bands can help you organize your office, kitchen, garage, classroom, and craft room. These colored rubber bands are freezer and microwave safe, making them great for creating a tight seal on food storage in the fridge or freezer, and keeping your microwave clean by securing covers or lids when cooking or re-heating.  Colored elastic bands are also a great tool for the DIY-er. Whether you're creating a photo collage, amazing rubber band jewelry, tie-dye clothing with the family, or upgrading old vases and glassware with elastics and spray paint, the options are endless.",https://m.media-amazon.com/images/I/81-bwFg+7aL._AC_SL1500_.jpg,2.68,4.5,665,Office Products,Alliance,"Office Products Office & School Supplies Tape, Adhesives & Fasteners Rubber Bands"
B07RPQVH21,"10 Set Mini Office Stapler with 10# Staples, Small Hand Stapler Portable Desktop Stapler Student Stapler","Whether you're a teacher, office worker or student who needs to stay organized and efficient, you'll love adding your new mini stapler set to your desk supplies and accessories. Specifications: Material: Metal+Plastic Color: Ramdon Staples Type: 10#(Width: 9.20-9.35mm, Height: 4.80±0.15mm) Package includes: 10 x Mini Staplers3 Box Staples(About 3000 Pieces) Note:",https://m.media-amazon.com/images/I/61Lx8CL3S4L._AC_SL1000_.jpg,13.99,3.3,186,Office Products,Chneeu,Office Products Office & School Supplies Staplers & Punches Manual Staplers Desktop Staplers
B07J58B87Q,"Creanoso Humorous Sayings Bookish Bookmarks for Men & Women (30-Pack) –– Stocking Stuffers Gift for Bibliophiles, Book Worms, Book Lovers – Party Supplies – Book Clubs Reading","Creanoso Bookish Humor and Sayings Bookmarks (30-Pack) – Premium Gift Tokens Card Set (6 Designs x 5 pcs each = Total 30 pcs) Book lovers reading delights humorous sayings – perfect bookmark reading compliment for bibliophiles and book worms Great stocking stuffers gifts for Men, Women, Adult, Book Reading Lovers, Bibliophiles Premium Quality 7""x 2"" Cards - 5.5 oz matte card board paper with double-sided water-resistant coating Great gift idea – these bookmarks are a great gift for any loved one or friend, especially those who loves to read books. Ideal for any business events, book clubs, conferences, seminars, birthdays, anniversaries, and other special occasions.",https://m.media-amazon.com/images/I/91WX9XKeaRL._AC_SL1500_.jpg,9.99,4.6,100,Office Products,Creanoso,Office Products Office & School Supplies Book Covers & Book Accessories Bookmarks
B098NQ685V,PenPower WorldPen Scan Go | OCR Reading Pen with Text to Speech | Pen Scanner for Data Input | Pen Translator for Second Language Learners| Wireless Standalone | LCD Touchscreen | Wi-Fi Connection,"TEXT TO SPEECH - Scan printed or digital texts, and the reading pen will read to you. Scanning multiple sentences at once is possible for you to understand the contexts. British accent and American accent are available. SPEECH TO TEXT – Automatically transcribe voice into texts to help you take more notes in less time. Never miss anything important in meetings and classes! SCAN TO TRANSLATE – Ideal for second language learners, such as Spanish, French, Chinese or Korean! 55 languages are supported when connecting to Wi-Fi. A portable pen translator for looking up words in the dictionary and real-time translation. Data Input- You can also use the pen scanner with the app and easily scan texts to a PC or smartphone when the smartphone, PC, and the pen scanner are connected to the same Wi-Fi. Win/Mac/Android/iOS are supported. NOTE: It needs to be connected to WiFi to use full features. STANDALONE AND WIRELESS – It is the most advanced reading pen with an LCD touchscreen. You can use it standalone anywhere—at the library, in class, at the office, or on the go—by directly checking results on the pen scanner.",https://m.media-amazon.com/images/I/51-+z+2hBQL._AC_SL1200_.jpg,149.0,3.9,296,Office Products,PenPower,Office Products Office Electronics Scanners & Accessories Scanners Document Scanners
B00URTWH7S,Tall Tin Charity Donation Coin Collection Box Tip Container Can Ticket & Suggestion Box(5 Pack),"Each tin donation can comes with a removable pre-slotted tin top, Great for in home charity collection,",https://m.media-amazon.com/images/I/31UUttXbpQL._AC_.jpg,34.99,4.4,4,Office Products,My Charity Boxes,Office Products Office & School Supplies Desk Accessories & Workspace Organizers Suggestion Boxes
B018WY6OSW,3 Pack Sharp EL233SB Standard Function Battery Operated Calculator,3 Pack Sharp EL233SB Standard Function Battery Operated Calculator,https://m.media-amazon.com/images/I/81vOP6xCaXL._AC_SL1500_.jpg,12.4,5.0,8,Office Products,Sharp,Office Products Office Electronics Calculators
B001DZWCDO,LD Products Compatible Toner Cartridge Replacement for Samsung ML-2850 Series ML-D2850B High Yield (Black),"The Samsung ML-D2850B high yield cartridge replaces the ML-D2850A standard yield cartridge Page Yield: 5,000 | Shelf Life: 24-36 Months All LD branded products are backed by a 100% satisfaction and LIFETIME guarantee This compatible toner comes equipped with brand new parts including OPC drum, wiper blades, and an ink smart chip that accurately tracks your ink levels For use in the following Samsung ML Printers: ML 2850, ML 2850D, ML 2850DR, ML 2851ND, ML 2851NDL, and ML 2851NDR",https://m.media-amazon.com/images/I/71RIG8A8bES._AC_SL1500_.jpg,26.12,3.9,78,Office Products,LD Products,Office Products Office Electronics Printers & Accessories Printer Parts & Accessories Printer Ink & Toner Toner Cartridges
B09ZV1LFFX,"Lateefah Large Mouse Pad and Keyboard Wrist Rest, Desk Pad for Keyboard and Mouse, 4-in-1 Extended Mouse Pad with Wrist Support, Non-Slip Desk Mat Protector, Ultra Thick Desk Blotter for Office, Home","【4-in-1 Mouse Pad Set】Our large mouse pad and wrist rest set includes desk pad (35.4x15.7x0.12inch), keyboard wrist rest(16.9x3.5inch), mouse wrist rest(5.5x3.1inch), cup coaster(3.5x3.5inch). No need to buy separately, at a super cost-effective price. This desk pad for keyboard and mouse is large enough to fit your mouse, gaming keyboard, and other desk items. Our desk pad protector can keep a clean, uncluttered desk. This helps to improve the gaming experience or work efficiency in the office. 【Exquisite Appearance】Our extended mouse pad and keyboard wrist rest using advanced printing technology, the mouse pad has clear patterns, bright colors, exquisite patterns bring fun to your life, and bring a sense of relaxation when the body and mind are exhausted. Whether this desk mat with wrist rest set is for study, office, game, decoration or as a gift, our non-slip desk pads with wrist support is very suitable for you. 【Ergonomic Design】This mouse pad with wrist support set designed with memory foam and soft smooth material to the pads, lightweight comfortable and durable for your daily work life. This gaming mouse pad wrist support set is contoured ergonomically to keep arms, wrists, and hands from getting sore while working and gaming for long periods of time, maximum reduce wrist stress and tiredness. 【Ultra-smooth Surface】The smooth fabric of this desk mat protector allows you moving your mouse easily and at the same time precisely locate it, and give your hand a comfortable environment to operate your mouse. Optimized for fast movement while maintaining excellent speed and control during your work or game. Compatible with mechanical and optical mice. 【Anti Slip & Stitched Edges】The soft and dense non-skid nature rubber base keeps this desk pad cover firmly in place. Just immerse into your work or games without worrying about the annoying mouse pad movement. And the delicate stitched edges can prevent wear, deformation and degumming in prolonged use. Design for security and durability, and enhances the aesthetic and lifespan of the mouse pad.",https://m.media-amazon.com/images/I/81sskfnQb7L._AC_SL1500_.jpg,22.99,4.7,662,Office Products,LATEEFAH,Office Products Office & School Supplies Desk Accessories & Workspace Organizers Mouse Pads & Wrist Rests Mouse Pads
1976289823,30 Halloween to Color DIY Bookmarks: Happy Halloween Coloring Bookmarks,"""30 Halloween to Color DIY Bookmarks"", comes with 30 unique designs. Rectangular frames sized 2 x 6 inches, a standard bookmark size. Every pattern comes with powerful bible verses, so this book also gives you inspiration and encouragement. The Perfect gift for Everyone. More Bookmarks to Color from us.  30 Bible To Color DIY Bookmarks Vol. 1 ISBN: 1546447261  30 Bible To Color DIY Bookmarks Vol. 2 ISBN: 1546447253 30 Bible To Color DIY Bookmarks Vol. 3 ISBN: 1546571019  30 Bible To Color DIY Bookmarks Vol. 4 ISBN: 1546571027  30 Bible To Color DIY Bookmarks Vol. 5 (Mandala Design) ISBN: 1546662383  30 Bible To Color DIY Bookmarks Vol. 6 (Floral Design) ISBN: 1546813888  30 Quotes to Color DIY Bookmarks: (Quote & Cupcake Design) ISBN: 1546897828 30 Quotes To Color DIY Bookmarks: (Quote and Mandala Design) ISBN: 1546897909 30 Quotes To Color DIY Bookmarks: (Quote About Love Design) ISBN: 1546921958  30 Skulls to Color DIY Bookmarks: Cute Skull Coloring ISBN: 1546656332  30 Unicorns to Color DIY Bookmarks: Cute Unicorn Coloring ISBN: 1546656324","https://m.media-amazon.com/images/I/51j7L9TJFQL._SX322_BO1,204,203,200_.jpg",6.99,4.4,6,Office Products,V Bookmarks Design (Author),Office Products Office & School Supplies Book Covers & Book Accessories
B0041BSEFC,"Global Industrial 37"" W Media Cabinet, 4 Drawer, Putty",Interion® Media Cabinet 4 Drawer Putty,https://m.media-amazon.com/images/I/51hQWAnci0L._AC_SL1500_.jpg,541.29,3.0,1,Office Products,Global Industrial,Office Products Office Furniture & Lighting Carts & Stands Storage Drawer Carts
B09BZBHHZ7,"Keyboard Wrist Rest Pad with Round Mousepad, Ergonomic Wrist Rest Support Gel Pad with Coasters Keyboard Wrist Pad, Pain Relief Memory Foam Set for Gaming & Laptop & Office, Blue Glitter","Does your wrist feel sore when using an ordinary mouse? After typing or playing games for hours, will your arms and hands become numb? Don't worry, our memory foam wrist rest kit will help you out! Why You Choose Us: ➩ High-tech memory foam padding that is comfortable, durable and does not deform. ➩ Anti-slip backing to hold the wrist pad and mouse pad firmly in place. ➩ Smooth surface provides comfy touch to your wrist. Breathable fabric has a feature of sweat absorption. ➩ Protecting the wrist joint, reduce the wrist fatigue and pain caused by the long time use of the mouse, and have a good prevention effect for the current popular mouse hand. ➩ Made of superior material with impeccable workmanship, keyboard wrist rest and mouse wrist reset pad won’t have any problems like edge curling, debonding, strong smelling, deforming, etc. ➩ This pretty mouse pad is the best gift for Mother's Day, Father's Day, Christmas, New Year's Day, Valentine's Day, etc. It's great surprise gift for Men, Mom, friends, family, girlfriends, kids and gamer. Specification: Material: Rubber at the bottom + memory foam on the surface. Thickness: 0.98 inch Weight: 14 oz Package: 1x Round Mouse pad,1x Keyboard Pad, 1 x Ergonomic wrist rest,1 x Cute Coasters  Now press ""Add to Cart"" 😃and start to enjoy the vibrant smooth movement of the mouse, adding color to your life!",https://m.media-amazon.com/images/I/710WXIPy5WL._AC_SL1500_.jpg,20.99,3.9,12,Office Products,RAUEDWDJS,Office Products Office & School Supplies Desk Accessories & Workspace Organizers Mouse Pads & Wrist Rests Wrist Rests
B0BKPYT144,127 127XL T127 Remanufactured Ink cartridges for Epson T127 127 XL Ink Cartridge to use for Workforce 545 845 645 WF-3540 WF-3520 WF-7010 WF-7510 WF-7520 NX530 NX625 Printer (5 Pack),"127 XL T127 Ink Cartridges Contains: 2 x Large Black, 1 x Cyan, 1 x Magenta, 1 x Yellow (5 cartridges in total) Works with: Stylus NX530, Stylus NX625, WorkForce WF-3520, WorkForce WF-3530, WorkForce WF-3540, WorkForce WF-7010, WorkForce WF-7510, WorkForce WF-7520, WorkForce 60, WorkForce 545, WorkForce 630, WorkForce 633, WorkForce 635, WorkForce 645, WorkForce 840, WorkForce 845 Printers. Pages Yield (approx.): 755 pages per large black T127 127 XL ink cartridge, 755 pages per color T127 127 XL ink cartridge (at 5% coverage) Please feel free to contact seller when you meet any problem, the warranty period lasts for 24 months after receiving the product. MILEKO ink cartridges ideal for quality printing. Our 127 T127 XL ink cartridges undergoes a strict experiment to ensure crisp black text and vibrant color image.",https://m.media-amazon.com/images/I/813Nn5O6sEL._AC_SL1500_.jpg,35.89,4.5,28,Office Products,MILEKO,Office Products Office Electronics Printers & Accessories Printer Parts & Accessories Printer Ink & Toner Inkjet Ink Cartridges
B0B6QVDF6Q,"Avery Printable Blank Square Labels, 2"" x 2"", Matte White, 120 Customizable Labels (22816)","A simple way to display your creative side, these customizable small square labels make it easy to leave your mark. The classic white surface of these 2” x 2” blank printable labels allow your text and colorful graphics to stand out, resulting in a polished and professional finish. Our Print-to-the-Edge feature allows you to create eye-catching full bleed labels with sharp text and crisp images with no border or margin. Avoid printing misalignments and jams and ensure a clean printing job with our Sure Feed technology. Labels are quick and easy to apply with our patented Easy Peel label sheets with Pop-up Edge. Simply fold the sheet back to display the label edges for convenient and fast peeling. The TrueBlock label material also makes sure that nothing under the label will show through. Once applied, the permanent adhesive ensures the label stickers hold fast to smooth surfaces like paper, cardboard, plastic, glass and painted metals. Effortlessly create customized sticker labels with your own text, art and photos, or use the free templates from Avery Design & Print to design QR code labels, packaging labels, glass jar labels, lip balm, gift label stickers and more. Try it out today on the Avery site. This item comes with 12 labels per sheet and includes 10 sheets for a total of 120 blank white labels.",https://m.media-amazon.com/images/I/71nPkJ8B4US._AC_SL1500_.jpg,8.13,4.8,4541,Office Products,AVERY,"Office Products Office & School Supplies Labels, Indexes & Stamps Labels & Stickers Laser & Inkjet Printer Labels"
B0082C6K0M,"Maped Boogy 2 Hole Sharpener, Assorted Colors (062210US)",The ultra compact Boogy 2 hole sharpener is made with unbreakable materials and features an integrated canister lid and is perfect for students of all ages.,https://m.media-amazon.com/images/I/51TcrpLDY7S._AC_SL1000_.jpg,8.57,4.7,496,Office Products,Maped Helix USA,Office Products Office & School Supplies Writing & Correction Supplies Pencil Sharpeners
B00YQAP7BW,We've Moved - Moving Cards (24 Cards and Envelopes),"Note Card Set (24 cards and envelopes) - High Quality Paper and Matching Blank Envelopes. Premium 110# Classic Crest Cover Stock with Quality Matching Blank Bright White Envelopes 5"" x 7"" This is a flat card, not a foldover. Designed for writing the new address on the front of the card. Looking for foldover cards, check out our full line.",https://m.media-amazon.com/images/I/71j2Fl3K7+L._AC_SL1500_.jpg,15.95,4.5,77,Office Products,Little Notes by Comptime,Office Products Office & School Supplies Paper Cards & Card Stock Greeting Cards
B099DFSBJK,"Reilly Originals 2x5 Inch Do not Ring Bell or Knock Sign ~ Ready to Stick ~ Premium, Durable","2” x 5” ~ Elegantly Sized Includes Adhesive See Video for Beautiful Material! Search ""Reilly Originals Acrylic” on Amazon for More *USA* items! IMPORTANT: Do not hang on valuable wallpaper or other valuable/irreplaceable surfaces",https://m.media-amazon.com/images/I/51Oj0RnO9OL._AC_SL1491_.jpg,9.99,4.6,165,Office Products,Reilly Originals,Office Products Office & School Supplies Store Signs & Displays Store Signs
B08BC63XHN,"Sproutbrite Classroom Welcome Decorations - Inspirational Posters and Banners for Teachers - Bulletin Board and Wall Decor for Pre School, Elementary and Middle School","Includes 2 Banners as shown in the picture each measuring 13.5""x39"". Our banners are printed on a slightly thinner paper than you might be used too with older classroom banners, but this paper substrate is intentionally used. It produces colors, brightness, and contrast comparable to the most expensive photo paper in the marketplace. Designed for preschool, elementary & middle school grades - perfect for daycares, libraries & learning centers. Guaranteed to have the boldest colors you've ever seen on a classroom banner Here at Sproutbrite we care deeply about our customers, & our products. Love it, or your money back within 30 days!",https://m.media-amazon.com/images/I/71Ej1B87d1L._AC_SL1500_.jpg,12.95,4.8,387,Office Products,Sproutbrite,Office Products Office & School Supplies Education & Crafts Arts & Crafts Supplies Classroom Decorations Banners
B0B1BVCJLP,"Bonsaii 12-Sheet Cross Cut Paper Shredder, 5.5 Gal Home Office Heavy Duty Shredder for Paper, Credit Card, Mails, Staples, with Transparent Window, High Security Level P-4 (C275-A)","【P-4 Level Security】Crosscut shredder for home office heavy duty can handles 12 sheet pages effortlessly per pass, make sure your important documents are securely shredded, can shred paper, credit card, CDs, staple or clips into 13/64*51/64 inches (5*20mm) tiny particles. 【5-Minute Continuous Shredding】Based on the patented cooling system, Bonsaii paper shredder for home use heavy duty can run continuously for up to 5 minutes without worrying about overheating or slowing down, ideal paper shredder for home office use or small office use. 【Easy Operation & Safe Protection】Auto start/stop and manual-foward/reverse function protect the paper shredder heavy duty from the frustration of paper jams. Overheat protection help you use paper shredder without worrying and prolong its lifetime. The document shredder will stop working once lift the head, keeping you safe. 【Compact Sizes】The shredders for home office comes with portable handle and 5.5 Gal large transparent window wastebasket, with compact size of 12.6*7.91*18.3 inches, you can place it in the coner or under the desk, its perfect for home use or office use. 【1 Year Warranty & Professional Service】Bonsaii provides 1-Year warranty for your shredders for home office heavy duty. If you meet any questions during use, please feel free to contact us, we have professional customer service to help you within 24hrs.",https://m.media-amazon.com/images/I/51-INjgTtBL._AC_SL1500_.jpg,53.99,4.5,475,Office Products,bonsaii,Office Products Office Electronics Other Office Equipment Shredders
B0B4PK94PV,"Honeycomb Packing Paper Wrap 15""x200' Sustainable Alternative to Bubble Cushioning Wrap for Moving/shipping/packing Roll with 20 Fragile Sticker Biodegradable & Fully Recylable","Environmental Friendly Packing Supplies :Eco friendly 100% biodegradable kraft paper, green alternative to plastic packaging materials .After stretching, the honeycomb structure can increase the cushioning performance and effectively protect the items that need to be wrapped. Great Packing Paper for Moving Breakables and Delicate Items: Without annoying tape or plastic wrap, the greenwrap packaging makes a confortable and clean look. The kraft brown packaging makes your products or gifts a simple but fine look, a good package material for small business. It's wildly used to wrap gifts, perfume, cosmetics, artwork, ornament, candles. Space saving: The packing paper with honeycomb structure made it can be stretched from 200 feet to 320 feet. 1.6 times longer after stretching. Use less money, get more filler, and space saving. Also you can get 20 Fragile Sticker labels, to keep your boxes safe during transportation. Easy to use: The honeycomb wrapping paper has a perforated design, which can be torn off without scissors or other tools, which improves the packaging speed. Creat a Clean Packaging Look: Wide usage honeycomb wrap . Not only can be used for moving, shipping, mailing, but also can be used for gift wraping. The natrual kraft color and cutting makes an elegant and clean look.1-year warranty Any questions about the product, please feel free to contact us!",https://m.media-amazon.com/images/I/715mXb13JHL._AC_SL1500_.jpg,22.99,4.5,292,Office Products,Besitek,"Office Products Office & School Supplies Envelopes, Mailers & Shipping Supplies Packing Materials Bubble Wrap"
B0C36Q7PM4,"Amazon Basics Multipurpose Copy Printer Paper, 8.5 x 11 Inch 20Lb Paper - 1 Ream (500 Sheets), 92 GE Bright White","Product Description Amazon Basics Multipurpose Copy Printer Paper, 8.5 x 11 Inch 20Lb Paper - 1 Ream (500 Sheets), 92 GE Bright White From the Manufacturer Amazon Basics",https://m.media-amazon.com/images/I/71mwf6-21xL._AC_SL1500_.jpg,8.49,4.8,135510,Office Products,Amazon Basics,Office Products Office & School Supplies Paper Copy & Printing Paper Copy & Multipurpose Paper
B00F5N99MC,"Midori Shachihata Twin Pencil Sharpener Kezuri Cap, Blue (ZKC-W1/H)","Sharpner for wood Pencil from Japanese stationary (stamps) manufacturer shachihata, screw on pet bottle, 4 colors for single hole, 2 colors for double hole are available",https://m.media-amazon.com/images/I/71N1ZR1lerL._AC_SL1500_.jpg,12.78,4.4,96,Office Products,Midori,Office Products Office & School Supplies Writing & Correction Supplies Pencil Sharpeners
B0BGBQMQ17,"Flash Furniture Comerford 3 Piece Metal and Wood Organizer Set - Black Metal and Rustic Wood - For Desktop, Countertop, or Vanity","Organization never looked so good! This 3 piece vintage look metal and wood organizer set will look right at home on your desktop, vanity, or entryway table. Keep your pens, makeup brushes, or the daily mail neat and tidy with the 3 included pieces. Ideal for all decor schemes from farmhouse to industrial, these organizational pieces can be used together or placed separately as you wish. No assembly is required and this set wipes clean with a dry cloth for easy care.",https://m.media-amazon.com/images/I/51+XE8wkImL._AC_SL1500_.jpg,35.0,5.0,1,Office Products,Flash Furniture,Office Products Office & School Supplies Desk Accessories & Workspace Organizers Drawer Organizers
B078L1SV11,BeneAlways Metal Bookmark – Perfect Gift for Book Lovers (Silver Feather + Butterfly),METAL BOOKMARK – The pure copper plating silver. LIFELIKE FEATHER – The concave-convex texture looks like a real feather. VIVID BUTTERFLY – Three layers of hollowed-out design looks like a real butterfly. DIAMOND HEART – The heart of the butterfly is made of a sparkling white diamond. A GREAT GIFT – The classical kraft gift box makes it going to be a great gift under the tree this year.,https://m.media-amazon.com/images/I/81dWrLL0juL._AC_SL1500_.jpg,15.54,5.0,3,Office Products,BeneAlways,Office Products Office & School Supplies Book Covers & Book Accessories Bookmarks
B07SRJNHPR,WhiteCoat Clipboard® - Coral Physical Therapy Edition,"Full size medical clipboard that folds in half Lightweight aluminum construction Hold 8.5"" x 11"" inch paper - letter Folds in-half with ease to 1/2 inch Holds 15-30 pieces of paper without creasing",https://m.media-amazon.com/images/I/81psNySOqyL._AC_SL1500_.jpg,32.95,4.8,54,Office Products,WhiteCoat Clipboard,"Office Products Office & School Supplies Forms, Recordkeeping & Money Handling Clipboards & Forms Holders Clipboards"
B00QJ5P1CM,"LD Compatible Toner Cartridge Replacement for Samsung MLT-D111S (Black, 3-Pack)","Page Yield: 1,000 per cartridge | Shelf Life: 24-36 months per cartridge We offer lightning fast shipping on all printing supply and inkjet photo paper orders The use of LD replacement ink and toner cartridges does not void your printers warranty All LD branded products are backed by a 100% satisfaction and LIFETIME guarantee For use in the following Samsung Xpress printers: M2020W, and M2070FW",https://m.media-amazon.com/images/I/51vaLemCn6L._AC_.jpg,64.79,5.0,2,Office Products,LD Products,Office Products Office Electronics Printers & Accessories Printer Parts & Accessories Printer Ink & Toner Toner Cartridges
B00J9I1BD4,Caltric 3 Pack Oil Filter Compatible with Suzuki 1100 Gsx1100E Gsx1100S Gsx-1100 S Katana 1100 1981-1985,Compatible with Suzuki modelsGSX1100E 1100 1983-1985GSX1100S Katana 1100 1981-1984,https://m.media-amazon.com/images/I/719FB7OJyTL._AC_SL1000_.jpg,13.0,5.0,1,Automotive,Caltric,Automotive Motorcycle & Powersports Parts Filters Oil Filters
B09MWGTYL3,OkuTech Black Retractable Cargo Cover Rear Cargo Privacy Screen Car Trunk Luggage Security Shade Shield for Dodge Journey 5 Seat 2009-2020,"Product Details: Fits Car Model: Dodge Journey 5 Seat 2009-2020 Product Name: Retractable Cargo Cover Material: Aluminum alloy&Canvas Highlights & Features: 1. Bar part is Made of Aluminum (Strengthen the main bar). 2. Designed open handle, Easy to handle and remove. Strengthen springs in both retract ends. Direct snap-on designed for easy installation. Installs in seconds! No Drilling needed. 3. Perfect matching with original slot. Raised squre on the ends and flocked fabric covered the retract ends and let you keep away it form annoying noise. No scratches or wear marks. 4. Surface Finish: Designed from the best top quality material, this cargo cover was specially built to be easy to install and remove. Made of water-repellent DURABLE pro-grade Canvas with structural form-fitting stiffeners. The unrivaled quality, this cover is also tear-resistant, lightweight, water-repelling, easy to clean, adjustable and durable. 5.Application: It protects and covers while still allowing access to the rear cargo area of your vehicle. In the event of an accident, it also cushions the impact, protecting your belongings. It helps keep contents of the cargo area concealed to help deter thieves from valuables, offer you a private security space. What's in the box: 1 x Retractable Cargo Tonneau Cover, 1xUser manual",https://m.media-amazon.com/images/I/61F-7lyv6ML._AC_SL1300_.jpg,139.99,3.0,1,Automotive,OkuTech,Automotive Interior Accessories Consoles & Organizers Trunk Organizers
B009EJV2Y6,Cardone Service Plus 14-1090 Remanufactured Caliper Bracket (Renewed),"At Cardone, quality is the foundation of our corporate culture and the focus of each and every part we sell. We remanufacture all Caliper Brackets to the highest standards to meet or exceed OEM performance. All bolt threads have been thoroughly inspected and tested to ensure trouble-free installation. Feel confident each and every time you apply your brakes, knowing you have Cardone high quality products installed.",https://m.media-amazon.com/images/I/610zHN4TqQL._AC_SL1500_.jpg,35.76,4.8,5,Automotive,Amazon Renewed,Automotive Replacement Parts Brake System Calipers & Parts Caliper Brackets
B07ZPNJJGJ,Camco Life is Better at The Campsite RV Dish Towel Set - Perfect for Drying Hands and Dishes - Includes a Set of (2) Towels - 27-Inches x 16-1/2-Inches (53301),Show off your love of RVing with Camco's Life is Better at the Campsite RV Dish Towel Set. This decorative yet functional set is ultra-absorbent— perfect for drying hands and dishes. Comes with (2) dish towels that are made of 100% cotton. One towel features a multi-RV print; the other is navy-colored with the Life is Better at the Campsite logo. Includes a limited 1-year .,https://m.media-amazon.com/images/I/81YuyGDdKuL._AC_SL1500_.jpg,11.62,4.8,858,Automotive,Camco,Automotive Car Care Tools & Equipment Cloths Chamois
B0B1Y9PZ9X,"Battery Terminal Connector,12-Way Connectors, 8AWG up to 4/0(XL) AWG Gauge, Positive and Negative (+/-)(1 Pair) for SAE/DIN/EN Tapered Top Post,Battery Terminal Clamps","Advantage: Made of High Quality Material.  Tested & Certified to Meet or Exceed OEM Quality Standards. Notice: 2/0 AWG wire diameter is 0.3648 inch (9.266mm), the hole-holder diameter is more than enough to hold 2/0 AWG wire. Includes: 1 * Positive Battery Terminal Clamp 1 * Negative Battery Terminal Clamp Warranty: The Battery Terminal Connector come with 12 Months Warranty. hassle-free Return and Refund Policy. Please Buy it with Your Confidence.",https://m.media-amazon.com/images/I/71p6+YSJWIL._AC_SL1500_.jpg,24.99,4.2,32,Automotive,VASTAUTO,Automotive Replacement Parts Batteries & Accessories Battery Accessories Terminals & Ends
B07ZG2VV2F,986 987 Boxster Convertible Soft Top Push Rod Ball Joint OEM Repair Kit,"Repair Kit Includes: 2 X Porsche 986 987 Boxster Convertible Top Push Rod Ball Joint If you own a Porsche 986 Boxster, more than likely your convertible top will suffer from the infamous broken plastic push rod end. Porsche used a plastic end on the push rod used to operate the convertible top. These plastic ends are notorious for breaking and unfortunately can set you back $150 if you have to buy 2 new push rods since the dealer does not sell the plastic end piece separately. The Plastic used is the mixture of glass fiber which i heat resistance and durable. Porsche Applications: Boxster (1997-2012)",https://m.media-amazon.com/images/I/318vVuxEGbL._AC_.jpg,10.99,4.2,30,Automotive,UR0,Automotive Replacement Parts Engines & Engine Parts Engine Parts Push Rods
B01FJENNZ0,2pcs BOXI 4033 Hood Lift Supports Struts Gas Struts Shocks Gas Springs Supports Lift Shocks for Porsche 968 1992 1993 1994 1995 Hood | Replaces SG406004 94451135103,"Fit: Porsche 968 1992 - 1995 Hood Extended Length [in] 9.65 Compressed Length [in] 6.65 Replaces Part Numbers: 4033,SG406004, 94451135103 5-Year Limited Warranty IMPORTANT NOTE - Please check the description or use the year/make/model drop down bar and interchangeable part numbers to confirm the compatibility before purchasing. If you don't make sure whether this item fit your vehicles, please message us.",https://m.media-amazon.com/images/I/51iIkPm1OTL._SL1000_.jpg,15.69,4.1,15,Automotive,BOXI,"Automotive Replacement Parts Shocks, Struts & Suspension Lift Supports"
B004GDKLHO,Sherman Replacement Part Compatible with Cadillac-Chevrolet-GMC Front Passenger Side Fender Apron Assembly (Partslink Number GM1247104),"Product description RH INR FRT WHL SHIELD / C/K P/U 88-02;BLAZR/TAH/YUK 92-00;SUBURBN 92-99;ESCALADE/YUK DENALI 99-00 Amazon.com The aftermarket replacement product offered on this page does not have a UPC (Universal Product Code) associated with it. Without a UPC, the manufacturer of this aftermarket product cannot be verified, and the brand name has been labeled as ""unknown"". However, the product on this page does have an ABPA (Automotive Body Parts Association) Partslink number that specifies the year, make and model as well as product type and details that confirm the fitment of this product.",https://m.media-amazon.com/images/I/41JQ5MSSsZL._AC_SL1000_.jpg,136.47,3.8,22,Automotive,Sherman,Automotive Replacement Parts Body & Trim Body Fenders & Quarter Panels Fenders
B07Z83Z35S,3D Metal Pirates Jolly Roger Skull Crossbones Bones Pirate Flag Keyring Key Chain Gift Men Women Keychain Giftbox KK 246,"Description: This is the perfect gift idea for your friends and family and many occasions, such as Fathers' Day, Mother's Day, Birthday, Valentine's Day, Christmas, Thanksgiving, Graduation, Wedding, Anniversary. Your package will contain: 1 High Quality keychain with size: 75mm x 28mm.",https://m.media-amazon.com/images/I/61jDkNBfb2L._AC_SL1178_.jpg,9.79,5.0,6,Automotive,Skino,Automotive Interior Accessories Keychains
B0BPLX7DFR,"DRIVESTAR Ignition Coil for Ford F150 E150,for Lincoln Town Car,for Mercury 4.6L 5.4L V8 Replacement with DG508 C1454 C1417 FD503 C1417 DG473 DG481 DG491","【Fitment】Coil fit for Ford 5.4L V8.More detial please check part finder. 【Direct Replacement】We only use the highest grade materials. This makes our product durable and reliable under extreme conditions while providing High Electrical Resistance, strong Spark from plugs, and being resistant to Corrosion and Abrasion 【High Quality Material】all parts of the ignition coil are designed with proven materials, including wire and wire coating that have high tolerance to high temperature, which can resist the cracks, pin holes and imperfections that most often lead to failure issues. 【Note】To keep longer use time of the ignition coils, please pay attention to the condition of sparks.The ignition coils need to work more frequently when work together with the aged spark,that will get the ignition coils become easy to overload and aged. 【Compatible with OEM Numbers】DG508,DG457,1972290,1L2U12A366AA,1L2Z12029AC,21941483,21941485,21941505,3W7Z12029AA,C409,C469,C471,D1RY12300A,DC263,DC88,DCE258,DCE261,DCE263,DG467,DG473,DG481,DG491,F523,F7TU12A366AB,F7TU12A366BA,F7TZ12029AB,FD493,FD503",https://m.media-amazon.com/images/I/51MUxTipKNL._AC_SL1500_.jpg,12.99,4.5,248,Automotive,DRIVESTAR,Automotive Replacement Parts Ignition Parts Coils
B00Z8KN2FC,BFGoodrich 36969 g-Force COMP-2 A/S All-Season Radial Tire - 205/55ZR16 91W,BFGoodrich's Best Ultra-High Performance All-Season Tire Ever.,https://m.media-amazon.com/images/I/81Bl1EMAkHL._AC_SL1500_.jpg,148.64,4.7,14,Automotive,BFGoodrich,Automotive Tires & Wheels Tires Passenger Car Performance
B000BZZPAE,Centric 120.40026 Premium Brake Rotor,Premium Brake Rotor,https://m.media-amazon.com/images/I/81ZwOnEraBL._AC_SL1500_.jpg,39.39,4.5,11,Automotive,Centric,Automotive Replacement Parts Brake System Rotors
B000C7VZ1Y,Spectra Premium CU2403 Complete Radiator,"Spectra Premium Complete Radiators are tested in an endurance simulator in order to ensure that they exceed original equipment standards. Only the highest grades of materials are used in production to ensure product longevity. Spectra Premium Complete Radiators are drop in fit for easy installation and are validated for fit, form, and function before released into the market. All complete radiators are 100 per cent leak tested and equipped with accessory packs to accommodate various original equipment models. Spectra Premium Complete Radiators are manufactured under ISO 9001 / TS 16949 quality system.",https://m.media-amazon.com/images/I/91tgXQs-7VL._AC_SL1500_.jpg,76.94,4.3,45,Automotive,Spectra Premium,Automotive Replacement Parts Engine Cooling & Climate Control Radiators
B09F3FKL62,NewYall Hood Latch Lock,For Hyundai Sonata Sedan 2015-2017,https://m.media-amazon.com/images/I/61a7T9OJ-3L._AC_SL1500_.jpg,27.98,5.0,2,Automotive,NewYall,Automotive Replacement Parts Body & Trim Body Hoods
B098HWP9T5,"Valvoline DuraBlend SAE 10W-40 Synthetic Blend Motor Oil 1 QT, Case of 6","Product Description DuraBlend™ has a unique blend of premium synthetic and conventional base oils with advanced additive technology designed for tough driving conditions. Amazon.com Motor oil is made from crude oil and is used to lubricate, clean, and cool engines. Types of motor oil include conventional, synthetic, diesel, bio-based, hybrid (blends of conventional and synthetic), and recycled oils. Motor oil varies in weight and viscosity, as well as additives that some manufacturers add to the oil during the refining process. A numerical code system created by the Society of Automotive Engineers (SAE) grades motor oils according to viscosity--the higher the number between 0 and 60, the more viscous (thicker) the oil is. Most consumer motor oils are graded by two numbers, with the first number indicating cold weather (Winter or ""W"") performance. SAE 10W-40 This oil has a weight of SAE 10W-40, meaning it has an SAE viscosity rating of 10 in cold temperatures and a rating of 40 at normal operating temperature. Always check your vehicle's owner's manual to verify that this is the correct weight of motor oil for your vehicle. Semi-Synthetic Oil This oil is a semi-synthetic oil, meaning only some crude oil is used in making it. Semi-synthetic oil can be used in vehicle engines instead of motor oils refined from crude oil, and often provides superior mechanical performance over traditional motor oil, including increased gas mileage and reduced engine wear at extreme temperatures. Its complex method of production means it can often cost more than conventional motor oil. Please note that you should not mix quarts of synthetic and conventional motor oils in your vehicle, and if you use semi-synthetic or full synthetic oil in your vehicle, you should not change the oil with conventional motor oil. From the Manufacturer Valvoline's DuraBlend Synthetic Blend Motor Oil - Meets the Demands of Today's Tough Driving Conditions Whether you are driving a high-output engine, making frequent trips or simply looking for advanced protection in extreme temperatures, you will get the performance you need from Durablend synthetic blend motor oil. Durablend offers a premium blend of synthetic and conventional base oils, plus advanced additive technology provides added protection against severe driving. As a synthetic blend oil, Durablend gives you heavy duty protection against tough driving conditions from stop-and-go traffic to long engine running time. It’s advanced protection in moments when conventional oils have a tendency to begin to break down.   Synthetic blend motor oils work harder and longer than convention oils to provide enhanced engine protection. And, in cooler temperatures, synthetic blend oils hold their viscosity, which gives your engine protection even at start up. Conventional oils and synthetic blends are fully compatible, so you can make the switch to the advanced protection of Durablend without risk to your vehicle. Frequently Asked Questions About",https://m.media-amazon.com/images/I/71t6t4LpujL._AC_SL1500_.jpg,58.34,4.8,159,Automotive,Valvoline,Automotive Oils & Fluids Oils Motor Oils
B000CNH09O,FEL-PRO 9093 Carburetor Mounting Gasket,FelPro gaskets offer 100% vehicle sealing with applicationspecific materials to give you sealing solutions with the performance and durability professionals trust,https://m.media-amazon.com/images/I/71zAhZVzkLL._AC_SL1500_.jpg,3.49,4.7,5,Automotive,Fel-Pro,Automotive Replacement Parts Fuel System Carburetors & Parts
B00E8NLMUW,2007-2013 Jeep Wrangler Hood Stop Rubber Bumper Cushion Jk Single Mopar Oem,Curated product from Automotive.,https://m.media-amazon.com/images/I/61XYWwaheqL._AC_SL1024_.jpg,13.95,3.5,12,Automotive,,Automotive Exterior Accessories Bumpers & Bumper Accessories Bumper Guards
B01MTISTH0,"New Alternator Compatible With/Replacement For Hyster Lift Trucks Various Models w/Mazda 4-121 1979-1981 A1T21397, AH2035H27, AG2035T, AG2035T2, AH2035T2, AH2035T9, AH2040H, A1T21377","Compatible With: HYSTER Lift Trucks Various Models 1979 Mazda 4-121 EngineHYSTER Lift Trucks Various Models 1980 Mazda 4-121 EngineHYSTER Lift Trucks Various Models 1981 Mazda 4-121 EngineSpecifications: Unit Type: AlternatorManufacturer: MITSUBISHIVoltage: 12Rotation: CWAmperage: 35Pulley Type: V1Fan Type: EFRegulator: ERNOTE: 1-V PULLEY (DIAMETERS VARY)Replaces these part numbers: D47Z-10346-A, D27Z-10346-AHYSTER: 324607, 326855MAZDA: 0327-18-300, 2677-18-300, 0483-18-300, 0605-18-300, 0326-18-300, 0571-18-300, 0820-18-300C, 0707-18-300, 0571-18-300A, 0483-18-300A, 0605-18-300A, 0820-18-300, 2329-18-300, 0327-18-300A, 2329-18-300AMITSUBISHI: AG2036T, AH2035T, AG2040T, A1T21397, AH2035H27, AG2035T, AG2035T2, AH2035H4, A1T30474, AG2035T8, AH2035T2, AH2035T9, AH2040H, A1T21377, AG2030T, AH2035H, A1T20178, A1T20574, A1T21337, A1T20174, AG2035T1, A1T20573, A1T20572, AG2030T1, A1T30471, AH2035H7, A1T20579, A1T30477, AH2035T3, A1T20591, A1T21372, A1T15674, AH2035T4, AG2040T1, AH2035T8, AG2035T3, A1T21374GLE-105AYALE: 1500145-01, 1500160-00, 9006128-17",https://m.media-amazon.com/images/I/61y1TJu0tqL._AC_SL1280_.jpg,99.99,5.0,1,Automotive,DISCOUNT STARTER & ALTERNATOR,Automotive Replacement Parts Starters & Alternators Alternators & Generators Alternators
B00DQU7SUQ,TYC 18-3121-01 Ford Econoline Van Driver Side Replacement Parking/Side Marker Lamp Assembly,Parking / Side Marke,https://m.media-amazon.com/images/I/71aLkgHWUdL._AC_SL1500_.jpg,10.47,4.8,131,Automotive,TYC,Automotive Lights & Lighting Accessories Lighting Assemblies & Accessories Signal Light Assemblies Marker Light Assemblies Side Marker Assemblies
B08NPHSXBY,"BUNKER INDUST LED Fog Lights for Ford F150 2015 2016 2017 2018 2019/SUPER DUTY 2017 2018, OEM Bumper Driving Fog Lamp Kit","PERFECTLY FIT FOR 2015-2019 FORD F150/SUPER DUTY 2017-2018---These BUNKER LED fog lights is made to directly replace the factory halogen fog lights, giving your ford an entirely new look SUPER BRIGHT LED FOG LIGHTS---Upgraded fog lights provide wider and longer illumination distance with intensive 5,500K brightness, brighter than stock halogen lights and other lights, giving you safer driving and excellent driving experience HIGH QUALITY FORD LED FOG LIGHTS ---PC lenses,more strong and durable than oem with glass lenses or other passing lamps. With internal protection mechanism, which guarantees no flickering or failure and ensures their reliable performance against harsh conditions SUPERIOR DESIGN---Fully sealed, IP68 waterproof rate, rustproof and shock-proof. The life-span reaches to 50000hrs. It performs well and ensures their reliable performance against harsh conditions, providing a safer driving in desert, smoggy weather or rain fog QUICK INSTALLATION---Easy installation.Complete set fog Lights feature bolt-on installation, and also come with a connector that will make installation a breeze. No modification is needed",https://m.media-amazon.com/images/I/71+rzQPiPeS._AC_SL1500_.jpg,49.99,3.8,77,Automotive,BUNKER INDUST,"Automotive Lights & Lighting Accessories Lighting Assemblies & Accessories Driving, Fog & Spot Lights"
B0BTD8HR1M,"Triumilynn 1"" 25mm Brake Clutch Master Cylinder for Honda Shadow VT600 VT750 VT1100 VT1300 VTX1300 VF750 Kawasaki Suzuki Yamaha","🏍Fits most motorcycles with 1 inch (25mm) brake handlebars 🏍Fit following Honda Motorcycle ▶ VF750 1994-2003 (Magna/Magna Deluxe) ▶ VT600 1988-2007 (Shadow VLX/Shadow VLX Deluxe) ▶ VT750 1998-2020 (Shadow Aero/Shadow Phantom/Shadow Spirit/Shadow ACE/Shadow RS) ▶ VT1100 1995-2007 (Shadow/Shadow Spirit/Shadow ACE/Shadow Sabre/Shadow Aero) ▶ VT1300 2010-2020 (Stateline/Sabre/Interstate/Fury) ▶ VTX1300 2003-2009 🏍Size: Fits 1"" / 25mm Handlebars, Mirror thread: 10mm / 0.39"", Bore size: 14mm / 0.55"", Banjo Bolt Size: 10mm / 0.39"" 🏍Effect Prompt Delivery, Arrival within 2-4 business days, Save time for your important task 🏍Package includes: 1* Left Clutch Lever + 1* Right Brake Master Cylinder",https://m.media-amazon.com/images/I/51s5ylMNTwL._AC_SL1000_.jpg,32.99,3.9,224,Automotive,Triumilynn,Automotive Motorcycle & Powersports Parts Controls Levers Brake
B07ZJ64ZFB,Ducati Scrambler 800 - Kit Rear Hugger (D-0207) - Aluminium Mudguard Fender - Hardware Fasteners Included - De Pretto Moto Accessories (DPM Race) - 100% Made in Italy,"Ducati Scrambler 800 - Kit Rear Hugger - Compatible with Classic, Icon, Urban Enduro, Full Throttle, Cafè Racer, Flat Track Pro & Italian Independent versions - ATTENTION! Not compatible on Desert Sled Complete with special FE360 supports for the elastic fixing of the rear hugger. Hardware fasteners and assembly instructions included Easy to Install - Applies without any modifications to the motorbike Matte Black - Quality Finishing - 100% Made in Italy Aluminium+FE360 - Powder Varnished - Laser Cut",https://m.media-amazon.com/images/I/61OoJLcIKqL._AC_SL1200_.jpg,227.18,4.8,10,Automotive,DPM race,Automotive Motorcycle & Powersports Parts Body & Frame Parts Body Work Bumpers & Fenders Fenders
B09G647WGN,[Left/Driver Side] Master Power Window Control Switch Compatible with 13-16 Dodge Dart/14-16 Jeep Cherokee,"Replace your broken window switch with a direct drop in replacement at a fraction of the cost of a OEM part. Built to exact specifications, this switch will look and function the same as the one being replacedIncludes: 1 X Power Window SwitchCompatible with Chrysler 200 2015-2016Compatible with Dodge Dart 2013-2016Compatible with Jeep Cherokee 2014-2016Please Note: Replace for 68271203AB only, Do not replace for 68271206AB. Please make sure the switch model you have before purchase100% Brand NewProfessional Installation is Highly RecommendedInstallation Instruction is NOT Included",https://m.media-amazon.com/images/I/616vw9txc3L._SL1200_.jpg,29.89,3.4,2,Automotive,PM PERFORMOTOR,Automotive Replacement Parts Body & Trim Trim Interior Interior Switches Power Window
B09GKDZJWT,"Farmogo Tesla Door Lights Logo Projector Puddle Lights Ultra-Bright Welcome Step Light,Never FadeTesla Puddle Lights for Tesla Model 3 Model S Model Y Model X Plug & Play (Blue)",Tesla Logo Projector puddle lights,https://m.media-amazon.com/images/I/71t22f6IwjL._AC_SL1500_.jpg,32.99,4.6,1042,Automotive,Farmogo,Automotive Lights & Lighting Accessories Accent & Off Road Lighting Running Board Lights
B003SJLTL4,Dorman 924-213 Rear Brake Dust Shield - 1 Split Compatible with Select Cadillac / Chevrolet / GMC Models (OE FIX),"The original brake dust shield on certain Cadillac, Chevrolet and GMC vehicles requires removing the entire axle shaft to replace. This Dorman OE FIX shield has a two-piece design to simplify replacement. Vehicle model years this part fits (be sure to check your vehicle trim using the Amazon garage) - [Cadillac Escalade ESV: 2003, 2004, 2005, 2006] - [Cadillac Escalade EXT: 2002, 2003, 2004, 2005, 2006] - [Cadillac Escalade: 2000, 2002, 2003, 2004, 2005, 2006] - [Chevrolet Astro: 2003, 2004, 2005] - [Chevrolet Avalanche 1500: 2002, 2003, 2004, 2005, 2006] - [Chevrolet Express 1500: 2003, 2004, 2005, 2006, 2007, 2008, 2009, 2010, 2011, 2012, 2013, 2014] - [Chevrolet Silverado 1500 Classic: 2007] - [Chevrolet Silverado 1500: 1999, 2000, 2001, 2002, 2003, 2004, 2005, 2006] - [Chevrolet Suburban 1500: 2000, 2001, 2002, 2003, 2004, 2005, 2006] - [Chevrolet Tahoe: 2000, 2001, 2002, 2003, 2004, 2005, 2006] - [GMC Safari: 2003, 2004, 2005] - [GMC Savana 1500: 2003, 2004, 2005, 2006, 2007, 2008, 2009, 2010, 2011, 2012, 2013, 2014] - [GMC Sierra 1500 Classic: 2007] - [GMC Sierra 1500: 1999, 2000, 2001, 2002, 2003, 2004, 2005, 2006] - [GMC Yukon XL 1500: 2000, 2001, 2002, 2003, 2004, 2005, 2006] - [GMC Yukon: 2000, 2001, 2002, 2003, 2004, 2005, 2006]",https://m.media-amazon.com/images/I/8132QeYzlnL._AC_SL1500_.jpg,19.38,4.4,316,Automotive,Dorman,Automotive Tires & Wheels Accessories & Parts Wheel Accessories & Parts Wheel & Brake Dust Shields
B00XJG2SLG,"Hurtta Pet Collection 14-Inch Padded Y-Harness, Pink","Hurtta harnesses are suitable for active walks for all dogs, but they are especially recommended for dogs with back and neck problems. When the dog pulls on the leash, the close-fitting harness distributes pressure evenly across the chest, preventing damages to the dog’s vertebrae. Thanks to the wide padding and ergonomic design, the harness is comfortable and does not cause wear on the dog’s fur or skin. Easy and quick to put on, both dog and owner will get accustomed to the harness in no time. Made from durable Neoprene, the harnesses are fitted with efficient 3M reflectors.",https://m.media-amazon.com/images/I/81yYPSv4X8L._AC_SL1500_.jpg,24.95,4.4,166,Pet Supplies,Hurtta,"Pet Supplies Dogs Collars, Harnesses & Leashes Harnesses Vest Harnesses"
B0BD6TXL2G,"Raised Dog Bowls,6 Inch Ceramic Dog Bowl Dish, with Metal Stand and Grey Silicone Pet Feeding Mat- 32 Ounces Pet Food Water Feeder for Cats Small Dogs -Set of 2-White","【Two Bowls+Metal Stand+Dog food mat】Really practical dog food and water bowl set,bowls measures 6.1"" Dia x 2.6H"",suitable for your pet dogs, cats, puppies and kittens to use, perfect for holding dry kibble, wet food, treats, or water.You can save time to choose a food mat for your pet. 【Convenient Raised Pet bowl set】This dog bowl is equipped with a non-slip metal stand support.The 3.3inch high metal frame is designed to protect the pet’s neck joints.Bring with light gray dog food mat,flexible and easily taken anywhere for travel. 【Large Capacity&Premium Material】With 32 ounces of capacity,it can be used as a large water bowl or food bowl.The dog food bowl is made of medium temperature clay, not contain lead and cadmium. 【More Stable and No Mess】The weight of ceramic bowls and metal stand to prevent strong dogs and cats from nudging bowls around the floor and tipping the contents out.The metal stand with rubber base protects your floor from scratching. 【Safe and Easy Wash】With smooth surface of the cat & dog food and water bowl always easy to wash for your lovely pet, dishwasher-safe.Pet ceramic bowls are easy to keep clean and hygienic.",https://m.media-amazon.com/images/I/61RQwsn70gS._AC_SL1500_.jpg,32.88,4.6,100,Pet Supplies,FIVEAGE,Pet Supplies Dogs Feeding & Watering Supplies Bowls & Dishes Basic Bowls
B01MQTWB5H,4 Pack - 4 Inch Ring Filter Socks 200 Micron - Aquarium Felt Filter Bags -4 Inch Ring by 16 Inches Long [Long Version] - Fits Eshopps and Aqueon - 4 Pack,"Micron filter bags provide excellent mechanical filtration, which helps reduce the amount of ammonia-producing organic matter in your aquarium by trapping debris which also helps prevent large and small object like sand and coral from damaging aquarium equipment. Solid construction and heavy duty stitching make these socks strong and durable so they can be cleaned and reused numerous times. You will receive four 4 inch filter socks. Bring clarity to your aquarium with our professional grade micron filtration sock. Micron filter socks are an essential part to keeping aquarium water clear and clean.",https://m.media-amazon.com/images/I/71Ic3I+smML._AC_SL1500_.jpg,15.0,4.4,84,Pet Supplies,Encompass All,
B09ZTMTS6N,Cat Window Perch Durable Cat Hammock Seat for Indoor Cats Reversible Mat Use Year-Around Foldable Cat Bed Providing All-Around Sunbath Saving Space Washable Holds Up to 40 lbs (Brown),"【Ideal for Use Year-around】Cat window perch cover made of reversible cover for different seasons and different room temperature. One is breathable mesh, which can help dissipate heat. Another is soft plush, which helps keep warm. 【Foldable Design】Easy foldable design window perch to allow blinds to close as needed.Will not affect the normal use of your blinds. 【Perfect Habitat】Cats love warmth, it is ideal for them to enjoying 360° sunbathing, relaxing or watching birds.They can enjoy climbing up to the window perch and down. 【Easy to Assemble】The Cat window hammcok is easy to assemble ，you can build and install in 5 minutes. It can hold up to 30lbs，Suitable for multiple kitties or a large cat. 【Friendly Tips】Please make sure to clean the windows and suction cups before mounted. Please soaking the suction cups in hot water (60-80°C) for 3-5 minutes to warm up and soften them. (When installing, press the suction cup firmly on the contact surface to squeeze out the air first）",https://m.media-amazon.com/images/I/71dGmpYpPaL._AC_SL1500_.jpg,23.99,4.4,130,Pet Supplies,Mewoo,Pet Supplies Cats Beds & Furniture Hammocks
B0BTRKRB5B,"Dog Bike Trailer - Durable Frame - Easy to Connect and Disconnect to Bicycles, Safety Tether - Collapsible to Store - Medium and Large Size","Let your pet enjoy the view while looking out the back, front and side ventilated windows while giving them shade from the sun Large front and back mesh zippered screen doors, Pneumatic rubber tires ensure a smooth ride for your pooch The dog bike trailer has a quick-release hitch for easy attachment to the bike. This dog trailer can be folded to save space when not in use. The Oxford fabric built on a steel frame is super strong with plenty of durabilities to fight the weather, water, and UV rays. The large trailer can accommodate dogs weighing up to 90 pounds, and the internal driving size is: 33""*22""*26"" (L*W*H)",https://m.media-amazon.com/images/I/715jR2G5xOL._SL1500_.jpg,138.99,4.4,16,Pet Supplies,ANOUR,Pet Supplies Dogs Carriers & Travel Products Strollers
B00F3JRLYQ,"Wysong Optimal Adult Canine Formula Dry Dog Food- 5 Pound Bag, Model: WDCOA5","For the past 35 years the Wysong goal and commitment has been to reconcile modern food forms and processing with the natural canine/feline diet. Wysong Optimal Diets represent new advanced technology that moves companion animal nutrition closer than ever to archetypal genetic expectation. Optimal Adult super premium dog food contains very low levels of carbohydrate, low glycemic index, multiple organic ingredients, unsurpassed levels of enzymes and probiotics, natural omega-3: omega-6 fatty acid ratios, a superb spectrum of micronutrients, including life stage specific nutraceuticals, and more.",https://m.media-amazon.com/images/I/71G+ewGTQhL._AC_SL1500_.jpg,17.46,4.4,75,Pet Supplies,Wysong,Pet Supplies Dogs Food Dry
B08YR694LN,"Reptile lamp Stand Fixed Bracket - Terrarium Large Reptile Lamp Adjustable Metal lamp Holder, Used for Amphibians and Lizards, Tortoise and Snakes and Other Cold-Blooded Animals","【Wide Application】The floor light holder can be used with reptile heating lamps and is wildly used in all kinds of amphibians and different cold-blooded animals, such as lizards, turtles, snakes, spiders, frogs, centipedes. The light stand can also be used for succulent plants 【Adjustable height and width】Height range of the lamp stand is 15''-37.4'',and width can be adjusted between 9''- 13'', set the optimum distance between the heat lamp and the reptile, making your reptile more comfortable. (Ps. Orders comes without Lamp) 【Durable Material】Detachable/retractable terrarium light stand to cope with various reptile environments. Made of high-quality metal materials, the lamp holder has the characteristics of anti-deformation, anti-rust, strong and durable, and can be used for a long time. 【Easy Installation】Easy to assemble, in order to keep the light stand stable, you'd better use the Reptile tank or a heavy object to press the base. Detachable design for easy storage. (Lampshade is excluded!) 【Quality Ganrantee】You can always apply for a refund if the product you receive has any quality problem, any problems we will offer effective solution to help you out. Contact us whenever you need.",https://m.media-amazon.com/images/I/71Wyswx2qEL._AC_SL1500_.jpg,36.99,4.1,321,Pet Supplies,Svnry,Pet Supplies Reptiles & Amphibians Terrarium Heat Lamps & Mats Heat Lamps
B01LLXU360,Shed Pal Pet Hair Remover Dog Cat Grooming Vacuum System Clean Fur Popular Items,Shed Pal As Seen On TV Pet Hair Remover Dog Cat Grooming Vacuum System Clean Fur,https://m.media-amazon.com/images/I/51DHwPZA0lL._AC_SL1100_.jpg,26.99,2.5,48,Pet Supplies,Unknown,Pet Supplies Cats Grooming Hair Removal Mitts & Rollers
B01LY4VFTR,"Kaytee 3 Pack of Carrot Carousel Chew Toys, Large, for Rabbits and Other Small Animals",Provide your pet with hours of fun activity. Carousel Chew toys help reduce boredom with their unique combination of wood and loofah pieces. The fun shaped wood helps to keep teeth trim and clean while the loofah pieces clean and floss. Watch your pet toss and chew the day away.,https://m.media-amazon.com/images/I/71zENvd-I0L._AC_SL1328_.jpg,10.57,4.4,93,Pet Supplies,Kaytee,Pet Supplies Small Animals Toys
B07P5VHBS6,"Primalvore Free-Range Bone Broth for Dogs &Cats, Mobility Formula w/Collagen Peptides for Hip & Joints, Digestion, Skin & Coat and Hydration. Grain Free, Human Grade, Made in USA. Beef & Chicken 6 Pk","GENTLY SUPPORTS MOBILITY WITHOUT THE USE OF POWDER SUPPLEMENTS: As your pet spans, instead of harsh medications, this gentle broth can provide the healing Collagen peptides and minerals your pet needs. The diet for your dog or cat is going to get a boost with this marrow infused healthy food topper to provide additional support for dogs with tummy issues like upset stomachs, diarrhea, gas, and irregularity in bowel movements. PREVENT PET DEHYDRATION: Sensitive stomachs may just have a leg up with our primal three-ingredient broth with organic turmeric as an anti-inflammatory antioxidant. For wet or dry dog food and cat food. Great for dogs on the raw food diet. Serve with your pet's meal or as a hydrating snack to keep your pet at optimal hydration levels and prevent them from getting dehydrated. Salt-free formula with no garlic, onions, or ingredients that could be harmful on your puppy's stomach. HONEST & NATURALLY PRODUCED IN USA ORGANIC BROTH: Unlike other K9 soup broths, Primalvore's is made from organic sources. Proudly human-grade, both our beef and chicken flavors feature broth made with certified organic bones for high nutritional value that is small batch produced in America. A great tasting liquid additive that can help a gassy, bloated, upset stomach after mealtime. ALL BREEDS, LARGE OR SMALL: Great for puppies, adult, or older senior dogs, whether big or tiny your pup can use our nourishing beef broth and chicken broth can be used for a variety of things, including a nourishing kibble topper, refreshing fortified dog treat beverage, or rehydrating freeze-dried pet food. Cats love our bone broth too! PRODUCED IN USA: Backed by our satisfaction guarantee; If for any reason you or your pet is unsatisfied with our premium natural pet bone broth, please contact us within 30 days for a full refund.",https://m.media-amazon.com/images/I/71rqswSnZUL._AC_SL1500_.jpg,49.97,4.2,846,Pet Supplies,Primalvore,Pet Supplies Dogs Food Food Toppers
B09WYP5TMM,"Slow Feeder Dog Bowls Insert - Slow Feeder Insert with 38 Strong Suction Cups, Dog Slow Feeder for Small, Medium, and Large Breed Dogs or Cat Bowl",SOME TIPS TO KNOW 1)Top rack dishwasher safe for best cleaning results.  2)This is not a chew toy and should not be left in dog bowls especially with aggressive chewers.  3)Please always supervise your pet while in use. 4)Installation: WET the suction cup & PRESS it into the bowl,https://m.media-amazon.com/images/I/71HZ049jCOL._AC_SL1500_.jpg,14.99,3.7,21,Pet Supplies,Oborlo,Pet Supplies Dogs Feeding & Watering Supplies Bowls & Dishes Slow Feeders
B008NSGB5E,Cichlid Gold Fish Food Large Pellet Floating Type 8.8 oz (250g),Cichlid Gold fish food large pellet floating type 8.8 oz (250g),https://m.media-amazon.com/images/I/61Ip3NQRnUS._AC_SL1000_.jpg,9.62,4.7,716,Pet Supplies,Hikari,Pet Supplies Fish & Aquatic Pets Food
B0BTKL8P4X,Pawprints Pet Memorial Frame with Pawprints Left by You Poem - Touching Dog Sympathy Gift for Pet Loss Remembrance (Frame with Ash Vial),"Beautiful dog memorial frame with a sentimental sympathy poem to help a grieving friend or loved one remember a special pet. Frame comes with an attached ribbon with an ash vial, and holds a 5""x7"" photo of that special companion who has crossed the rainbow bridge Stainless steel vial with red engraved heart measures 1.75"" and can hold ashes, pet hair, dried flowers or other similar remembrance of pet. Remember your beloved pet with this 5x7 black hinged table frame that can displayed anywhere in home or office The heartfelt ""Pawprints Left By You"" (copyright Teri Harrison) poem perfectly states the feeling of someone who lost their loyal companion and will provide comfort to the recipient in the time of grieving A special pet loss sympathy gift that lasts longer than flowers and will keep the lost companion in memories forever",https://m.media-amazon.com/images/I/91EaWetMubL._AC_SL1500_.jpg,24.99,4.9,2950,Pet Supplies,Pawprints Left by You Memorial Gifts,
B085Y66BVM,Aquarium Heater Submersible 50W/200W/300W Fish Tank Water Heater Adjustable Temperature Thermostat for 15 30 55 75 Gallon Freshwater Saltwater Fish Betta Tanks with 2 Suction Cups (300W),"✅Upgraded Heater - Our aquarium heater is made of high quality real quartz glass material, will not explode during working, can totally keep your fish safe and health, suit for freshwater and saltwater tank. ✅Circulating Working Mode - Our submersible aquarium heater has a super good feature is after setting your temperature, it will work about 5-10 minutes, then stop 2 minutes, then continue to working, repeat this working mode until get your temperature. This working mode avoid overheating your fish. ✅Adjustable Temperature – The temperature of the water heater can be adjusted, rotate the orange dial can easily set the accurate temperature which you want. Temperature range is 20-34 ℃(68-93 ℉). ✅Power – The power of the fish thank heater is 300W, which is suit for 50 to 80 gallons fish tank. Voltage is 110V-120V. Cable length is 55 inch. ✅Indicator Light - This 75 gallon aquarium heater thermostat has a indicator light to let you know when the heater is on. It will be red when heating and off when the proper temperature has been reached. It will stop work automatic when water reach the temperature which you set, and begin to work when water temperature bellow setting temperature.",https://m.media-amazon.com/images/I/51wqDrzFrqL._AC_SL1400_.jpg,18.99,4.3,415,Pet Supplies,Supyouleg,Pet Supplies Fish & Aquatic Pets Aquarium Heaters & Chillers Aquarium Heaters
B089QQHKVD,Jxinrong Mushrooms Spiked Rivet Studded Adjustable Pu Leather Pet Collars for Cats Puppy Dogs,"Please check the size before you confirm the order and we are always here for you. Feature: Size: X-Small: 1.0*12.5"" (2.5*32cm), Neck 8.2-10.6""(21-27cm) Small: 1.0*14.5"" (2.5*37cm), Neck 10.6-13""(27-33cm) Medium: 1.0*16.5"" (2.5*42cm), Neck 12-14.5""(31-37cm) Large: 1.35*20"" (3.5*51cm), Neck 14.2-18""(36-46cm) X-Large: 1.55*24"" (4.0*61cm), Neck 17-22""(44-56cm) Package: 1*leather pet collar",https://m.media-amazon.com/images/I/611Fu7rDmEL._AC_SL1000_.jpg,12.98,4.4,299,Pet Supplies,Jxinrong,"Pet Supplies Dogs Collars, Harnesses & Leashes Collars Basic Collars"
B081W4G8K7,"PetSafe Exterior / Interior Cat Door: Staywell Big Cat 4-Way Locking Pet Door Flap for Large Cats- Tinted Privacy Door- Weatherproof, Durable Door Frame- DIY Easy Install with Hardware Kit Included","The PetSafe Staywell Big Cat/Small Dog Pet Door is designed for large cats up to 25 lb.. Molded in durable plastic, it features a rigid, see-through plastic flap and magnetic weather seal. Use the 4-way locking system to control the level of access you want your cat to have. Trust PetSafe to help keep your pet healthy, safe and happy.",https://m.media-amazon.com/images/I/81b+AF4i1xL._AC_SL1500_.jpg,26.95,4.5,2341,Pet Supplies,PetSafe,"Pet Supplies Cats Cat Doors, Steps, Nets & Pens Cat Doors"
B0843HPZKY,"ASPCA Cat House & Cat Scratcher w/Bonus Catnip Included, Adoption Truck cat House (CAS2030)","Give kitty a relaxing place to play and hide with this cardboard Cat House. When not in use, the cat house can be collapsed into a flat, compact size for out-of-the-way storage. Catnip included Corrugated scratching surface Durable materials",https://m.media-amazon.com/images/I/81Dj2s6pQ3L._AC_SL1500_.jpg,21.99,4.7,9248,Pet Supplies,ASPCA,Pet Supplies Cats Beds & Furniture Cat Houses & Condos
B0B4NP5RX5,Healthy Breeds Labradoodle Z-Flex Max Hip and Joint Soft Chews 50 Count,"Healthy Breeds Z-FLEX MAX soft chews for dogs is recommended to support healthy joint function in dogs. May help alleviate the pain associated with normal daily exercise and activity. formulated for maximum hip and joint support with a powerful and comprehensive blend of Glucosamine, Pena Canaliculus, Chondroitin, MSM and Omega fatty acids in a great tasting soft chew dogs love.",https://m.media-amazon.com/images/I/81+j9ouoQdL._AC_SL1500_.jpg,21.99,3.3,7,Pet Supplies,Healthy Breeds,Pet Supplies Dogs Health Supplies Hip & Joint Care
B09J5FJYMJ,"Nutramax Dasuquin Joint Health Supplement for Cats - With Glucosamine, Chondroitin, ASU, Boswellia Serrata Extract, Green Tea Extract, and Omega-3, 84 Soft Chews","Dasuquin for Cats Soft Chews is a premium joint health supplement that contains the combination of glucosamine hydrochloride, chondroitin sulfate and avocado/soybean unsaponifiables (ASU) to help support your pet’s joints. Each soft chew also contains omega-3 fatty acids for overall wellness support for your cat. Dasuquin joint health supplements are brought to you by Nutramax Laboratories Veterinary Sciences, the #1 veterinarian recommended supplement company. Source: Among veterinary brands. Survey conducted among small animal veterinarians who recommended oral joint health supplements. *Source: Survey conducted among small animal veterinarians who recommended animal supplements.",https://m.media-amazon.com/images/I/71VfR+in68L._AC_SL1500_.jpg,9.68,4.3,641,Pet Supplies,Dasuquin,Pet Supplies Cats Health Supplies Hip & Joint Care
B07PFF6H6M,"iPrimio 100% Natural Wool Eco-Friendly Cat & Kitten Cave Bed - Cozy House Indoor Bed for Cats & Kittens - Pet Felt Cat Cave, Cushion, Cove, Nest, Hideout, Hideaway, Tent, Tunnel Beds (Furry Pink)","100% Natural Wool LARGE Cat Cave - Handmade Premium Shaped Felt - Makes Great Covered Cat House and Bed for Kitty.  For Indoor Cozy Hideaway.   Large Pod Soft Hooded Bed Area. By iPrimio 100% SOFT HAND SHAPED WOOL:  Each  Cat Cave is Made From Premium All-Natural Wool from New Zealand. 100% SOFT HAND SHAPED WOOL:  Each  Cat Cave is Made From Premium All-Natural Wool from New Zealand. LARGE SIZE: Your Cat Hideout Hole Opening is about 7 inches Wide Allowing them to Jump In and Peek Out to Play. Overall, they are about 20 Inches Wide Outside and about 9 inches High Inside. Great for Small Cats, Large Cats, and Kittens LARGE SIZE: Your Cat Hideout Hole Opening is about 7 inches Wide Allowing them to Jump In and Peek Out to Play. Overall, they are about 20 Inches Wide Outside and about 9 inches High Inside. Great for Small Cats, Large Cats, and Kittens SUPER SOFT: Durable Wool Makes a Great Warm Cat Bed Cave.  Makes a Great House for Cats too.  As you may Know about Wool, it Stays Warm in the Winter and Cool n the Summer. SUPER SOFT: Durable Wool Makes a Great Warm Cat Bed Cave.  Makes a Great House for Cats too.  As you may Know about Wool, it Stays Warm in the Winter and Cool n the Summer. INDOOR FUN:  Cat will Jump In and Jump On making almost making it their Best Cat Toy.   They will Poke Their Paws Out and Peek Out making your Cat Secure.  The floor will be like a Cat Mat Soft Mat. INDOOR FUN:  Cat will Jump In and Jump On making almost making it their Best Cat Toy.   They will Poke Their Paws Out and Peek Out making your Cat Secure.  The floor will be like a Cat Mat Soft Mat. BOILED WOOL: Using Very Unique Technique, these Beautiful Wool Cat Caves take Shape.   Super Safe.  Non Toxic.  All Natural methods using Water, Soap, Merino Wool.  By iPrimio (Also the maker of the iPrimio Perfect Cat Litter Scooper #1 Best Seller) BOILED WOOL: Using Very Unique Technique, these Beautiful Wool Cat Caves take Shape.   Super Safe.  Non Toxic.  All Natural methods using Water, Soap, Merino Wool.  By iPrimio (Also the maker of the iPrimio Perfect Cat Litter Scooper #1 Best Seller)",https://m.media-amazon.com/images/I/61IDlXNlhfL._AC_SL1080_.jpg,29.99,4.6,1460,Pet Supplies,iPrimio,Pet Supplies Cats Beds & Furniture Cat Houses & Condos
B00DDZ1ZYY,"Petmate Dosckocil CDS29203 Basic Cat Litter Box Zeolite Filter, Jumbo",Litter Box Filter helps reduce & absorb unwanted odors in your litter box area for up to 3 months! Petmate Zeolite-Charcoal Replacement Litter Box Filter uses Zeolite/Charcoal particles to trap airborne odor molecules. Absorbs odors & keeps air clean while being nontoxic & easy-to-load.,https://m.media-amazon.com/images/I/81UAQNC26jL._AC_SL1500_.jpg,4.99,4.1,42,Pet Supplies,Petmate,Pet Supplies Cats Litter & Housebreaking Replacement Filters
B06XC74Q4C,2 Pieces Dog Dresses for Small Dogs Cute Girl Female Dog Dress for Girls Puppy Shirt Skirt Doggie Dresses Pet Summer Clothes Apparel for Dogs and Cats,"Product Highlights: This Lovely petticoat skirt provides your pet a different looking. It draws people attention and everyone loves it. Only at DroolingDog. Addition Features: Comfy and thin thickness; Everyday wear for late spring and summer Intend For: Puppy Kitten Material: Polyester Includes: (1) dress Care Instructions: Hand wash in cold water, gentle cycle. Line dry. Do not bleach. Caution: a. Measuring your dog for a perfect fit. Sizing should allow room for 2 fingers to fit between the item and the pet.               b. If any of the measurements are 'between' two sizes, choose the larger size.              c. Your baby usually wears size S doesn't mean all size S will fit him/her. Size Chart : Size M - Neck: 10.6'' Chest: 17.3'' Back: 11.8''",https://m.media-amazon.com/images/I/71xwat1OyBL._AC_SL1500_.jpg,12.99,4.2,1063,Pet Supplies,DroolingDog,Pet Supplies Dogs Apparel & Accessories Dresses
B00QYXA9DU,Zoo Med 26389 Repti Giant Hammock,A soft nylon mesh that attaches to the back wall of your terrarium to give your reptiles more area to climb. Combine with Zoo Meds ReptiHammock and Arboreal Lagoon to create a multi-dimensional living space.,https://m.media-amazon.com/images/I/61DUgotJ4GL._AC_SL1250_.jpg,14.98,4.5,228,Pet Supplies,Zoo Med,Pet Supplies Reptiles & Amphibians Terrariums
B07MPJS66S,"Sparky Pet Co 3/4"" Solid Nylon Compatible with Petsafe Replacement Strap Compatible with Petsafe Free to Roam Wireless Fence Receiver Collar (PIF00-15001,PIF00-15002) (Purple)","Keep your pet safe and yourself stress-free Perfect for PBC00-13974, PBC00-13935, PBC00-12789, PUSB-300, Free to Roam Wireless Fence Receiver Collar (PIF00-15001, PIF00-15002), Stay + Play Wireless Fence Receiver Collars (PIF00-14288, PIF00-13672, PIF00-12917), or YardMax Rechargeable In-Ground Fence Receiver Collars (PIG00-11115, PIG00-11116) 3/4"" Solid Nylon Straps that fit on containment systems where the strap wraps around the receiver 12 - Dog Loving Colors",https://m.media-amazon.com/images/I/81YYAuX+HDL._AC_SL1500_.jpg,18.99,4.5,93,Pet Supplies,Sparky Pet Co,Pet Supplies Top Dog Supplies
B0BY8VXW1R,"BUUOC Dog Training Collar with Remote 2000Ft, Electric Dog Shock Collar with 3 Safe Training Modes, Beep, Vibration and Shock (White)","【3 Modes Train Dogs Like A Pro】 3 Safe effective training modes: beep (standard), vibration (adjustable 1-9 levels), shock (adjustable 1-9 levels); The dog training collar with remote has independent buttons and different intensities of vibration (adjustable 1-9 levels) can meet the training needs to improve your dog’s behavior, in a humane and safe way 【Fast Charging and Long Battery Work Time】 2-hour fully fast charging, the receiver is able to work 30 days and the remote is able to work 45 days. Our dog shock collar with remote has a much longer lifespan and adopts USB portable charging. There is no need to worry about outdoor activities. Besides, you will be reminded to charge the receiver to avoid accidents in case of low battery 【2000Ft Range and Waterproof Receiver Adaptable to Various Training Environments】 Up to 2000Ft control range, our dog shock collar facilitates training your dog in the backyard, park or anywhere else without restriction. In addition, the training collar for dogs is IP67 waterproof, you can train your four-legged friend even when swimming, raining or snowing. Please make sure the receiver charging port is sealed before the dog enters the water 【High Quality Dog Training Collar with Large Screen】With modern aesthetic and ergonomic look, our small dog shock collar is slim and stylish; Compared with other made of plastic, BUUOC shock collar for dogs is made of premium silicone for more comfortable touch. The large display, which is beginner friendly, shows all information that you need. Our training collar with remote can be hung on hand or put in pocket 【Adjustable Dog Training Collar Fits All Size Dogs】Our shock collar for large dogs, medium dogs and small dogs with neck sizes from 8 to 25 inches and weight from 8-110 lbs; The adjustable dog training collar strap is made of soft and durable nylon to protect your dog considerately; Thanks to the slender and lightweight receiver design(0.15lbs) and a thinner strap",https://m.media-amazon.com/images/I/71uaKbxZV-L._AC_SL1500_.jpg,35.99,4.5,2208,Pet Supplies,BUUOC,"Pet Supplies Dogs Collars, Harnesses & Leashes Collars Electronic Training Collars"
B078RWZSYB,"Wireless Caregiver Pager Smart Call System 1 SOS Call Button, PENCK Waterproof Door Entry Bell Chime, 500-Ft Range, 52 Melodies, 4 Volume Levels, 2 Plug-in Receivers, LED Flash","52 different musical tones for optional and adjustable indoor ring volume. 52 different musical tones for optional and adjustable indoor ring volume. 4 level adjustable levels (25db to 110db) 4 level adjustable levels (25db to 110db) Easy to use, can free to choose ringtones and volumes according to your preferences. Easy to use, can free to choose ringtones and volumes according to your preferences. High quality materials and workmanship: made of the ABS material, CE, FCC, RoHS certified. Suitable for: villas, apartments, offices, hotels, hospitals, care for the elderly etc. High quality materials and workmanship: made of the ABS material, CE, FCC, RoHS certified. Suitable for: villas, apartments, offices, hotels, hospitals, care for the elderly etc. Package Included:2 * Plug-in receivers units1 * Remote transmitter button1 * Screw installation kit (2 anchors, 2 screws)1 * Double sided sticker1 * User Manual Package Included: 2 * Plug-in receivers units1 * Remote transmitter button1 * Screw installation kit (2 anchors, 2 screws)1 * Double sided sticker1 * User Manual",https://m.media-amazon.com/images/I/61Ub3TJFd5L._AC_SL1200_.jpg,21.99,4.4,81,Tools and Home Improvement,PENCK,Tools & Home Improvement Electrical Door Chimes & Bells Kits
B07VH9GWPS,"SUNNY SHOWER FP34 Pivot Swing Shower Door, 32.5"" - 34"" W x 72"" H Clear Glass Swing Shower Enclosure, Chrome Finish","This FP simple series semi-frameless pivot shower door was design for love freedom you. This FP simple series semi-frameless pivot shower door was design for love freedom you. Not too much decoration accessories, let you can use arbitrary. Not too much decoration accessories, let you can use arbitrary. Simple yet casual fashion, at the same time maximize the practicality of it. Simple yet casual fashion, at the same time maximize the practicality of it. Clear tempered safety glass,Certified by ANSI (American National Standards Institute) give you safe use guarantee. Clear tempered safety glass,Certified by ANSI (American National Standards Institute) give you safe use guarantee. All polished chrome hardware and guide rails finish with a clear specular reflection, enhance the overall level of your bathroom. All polished chrome hardware and guide rails finish with a clear specular reflection, enhance the overall level of your bathroom. Extra wide chrome aluminum frame to build a strong and steady structure. Extra wide chrome aluminum frame to build a strong and steady structure. High Quality Aluminium, purity up to 95%, high hardness and toughness. High Quality Aluminium, purity up to 95%, high hardness and toughness. 1"" wall inward adjustment, negative regulation. 1"" wall inward adjustment, negative regulation. Both in the finest selection of raw materials and the high-class design, SUNNY SHOWER dedicated to provide you with the best products. Both in the finest selection of raw materials and the high-class design, SUNNY SHOWER dedicated to provide you with the best products.",https://m.media-amazon.com/images/I/6170wqHdtbL._AC_SL1100_.jpg,389.99,4.3,66,Tools and Home Improvement,SUNNY SHOWER,Tools & Home Improvement Kitchen & Bath Fixtures Bathroom Fixtures Showers & Shower Parts Shower Doors
B07NC62X7H,"KINGSTON BRASS KS83215ZX Millennium Roman Tub Filler with Hand Shower, Polished Chrome, 5-Piece","Product Description A Roman tub filler is an excellent fixture that will both provide exceptional performance while boasting unsurmountable elegance within your home. The Millennium Roman tub filler 5 Pieces aids in a whole-body rejuvenation as it provides the perfect cascade of water at just the right temperature, guaranteed by its ergonomic triple cross handles. Rejuvenate both your soul and body with a well-deserved rejuvenation treatment with this product. A hand shower is also included for your convenience. From the Manufacturer Add elegance to your home bathroom by adding this Roman Tub faucet with cylindrical bases and gooseneck spout. It is a perfect complement for many various decor styles and includes a handheld shower. The faucet is constructed from solid brass for long lasting durability and uses ceramic cartridges for drip-free performance.",https://m.media-amazon.com/images/I/51jUWKRDhsS._AC_SL1000_.jpg,171.86,5.0,1,Tools and Home Improvement,Kingston Brass,Tools & Home Improvement Kitchen & Bath Fixtures Bathroom Fixtures Bathtub Faucets & Showerheads Showerheads Handheld Showerheads
B08G89G8C1,"LIVOLO Blank Wall Plate,Standard Size 1-gang,No Switch Function Only For Decoration,White Tempered Glass Panel","DISCOVER THE LIVOLO DIFFERENCE Provide the good quality and ex-factory price switch and customer service Luxury galss panel, combine wall switch with fashion, crystal great texture FEATURES AND BENEFITS Tempered Glass Panel,Fashion&EasyCapacitive touch sense, sensitive touch control, feeling like smart cell phone touchExquisite craftwork, well polished, luxurious experienceNote:This is only aGlass Panel,Please carefully！！",https://m.media-amazon.com/images/I/41I8pd+B8SL._AC_SL1000_.jpg,8.8,4.5,195,Tools and Home Improvement,LIVOLO,Tools & Home Improvement Electrical Wall Plates & Accessories Wall Plates
B004NBNG62,"Magnate M99.75C18R18 Carbon Steel Bandsaw Blade, 99-3/4"" Long - 1/8"" Width, 18 Raker Tooth","Carbon tool steel bandsaw blades are designed to work with a woodcutting saw to cut all types of woods 800-3,500 fpm; especially ideal for soft woods, i.e. pine, polar, fir and spruce. If used with a good release agent, it can cut plastics at a range of 200-800 fpm, or non-ferrous metal ( i.e. aluminum, copper and brass ) at a range of 200-1,000 fpm. However, to cut ferrous metals or mild steel ( don't cut hard steel ), you must only use a metal-cutting saw at a range of 40-200 fpm. Having liquid coolant running along the back of the blade yields the best results is highly recommended. The following is a guideline for choosing an adequate tooth pattern to cut metal materials, Use * 24 raker to cut 1/16"" to 1/4"" thick material, * 18 raker to cut 1/8"" to 3/8"" thick material,* 14 raker to cut 3/16"" to 7/16"" thick material,* 10 raker to cut 1/4"" to 5/8"" thick material,* 6 Hook to cut 3/8"" to 2"" thick material,* 4 Hook to cut 3/4"" to 4-1/2"" thick material,* 3 Hook to cut 1"" to 6"" thick material,* 2 Hook to cut 2"" to 12"" thick material. All Magnate bandsaw blades are welded and fabricated in the USA. The coils/material are USA brands but may not be made in the USA. All band saw blades’ pictures depict a general bandsaw blade and thus may look different from each particular item. Warning: For packaging purposes, this blade is folded into a coiled position which is similar to a spring and may pop open when being coiled or uncoiled. Wear heavy duty leather gloves and eye/body protection while using extreme care when coiling or uncoiling a blade. Failure to exercise the proper care could result in serious bodily injury. See your bandsaw owner's manual for further safety instructions. Please refer to your owner's/operation manual to make sure the blade's length, width and thickness can fit your bandsaw machine.",https://m.media-amazon.com/images/I/31O0iVTcbJL._AC_.jpg,16.93,4.4,5,Tools and Home Improvement,MAGNATE,"Tools & Home Improvement Power & Hand Tools Power Tool Parts & Accessories Saw Blades, Parts & Accessories Blades"
B09D94T1JP,Vaper 19391 4-Piece Air Blow Gun Set,"Set includes: (1) 4 in. air blow gun (3) Rubber tip nozzles: 5/8, 15/16 and 1-3/8 inch Seals and blows out clogged lines/pipes Rubber tips for use with sensitive surfaces Suitable for pressurizing, with leakage or cylinder testing Variable pressure control OSHA compliant safety tip Working pressure: 75-120psi Sound Pressure: 85-90dB Air Inlet Thread: 1/4 in. NPT",https://m.media-amazon.com/images/I/71gCMQ3wnlL._AC_SL1500_.jpg,12.89,4.1,286,Tools and Home Improvement,Titan,Tools & Home Improvement Power & Hand Tools Power Tool Parts & Accessories Air Tool Parts & Accessories Air-Compressor Accessories
B00NQ86HIW,"Mirka AC-241-220 Abranet Ace 6"" Mesh Grip Disc","Developed for tougher and more demanding finishing applications, Abranet Ace uses optimized net construction for superior performance. Grits P80 through P240 utilize ceramic grains for extended durability, and the ceramic coating on grits P320 and finer improve grain retention and standout for improved cutting. Abranet Ace is ideal for use when sanding hard woods, engineered solid surface and tough surface coatings. Warning: This product can expose you to chemicals which is [are] known to the State of California to cause cancer and birth defects or other reproductive harm.",https://m.media-amazon.com/images/I/B1dTJb5BopS._AC_SL1500_.jpg,51.99,5.0,2,Tools and Home Improvement,Mirka,Power & Hand Tools Power Tool Parts & Accessories Power Finishing Tool Parts & Accessories Power Sander Parts & Accessories Sanding Sheets
B087TPY1B1,SPRING SEAON Washable Reusable Cotton Mouth Half Face Mouth for Men Women Dustproof with Adjustable Ear Loops,"Protect yourself with our product,easy breathe.With mltiple colors are ideal choise which make you look more fashion.  Protect your mouth and face from ash,pollen,fog and haze,vehicle exhaust, cigarette smoke and so on.Suit for all kinds of outdoors and indoors activities,such as House cleaning,Gardening,mowning lawn,cycling,skiing, jogging etc. Features -Cotton fabric -4 filters -washed and reusable -adjusted elasticated ear straps -M-shaped nose clip Details Material:Cotton Size: One size fits most",https://m.media-amazon.com/images/I/71Db8oCXNWL._AC_UL1500_.jpg,11.88,4.4,282,Tools and Home Improvement,SPRING SEAON,Tools & Home Improvement Safety & Security Personal Protective Equipment Masks & Respirators Disposable Cup Dust Safety Masks
B00DYFQDW2,"Alfa Tools AECO60606P 9/64"" x 6"" Cobalt High-Speed Steel Aircraft Extension Drill (Pouched)","Alfa Tool's High Speed Steel Aircraft Extension Drills are manufactured to NAS907, Type B standards. Extension drills allows users to drill areas beyond the reach of standard jobber length drills. Cobalt M42 high speed steel maintains cutting ability at temperatures exceeding 1000 degrees F. This heat resistance enables use in harder, high-tensile strength steels like stainless steel, titanium, armor plate, Inconel and other difficult-to-machine materials.",https://m.media-amazon.com/images/I/21HgaMNqT+L._AC_.jpg,14.4,5.0,2,Tools and Home Improvement,Alfa Tools,Power & Hand Tools Power Tool Parts & Accessories Power Drill Parts & Accessories Drill Bits Twist Drill Bits Long Length Drill Bits
B0B9GLRVYP,Arkare LED Transformer 29V 0.2A LED Controller Class 2 Power Supply IP44 Waterproof Outdoor Low Voltage Transformers US Plug for Christmas Light LED Fairy String Lights Indoor Outdoor Decorations,"29V 200mA Class 2 Power Supply: Input: 100-240V~ 50/60Hz 0.25A; Output: DC 30V 0.2A 6W(Max). IP44 waterproof. It can be used indoors and outdoors. Please check the connector fits your device or not. The power supply has an IP44 waterproof rating, which protects the power supply to work well at all bad weather. The shell is corrosion resistant and can withstand years of use. Class 2 Power Unit 29V: Fits for low voltage led device, such as yard inflatable adapter, holiday decoration light, Christmas trees, LED string light, lawn lamp, curtain light, indoor outdoor led strip lights. Much more sturdy design than the others, this adapter was the perfect replacement for your lost 29V /30V class 2 power supply. 29V adaptor manufactured with the highest quality materials and include multiple safe guarding against over voltage, short circuit, internal overheating. Kindly Note: Please check the volts, currents, watts, and connectors if it fits for your device or not, if you do’t know how to choose our transformer, please free feel to contact us for help.",https://m.media-amazon.com/images/I/51-NP3KFuZL._SL1000_.jpg,9.99,4.0,19,Tools and Home Improvement,Arkare,Tools & Home Improvement Lighting & Ceiling Fans Outdoor Lighting Lighting Accessories Low-Voltage Transformers
B0BY22MJG8,Black Wallpaper 17.7” x 118”Peel and Stick Black Wood Wallpaper Contact Paper for Cabinets Black Wood Self Adhesive Wallpaper Removable Kitchen Countertop Wallpaper Bedroom Black Wood Vinyl Wallpaper,"Product Description Pattern: Black wood wallpaper Material: PVC/Vinyl Black peel and stick wallpaper Product Size: 17.7” ×78.8” Coverage: 9.7sq.ft,  Packing: One roll Features: Peel and Stick, Removable, Easy to Clean, Self Adhesive Instructions for use 1. Clean surfaces thoroughly to leaving them dry and smooth.  2. Measure and cut the required wallpaper size 3. Peel off the backing paper slowly and little by little when paste 4. Use palm or spatula to smooth from center to edge to expel any air bubbles. 5.If there are wrinkles or incorrectly pasted after pasting, please slowly remove and re-apply. NOTES: 1.It is best to buy enough at one time to avoid slight color difference caused by different batches.  2.Ensure the surface is smooth, do not stick on a rough or uneven surface.  3.If there are bubbles, you can gently puncture it with a fine needle to vent the air.",https://m.media-amazon.com/images/I/51cnKTTpmEL._AC_.jpg,9.99,4.8,11,Tools and Home Improvement,OSECAGE,"Tools & Home Improvement Paint, Wall Treatments & Supplies Wallpaper & Wallpapering Supplies Wallpaper"
B00GD4XKFO,Rust-Oleum 266043 Furniture Transformation Apple Green,"Looking for an easy way to turn that old flea market find into a bold statement piece. Look no further. Rust-Oleum Furniture Transformations instantly rejuvenates worn, mismatched or outdated furnishings with your own personal style. Rust-Oleum Furniture Transformations? Furniture Coating System rejuvenates your worn, mismatched or outdated furnishings with a beautiful and durable finish. If painting over raw wood, use a water-based primer like Zinsser Bulls Eye 1-2-3",https://m.media-amazon.com/images/I/71e5ffXRyNL._AC_SL1000_.jpg,49.99,2.4,2,Tools and Home Improvement,Rust-Oleum,"Tools & Home Improvement Paint, Wall Treatments & Supplies Paint & Primer Specialty Paint Furniture Paint"
B07BPMN4Y1,"Edge Trim Black Small, Fits 1/16"" (60 Feet)","Edge Trim Black Small, Fits Metal Edge",https://m.media-amazon.com/images/I/716RpnaHHwL._AC_SL1500_.jpg,59.99,4.6,2249,Tools and Home Improvement,Seal Rubber,Tools & Home Improvement Hardware Door Hardware & Locks
B09M8J9LQ9,"Decute 200LED Christmas String Lights Outdoor Waterproof 66FT with End-to-End Plug 8 Modes, Indoor Starry Fairy Lights for Christmas Tree Patio Garden Wedding Party Decor, Multicolored","Specifications Light Color: Multicolored Application: Indoor/Outdoor LED Quantity: 200 LED String Length: 76ft / 23m Work Mode: 8 lighting modes Input Voltage: 120V Output Voltage: 30V Waterproof Rate: IP55 Wire Length to First LED: 9.9ft / 3m LED Spacing: 0.3ft / 0.1m 8 Modes This string lights come with 8 lighting modes: ① Combination, ② In Waves, ③ Sequential, ④ Slo-Glo, ⑤ Chasing/Flash, ⑥ Slow Fade, ⑦ Twinkle/Flash, ⑧ Steay On. IP55 Waterproof For Indoor And Outdoor High waterproof rank make it suitable for indoor and outdoor use. Such as Wedding, Holiday, Christmas, Garden, Yard,Lawn, Fence, Porch, Tree, Roof, Deck and so on. Max 4 Sets Expandable Each fairy light comes with end plug, which makes you can connect them together. Please notice that max 4 sets can be connected together. Length of each string lights is 66 feet + 9.9feet extra wire from plug to the first led, so the max expandable length is 264 feet.",https://m.media-amazon.com/images/I/716JhCp4fUL._AC_SL1500_.jpg,22.99,4.5,1255,Tools and Home Improvement,Decute,Tools & Home Improvement Lighting & Ceiling Fans Outdoor Lighting String Lights
B0BDZ1XKXW,"JIQGOZBAN Bathroom Hooks 6 Packs, Towel Robe/Coat Clothes Hook SUS304 Stainless Steel Square Towel Hangers, Wall Hooks Heavy Duty for Bath, Kitchen, Bedroom, Hotel Wall Mounted (Brushed Silver)","【Modern & Utility Hooks】Stylish wall hooks, beautiful and fashionable, perfectly match with all modern designed home decor. It's used to store daily household items. Such as hanging towels, robe, bath ball, loofah sponge, laundry basket, cooking tools, knife, cutting-board, bags, wallet, keys, umbrella, dog leash, mask, hat, and gloves. 【Waterproof & Rustproof】Brushed silver bath towel hooks holder made of premium grade stainless steel, ensuring quality and longevity, comes with brushed finish to protect against corrosion & rust. Perfectly meet the challenge of humid environments without about the hooks falling off or rust after suffering the water. Hanging up your towel to dry it! Stacking up the moist towels could create a germ breeding ground, which is a hidden source of skin damage. 【Easy-to Install High Adhesive Hooks】Girls can also easily install it! Just peel off the protective layer and stick hook on the desired position. Recommended do not hanging any objects on towel holder until 24 hours. Maximum load-bearing 11 lbs. 【Unlock More Storage Space】Small wall hooks creast greater storage space, which widely use in bathroom, toilet, kitchen, bedroom, living-room, basement, laundry room, hallway, outdoor pool shower room, dorm and office. Help you save the space, keep your room tidy! 【Widely Application & Aftersales Services】Adhesive hook sticks on SMOOTH HARD SURFACE such as ceramic tile, marble, glass, wood, metal, acrylic surface, and FURNITURE like refrigerator door, wardrobe, mirror. LIME WALL AND WALLPAPER WITH TEXTURES ARE NOT ADVISED, or it will fall off or damage your wall. If you have any questions or concerns please contact us any time.",https://m.media-amazon.com/images/I/61DBKx1e2xL._AC_SL1500_.jpg,11.99,4.1,19,Tools and Home Improvement,JIQGOZBAN,Tools & Home Improvement Hardware Bathroom Hardware Robe & Towel Hooks
B07TH9ZG6F,Bohemian Decor Stencils (Agadir),"MODERN DECOR STENCIL: Laser-Cut 10 mil plastic stencil arrives ready for painting. Paint your color with a brush or roller. A room makeover DIY. DECORATE SMART: Paint an entire wall or just a perfect accent. Paint on a headboard, tabletop, or desk. Create accents by painting on pillows or frame in colors that mix and match. EASY TO USE: our paint stencils have registration marks which help you paint the pattern to cover a wall like wallpaper. Use masking tape or stencil ease repositionable spray to work hands-free. STENCIL EASE: Stencils are a simple tool that allow you to paint a pattern consistently and confidently. You decide how much, where, and the color. Laser-cut in the USA, stencil ease is a trusted source for home decor stencils and cutting edge design.",https://m.media-amazon.com/images/I/611W5RxHaFL._AC_.jpg,18.99,4.1,35,Tools and Home Improvement,stencil ease,"Tools & Home Improvement Paint, Wall Treatments & Supplies Painting Supplies & Tools Wall Stencils"
B084LP1KKN,Channellock 35-250 10-Inch Concretor Nipper,"Product Description CHANNELLOCK Concretor's Nippers have a knife and anvil style cutting system for perfect mating and superior cutting edge life. These pliers have laser heat-treated cutting edges that last longer for hard, medium hard and copper applications. From the Manufacturer The Channellock 35-250, 10-Inch Concretors' Nipper with comfort grips, has perfectly mated cutters, scientifically heat treated to hold their edge, with hardness HRC 58-60. It has precision matched jaws and is made of high carbon drop-forged steel. The 35-220 has CHANNELLOCK BLUE comfort grips.",https://m.media-amazon.com/images/I/71SfHcgR3HL._AC_SL1500_.jpg,24.45,4.7,85,Tools and Home Improvement,Channellock,Tools & Home Improvement Power & Hand Tools Hand Tools Nippers & Snips
B07C4YS44Q,QSC Side Indicator Turn Signal Light Assembly Set LH RH Side compatible with Volvo VNL,Fits models: Volvo Truck VNL,https://m.media-amazon.com/images/I/911tNHSUR5L._AC_SL1500_.jpg,45.55,3.7,18,Tools and Home Improvement,QSC Truck Parts,Lights & Lighting Accessories Lighting Assemblies & Accessories Signal Light Assemblies Marker Light Assemblies Side Marker & Turn Signal Combos
B003AD7BFG,3dRose lsp_4937_2 Egyptian Hieroglyphics Double Toggle Switch,"Egyptian hieroglyphics light switch cover is made of durable scratch resistant metal that will not fade, chip or peel. Featuring a high gloss finish, along with matching screws makes this cover the perfect finishing touch.",https://m.media-amazon.com/images/I/81hSAoTEgYL._AC_SL1500_.jpg,13.75,5.0,1,Tools and Home Improvement,3dRose,Tools & Home Improvement Electrical Wall Plates & Accessories Wall Plates
B07VX1QHZ6,Warm White Neon Night Light LED Alphabet Marquee Light A-Z Neon Letter Sign Decorative Word Light Letter Neon Lights for Home Bar Cafe Party Event Festival Christmas Birthday Gifts for Kids (J),"Light up your life with ""neon words."" Multi-purpose: It is widely used in various environmental decoration, improving the taste of environmental art, presenting warm and fresh, and creating a warm and romantic atmosphere with neon lights. Use your imagination to match these letters A variety of suitable occasions: Bedrooms, baby rooms, bars, cafes, hotels, cinemas, clubs, universities, restaurant atmosphere lights, Christmas gifts, birthday gifts, advertising promotional gifts, holiday gifts, tourist attractions gifts, etc. Portable and versatile: Battery and USB operation, safe and convenient. Integrated hook holes for easy display on the wall. Quality assurance and energy saving: 1. High quality plastic PVC, environmentally friendly, non-toxic and very durable. 2. Bright LED lights with long life never heat up and consume very little energy. 3. Passed CE certification and ROHS certification. Specification: Battery: 3 AA batteries required (not included) Material: Plastic LED. Color: warm white Net weight: 0.11kg Size:22x14.3x2cm Please note: * If you do not use the product for a long time, store the lamp in a cool, dry place and remove the battery. * Please use this product carefully to avoid damage to the lamp. Package Included: 1 * neon letters 1 * USB cable",https://m.media-amazon.com/images/I/51GU0RJxPHL._AC_SL1000_.jpg,11.99,4.9,15,Tools and Home Improvement,LH,Tools & Home Improvement Lighting & Ceiling Fans Novelty Lighting Neon Signs
B0B3BJND5N,"3M Wetordry Abrasive Sheet 401Q, 02021, 1000+ Grit, 5 1/2 x 9 in, 50 Sheets, Fast Cutting, Auto Body Sanding, Paint Finishing","3M Wetordry Abrasive Sheet 02021 is highly recommended for auto body sanding and paint finishing jobs where a light touch is needed. These fine grit, conveniently-sized sheets are easy to use on paint, primer, gel coat, plastic, and metal, and help achieve professional results for a wide range of sanding and polishing jobs. The waterproof, A-weight paper backing helps improve efficiency on wet or dry light sanding applications, helping to decrease loading. Get a faster cut and a smooth finish with the tough silicon-carbide mineral. 3M Wetordry Abrasive Sheet 02021 is your best choice for wet or dry sanding and finishing jobs.",https://m.media-amazon.com/images/I/516z0pu1ysL._AC_SL1500_.jpg,34.99,4.8,219,Tools and Home Improvement,3M,Power & Hand Tools Power Tool Parts & Accessories Power Finishing Tool Parts & Accessories Power Sander Parts & Accessories Sanding Sheets
B0BKPRPNFG,Christmas Projector Lights Outdoor Snowflake Projection Lights Waterproof Lighting for Xmas Holiday Party House Garden Outside Indoor Decorations,"❄️2022 NEWEST Dynamic Christmas projector lights keep moving automatically like a real snowfall, ideal to create a unique and fairytale light show for your garden, party, wedding, Christmas, and New Year. ❄️Great effect Christmas projector lights outdoor can cover 1500 sq.ft. Brighter, clearer images allow you to fully enjoy a realistic Christmas scene, soft LED lighting provides better eye protection. ❄️IP65 Warterproof Snowfall projector lights comes with 16 feet cable, long enough to put it anywhere you want, and works well even when it rains or snows. It's definitely the best Christmas holiday decoration for any house. ❄️Easy installation Snowflake projector lights for indoor and outdoor use, the stand base can be placed directly on any flat surface, or fixed on the wall with screws. Long ground stake for easy positioning in your garden. ❄️24 HOURS ONLINE - Your satisfaction is our main priority. You can contact our 24 hours available customer service through clicking """"Sold by"""" on the product detail page or your Amazon order page and you will be directed to """"Ask a question"""" to send us a message.",https://m.media-amazon.com/images/I/71KnegQ8tzL._AC_SL1500_.jpg,15.99,4.2,84,Tools and Home Improvement,QIAYA,Tools & Home Improvement Lighting & Ceiling Fans Outdoor Lighting Decorative Lighting Projectors
B000BQNAS2,Oatey Lead-Free Plumbing Wire Solder 0.117 in. Dia. Tin/Antimony 95/5,"Product Description Lead Free Solder, Lead Free, Contents 95 Percent Tin, 5 Percent Silver, Container Size 1 lb., Container Type Spool, For All Lead-Free Soldering Needs, ASTM B-32 Sn96 NSF61, 1 From the Manufacturer Oatey products can be found in residential and commercial applications and have achieved excellent brand name recognition with consumers. All products are backed with the highest quality technical and customer support programs in the industry",https://m.media-amazon.com/images/I/81a0nXXDOlL._AC_SL1500_.jpg,48.64,5.0,4,Tools and Home Improvement,Oatey,Tools & Home Improvement Welding & Soldering Soldering & Brazing Equipment Solder & Flux Solder
B086DLNGRB,"Delta Shower Doors SD3276471 Trinsic Semi-Frameless Traditional Sliding Shower Door 48in.x70in Handle, Nickel Track","Whether you’re looking for a moderate DIY project or working on a bathroom remodel, upgrading your bathroom with a new sliding shower door is easy with the Delta 1-2-3 custom sliding shower door program. Delta’s custom glass shower door program offers 1000s of design combinations by choosing your glass shower panels, shower door track, and shower door handles to build a unique, personalized glass shower door. Simple and classic, the Traditional shower door track in nickel features a reversible top track with two unique profiles that offer uncompromised quality and value with a design that’s familiar and balanced. Show off your beautiful shower with standard 1/4 in. ANSI certified tempered glass shower panels, featuring Delta Spot Guard with a completely transparent look for a glass shower door that is both simple and elegant. The Trinsic sliding shower door handles in nickel feature two convenient towel bars for extra bathroom storage in a contemporary design silhouette that beautifully demonstrates simplistic, modern elegance.",https://m.media-amazon.com/images/I/61gBThiKhmL._AC_SL1000_.jpg,436.04,4.4,264,Tools and Home Improvement,Delta Shower Doors,Tools & Home Improvement Kitchen & Bath Fixtures Bathroom Fixtures Showers & Shower Parts Shower Doors
B0BFVYZ3K9,"Chibery 10 Pack 1/2"" Overlay 4D Soft Close Concealed Hinges for Face Frame Door, Adjustable Closing Speed, Self Close Satin Nickel, 105° Open Angle Concealed Stainless Steel Hinges for Cabinet","Installation Specification: Cup diameter is 35mm; Cup depth is 11.5mm, Screw holes distance is 45mm; Opening angle is 105 degrees, suitable for most cabinet door styles. Each cabinet hinge comes with 2 easy-on dowels and 3 self-tapping wooden screws to ensure a perfect fit. SOFT CLOSE CABINET HINGE: Each overlay concealed cabinet hinge includes a built-in POM damper, Reduced closing speed prevents noises from the kitchen and prolongs the life of doors, cabinets, and hinges. In addition, it also supports ★SMALL SOFT CLOSE ANGLE★, which can better protect your finger. 4D Adjustable Upgrade: 4D hinges can adjust the cabinet door just by turning a screwdriver (Vertical, Horizontal, Depth, Closing Speed), which will make sure that your new custom-made cabinet doors don't sag, align properly, and will open and close smoothly; Closing speed can be adjusted at will within 0-7s. Double Electroplated: The material of our overlay cabinet hinges is high quality steel and nickel plated finish and brass plated bottom, durable and perfect for kitchen cabinet doors, wardrobes, and TV cabinets, bookcases, wine cabinets, and other luxury door connections. Buy with Confidence: Chibery hinges Conform to the standards and certifications of ISO9001, ISO14001, BHMA, KCMA, and SGS. The product can withstand more than 100,000 times of opening and closing and more than 48 hours of salt spray test. If you encounter any problems in the process of use, please feel free to contact us, we will provide the most intimate service.",https://m.media-amazon.com/images/I/61nzwCOANyL._AC_SL1500_.jpg,22.99,4.6,70,Tools and Home Improvement,Chibery,Tools & Home Improvement Hardware Cabinet Hardware Hinges
B09B59XWTG,JESEP YONG 4packs Plastic Organizer Box 24 Grids Clear Storage Container Jewelry Box with Fixed Dividers for Beads Art DIY Crafts Jewelry Fishing Tackles (4pcs 24 Grids Box),SIZE & PACKING: the outer box size is 7.5'' L x5.2'' W x 0.83 '' H and the grid size is 1.2'' Lx1.2''Wx0.83''. We have 4pcs for one package.,https://m.media-amazon.com/images/I/51FgVhtYnML._AC_SL1500_.jpg,12.99,4.3,103,Arts Crafts and Sewing,JESEP YONG,"Arts, Crafts & Sewing Organization, Storage & Transport Storage Boxes & Organizers"
B00926S4YC,"Simplicity 1770 Women's Halloween Costume Sewing Patterns, Sizes 12-20","Handcraft your own costume for trick or treating with the kids or a Halloween party with this easy to use pattern kit! This packet comes with sewing templates, fabric suggestions, sizing guides, and instructions to create (5) different costume looks that can be made to fit sizes 12, 14, 16, 18, and 20. Patterns were proudly made in the USA with English and Spanish instructions.",https://m.media-amazon.com/images/I/71OpJMl9ufL._AC_SL1142_.jpg,16.45,5.0,6,Arts Crafts and Sewing,Simplicity,"Arts, Crafts & Sewing Sewing Sewing Patterns & Templates"
B0799RZRSZ,"3346 Peel'n Stick Fabric Fuse Tape-5/8""X20 Feet (2-Pack)",3346 Peel'n Stick Fabric Fuse Tape-5/8 X 20 Feet (2-Pack),https://m.media-amazon.com/images/I/81md66W6IDL._SL1500_.jpg,11.94,4.5,225,Arts Crafts and Sewing,iCraft,"Arts, Crafts & Sewing Crafting Craft Supplies Adhesives Arts & Crafts Tape"
B09ZQD7536,only warm Pencil Case Large Pencil Pouch for Boys Girls Adults School Grey,"Great for School: Keep two calculators (TI-36 and TI-Inspire) and 10 writing utensils on one side, while keeping everything I need outside of class on the other. Great for Office:I use one side for pencils, pens, highlighters, etc. and the other side for sticky notes, tabs, index cards, etc. (they no longer get dirty) The pouch also olds unsharpened pencils or pencils with erasers. for my charging blocks and cables. Well Made:This pencil bag is made of heavy canvas with good zippers. Great size for Travel:Holds a lot and quite sturdy, however used it on a weekend trip to take my supplies and it worked very well.And it has a sturdy loop on one end to which can attached a wrist lanyard. Warranty:1 year against manufactures defects. Pencil Cases size:8.3in x 2.75in x 4.3in (L*W*H) Warning:Choking_Hazard_Small_Parts Not for Children under 6 years",https://m.media-amazon.com/images/I/71unMVKwDRL._AC_SL1500_.jpg,6.99,4.6,221,Arts Crafts and Sewing,only warm,"Arts, Crafts & Sewing Organization, Storage & Transport Pen, Pencil & Marker Cases"
B00I4S5A8M,Penny Black Spice of Life Decorative Stamp,"Penny Black Transparent/Clear stamps provide endless possibilities for creating greeting cards, scrapbook pages, home decor and more. To use, simply peel the desired image (or images) off the plastic index sheet and position on a clear acrylic block (not included). No need for adhesives as the image will cling on its own. Apply ink and stamp with light pressure. Clean and replace stamps to the plastic index sheet for storage. Transparent/clear stamps offer easy positioning and are available in styles ranging from elegant to cute. Transparent/clear stamps work together with Penny Black's wood-mounted and Slapstick/Cling designs to create everything from exquisite special occasion to colorful everyday projects.",https://m.media-amazon.com/images/I/61FXKMzcNpL._AC_SL1200_.jpg,18.0,5.0,1,Arts Crafts and Sewing,Penny Black,"Arts, Crafts & Sewing Scrapbooking & Stamping Stamps & Ink Pads Stamps Cling Stamps"
B0BW3X9XT4,"Holographic Vinyl Black Rainbow Permanent Vinyl for cricut,Cameo,Adhesive Vinyl for DIY Tumblers","Holographic Vinyl Black & Rainbow Adhesive Precut Vinyl Bundle → 12inches. x 12inches. per sheet →Peel off the protective film before cutting → Set heat transfer,glossy(CAMEO 3)/VINYL (cricut) we tested. → Recommend to use with adhesive cutting mat/weeding tools/transfer paper for help(EXCLUDED IN PACKAGE) → Just recommend to use for clean/dry/flat/no texture surface. → Ideal for hand craft, home decor, signs, banners, wall decals, window decals, scrapbooking decoration. Suitable for indoor use → Compatible with most of cutting machines such as craft cutters, die cutters, sign plotters for art, craft and hobby use. How to Do It 1. Clean Surface - prepare your target surface clean and dry, the smoother the surface the easier to transfer the vinyl. 2. Design with cutter - put on a cutting mat that has a sticky back and kiss-cut the design by cutting machines. 3. Weeding the excess vinyl - leave the letters/graphics on the sheet with weeding tools. 4. Apply the transfer paper - gently put a transfer paper on the surface of the cut vinyl. Use a scraper over the design and make sure the transfer tape is adhering to the vinyl nice and tight. 5. Adhere it to the new clean and dry flat surface - slowly work with delicate patterns. 6. Remove Transfer paper - rub the clear tape from the center out to adhere the vinyl securely. Notice: A TEST CUT IS ALWAYS RECOMMENDED.NOT heat transfer vinyl/NOT printable vinyl/NOT work with laser printers. Please note that colors appear slightly different on computer monitors.",https://m.media-amazon.com/images/I/81XbfwvypdL._AC_SL1500_.jpg,13.9,4.6,1486,Arts Crafts and Sewing,GIRAFVINYL,"Arts, Crafts & Sewing Scrapbooking & Stamping Adhesive Vinyl"
B07C5H3QV6,"C.S. Osborne 3 Pk. Closed End Thimbles #511 Size 13 (51/64"") Made In USA","Set of 3 C.S. Osborne Closed End Thimble. Ideal for sewing and repairing sails, canvas, leather and similar materials. Closed end design. Nickel plated brass. Made in USA. Size : 13 Diameter : 51/64"" You will receive 3 thimbles Other sizes available in our shop",https://m.media-amazon.com/images/I/71WJowNeXDL._AC_SL1500_.jpg,23.5,5.0,1,Arts Crafts and Sewing,C.S. Osborne,"Arts, Crafts & Sewing Sewing Sewing Notions & Supplies Sewing Tools Thimbles"
B001DEETTU,Mill Hill Needle Threader & Cutter-2/Pkg,MILL HILL-Needle Threader with Cutter. Two small square eye needle threaders on one end with a cutter built in to the other end.,https://m.media-amazon.com/images/I/61rZPr8auQL._AC_SL1500_.jpg,5.49,5.0,6,Arts Crafts and Sewing,Mill Hill,"Arts, Crafts & Sewing Sewing Sewing Notions & Supplies Sewing Tools Threaders"
B07T4435CL,"Q-BICS Flexible Mirror Sheets 7"" X 7"" Soft Non Glass Cut to Size Craft Plastic 2 Sheets""Peel Off Protective Cover Sheet"" Peel Back Sticker and Stick No Glue … (Box)","Mirror sheets are made of Polyethylene Terephthalate Glycol material with smooth surface, each mirror has self-adhesive back, easy and convenient to use MULTIPLE USES: GREAT FOR EVERYONE can be used as interior decoration, beautification, and specular reflection to make the interior space spacious; can be used instead of glass mirror for bedroom, living room, dressing room, kitchen, gym, office, etc; when you go out to travel, It also works with cars, motorcycles, bathroom mirrors, dresser mirrors and other household furniture Material and size: made of good quality PETG plastic, not real glass, with smooth surface and good texture; with protective film on the front and back adhesive on the back; measures 8.5 X 11 .5 mm thick, suitable size, can be used with crafts and easy to paste and peel Quantity: Choose a Shape One pack contains 2 sheets of PETG mirror tiles stickers, work great for craft projects and other different places. If any problem for our products, please contact us timely, we will try our best to solve problems. NOTE: PRODUCT SURFACE IS COVERED WITH PROTECTIVE FILM TO PREVENT DAMAGE AND SCRATCHING... SIMPLY PEEL OFF WHEN PROJECT IS COMPLETE TO REVEAL TRUE, SHINY MIRROR SURFACE",https://m.media-amazon.com/images/I/31-cQKPskpL._AC_SL1041_.jpg,12.99,3.7,79,Arts Crafts and Sewing,Q-BICS,"Arts, Crafts & Sewing Crafting Craft Supplies Adhesives Adhesive Sheets & Sprays Adhesive Sheets"
B00UWB9GOI,"Tape Net Mesh Ruffle Yarn Great for Scarfs or Weaving, Make a Fringes with Chenille Edge, Black Bella","Very SOFT and SILKY * BELLA Ruffle * Frilly (mesh) Net Style Yarn with Chenille edge yarn. Try the newest * BELLA Ruffle * - quick-to-knit yarn! This unique fishnet (mesh) style yarn creates a wonderful twisted and ruffled effect. Knitting with ruffle yarn is very easy and knitting a ruffle yarn scarf is a quick project. Simply spread open the tape and use the loops to knit and crochet beautiful scarves, accessories and trims. Each skein will make one scarf. ONCE YOU TRY IT, YOU WILL LOVE IT! Content: 60% Acrylic 40 % Polyester Weight: Medium Weight Care: Hand Wash & Lay Dry Packing: 3.6 Ounces (100 Grams), 30 yards Needle Size: 7 Gauge: 4 - 5 Stitches Wide: 3 inch",https://m.media-amazon.com/images/I/61abfJNzHyL._AC_SL1018_.jpg,4.5,4.0,2,Arts Crafts and Sewing,JL,"Arts, Crafts & Sewing Knitting & Crochet Yarn"
B07KFDX97K,"Maslin 3-Way Airbrush Air Hose Splitter Manifold Airbrush Accessories Multi Use aerografo Airbrush Fittings 1/8"" with Adjust Knob Valve",Curated product from Arts_Crafts_and_Sewing.,https://m.media-amazon.com/images/I/51LzRDlq9CL._AC_SL1000_.jpg,17.99,5.0,1,Arts Crafts and Sewing,Maslin,"Arts, Crafts & Sewing Painting, Drawing & Art Supplies Painting Airbrush Materials"
B06ZY7LJCX,"UCHIDA Marvy Broad Point Fabric Marker Art Supplies, Green",622-C FABRIC MARKER BOLD GREEN CARDED,https://m.media-amazon.com/images/I/611me50RhJL._AC_SL1419_.jpg,6.88,4.4,75,Arts Crafts and Sewing,UCHIDA,"Arts, Crafts & Sewing Painting, Drawing & Art Supplies Drawing Drawing Media Markers"
B09CDFS2K7,Mirco Velvet Fabric for Costumes and Crafting 61 Inches Width by The Yard Entelare(Wine 1Yard),"Fabric Theme: Mirco Velvet Color：Wine Fabric Content: Polyester Measurement: 1yard(Length) x 61Inches(Width) Washing Instruction:Wash in cold water with mild soap, hang dry or air dry",https://m.media-amazon.com/images/I/81Ud1wosCFL._AC_SL1500_.jpg,13.99,4.7,146,Arts Crafts and Sewing,ENTELARE,"Arts, Crafts & Sewing Fabric"
B095LLQPF4,Baszumi Standing Pencil Case Pencil Holder Multi-Layer Pencil Pouch Bag Gift for School Office Teen Girl Boy Women Kid Adult Student -Purple Gray,"Specifications: Material: Cloth Color: ?Purple Gray Size: 8.5x x 2.6inch (Approx.) Notes: Due to the light and screen setting difference, the item's color may be slightly different from the pictures. Please allow slight dimension difference due to different manual measurement. Package Includes: 1 x Pen Bag (Stationery Not Included) This double layer pencil case with large capacity can store pen, pencil, ruler, eraser. It can be used as a pencil pouch and also as a cosmetic pouch for girls. With a zipper, it is convenient to put pen in and takes out.",https://m.media-amazon.com/images/I/81TLV0CaPBS._AC_SL1500_.jpg,16.7,4.9,16,Arts Crafts and Sewing,Baszumi,"Arts, Crafts & Sewing Organization, Storage & Transport Pen, Pencil & Marker Cases"
B074S3YD16,50 Pieces Fabrication Fermoir Jewelry Making Supply Charms Findings Bronze Tone U2UP6 Axe Hatchet,50 Pieces Fabrication Fermoir Jewelry Making Supply Charms Findings Bronze Tone U2UP6 Axe Hatchet,https://m.media-amazon.com/images/I/61uxMULGVoL._AC_SL1000_.jpg,6.47,5.0,3,Arts Crafts and Sewing,Anti-Brass Charms,"Arts, Crafts & Sewing Beading & Jewelry Making Charms"
B00BNF2RVG,Nitram 700305 Block of fusaggine,Charcoal fusaggine of willow wood.,https://m.media-amazon.com/images/I/51FXFvRwXpL._AC_SL1200_.jpg,13.99,3.9,8,Arts Crafts and Sewing,NITRAM,"Arts, Crafts & Sewing Painting, Drawing & Art Supplies Drawing Drawing Media Charcoals"
B09XLY462S,Pure Compression 200 PCS Christmas Winter Snowman Stickers - Vinyl Santa Claus Tree Snowflake Decals for Scrapbooking Water Bottles Flask Envelopes Cards - Craft Sticker Gift Bulk (PX-CS2-200),"Package includes: 200 * Christmas stickers. These interesting and beautiful stickers are made of vinyl material, which is completely waterproof and durable.",https://m.media-amazon.com/images/I/71LFHLDjDzL._AC_SL1000_.jpg,3.49,4.2,140,Arts Crafts and Sewing,Pure Compression,"Arts, Crafts & Sewing Scrapbooking & Stamping Stickers & Sticker Machines"
B001762838,"UCHIDA 522-C-4 Marvy Fine Point Fabric Marker, Green",UCHIDA-Pigmented Permanent Fine Point Fabric Marker. Perfect for fine detail on most smooth fabrics for wearable art fabric embellishments and home decor and the markers points bend and snap right back. There is no need to heat set this odorless ink it is fade resistant dries instantly is machine washable and the ink is also Chlorine resistant. These markers are great for outlines on craft paint projects. Available in a variety of colors: each sold separately. Ink conforms to ASTM D4236. Imported.,https://m.media-amazon.com/images/I/71vGcfdDnRL._AC_SL1500_.jpg,5.5,2.6,3,Arts Crafts and Sewing,UCHIDA,"Arts, Crafts & Sewing Painting, Drawing & Art Supplies Drawing Drawing Media Markers"
B015GGSZMM,Vegan Beeswax Pastilles-Plant-Based-White-100% Natural-16 oz,"100% VEGAN PLANT-BASED Beeswax is a wonderful substitute - a FABULOUS ALTERNATIVE for those who want a NON-ANIMAL wax option. Uses as 1:1 replacement for Beeswax. Used to make food, candles, cosmetics and medicine. Easy to use. High binding strength, High saponification range, Excellent emulsification properties, improves structure, oil retention, pay-off & release. Our VEGAN beeswax has no scent and is clean, and perfectly filtered product without the debris and muddy color found in typical waxes. VEGAN Beeswax has considerable water-holding capacity. Adding it to body care products, salves, lotions and cosmetics will improve their appearance and consistency. You can also use them to make your own VEGAN aromatic candles. VEGAN Beeswax candles emit virtually no smoke, and they burn hotter and brighter than most other candles. VEGAN Beeswax is suitable for food and cosmetic uses. 45.0 - 55.0 C melting point. We are an International Supplier of unique, difficult to source ingredients.",https://m.media-amazon.com/images/I/91Z8-Rm2CDL._AC_SL1500_.jpg,18.95,4.6,87,Arts Crafts and Sewing,Luxuriant-Sparkle Beauty Products,"Arts, Crafts & Sewing Crafting Candle Making Wax"
B09WZXQS5J,Moaneji Kawaii Pencil Pouch Aesthetic Checker Canvas Pencil Case Organizer Large Capacity Fashion Stationary Bag Big Pen Holder for Art Suppliers Small Makeup Bag(Black),"[AESTHETIC PLAID DESIGN]: This Aesthetic Pencil Bag Adopt Trendy Checker Pattern with Cute Flower Logo,Each Comes with A Elastic Wristband, 5 Colors Available for Your Choice, Black And White Checkerboard,Blue Checkerboard,Brown Checkerboard,Green Checkerboard,And So On.[CUTE LARGE CAPACITY PEN BAG]: This Cute School Large Storage Pencil Pouch Features Big Capacity,Size: 8.7”(Length)x 2.8”(Width)x 4”(Height),7 Pen Slots, A Card Holder Pocket, Usually Can Put up to 60 Slim Pens, 20cm Ruler Can Be Put in. Simple Design,A Small Side Pouch Can Take Small Items.[CANVAS PEN BAG]: This Cute Big Stationery Bag Made of Premium Canvas Fabric, Polyester Lining, Smooth Zipper, Light Weight, Portable, Not Only Practical,But Also Aesthetic for Kid or Adults.[MULTI-FUNCTIONAL STORAGE BAG]: This Cute Aesthetic Stationery Bag Can Be Used As A Small Makeup Bag or A Small Cosmetic Bag,A Craft Bag, A Small Travel Bag, Really A Simple Funny And Cute Pen Bag![GREAT GIFT]: This Cute Pen Holder Features Checkerboard,Cute Logo Design, Can Be Makeup Pouch,Cosmetics Organizer,Really A Great Gift for Classmates, Friends, And Children.",https://m.media-amazon.com/images/I/51ZwV2XU34L._AC_SL1500_.jpg,13.99,4.7,47,Arts Crafts and Sewing,Moaneji,"Arts, Crafts & Sewing Organization, Storage & Transport Pen, Pencil & Marker Cases"
B07LFNTLCM,"Feather Quill Pen Set Dip Pen with Ink, Novelty Stand, Wax Candle, 6pcs Steel Nibs Harry Potter Themed Calligraphy Pen Kit","We designed the Feather Quill Pen Set to be the perfect gift for family members, friends, avid fans, and really anyone who enjoys Calligraphy and Harry Potter themed merchandise. Prepare to be transported to memories of wizarding and witchcraft as you enjoy, write, and create your own impressive personalized greeting cards, invitations, or any formal writings. What you will received in the box? 1 x feather calligraphy dip pen 1 x feather calligraphy dip pen 1 x ink bottle with high quality black ink 1 x ink bottle with high quality black ink 5ps x stainless steel pen nib in different sizes 5ps x stainless steel pen nib in different sizes 1 x gold color wax seal 1 x gold color wax seal 1 x gold engraved pen holder 1 x gold engraved pen holder 1 x premium gift box 1 x premium gift box This is a great calligraphy set for beginners: The calligraphy set is easy to use and contains basic essential nibs to perform calligraphic writing. Overall, the Feather Quill Pen Set is a great calligraphy set for beginners to learn the art of calligraphy. Lifetime Warranty: If the Feather Quill Pen Set doesn't work how you expected, let us know! If there are any manufacturing defects, we'll make sure to make it right for you! Plus FREE Ink Refill: We want to make sure you're happy and enjoy our novelty Feather Pen Ink Set. When you run out of ink go to our website and we will refill your ink for free.",https://m.media-amazon.com/images/I/91L3OG6b97L._AC_SL1500_.jpg,29.99,4.8,179,Arts Crafts and Sewing,The Magical World of Witchcraft & Wizardry,"Arts, Crafts & Sewing Painting, Drawing & Art Supplies Drawing Drawing Media Pens"
B0058EDF8C,"Eurotool Pliers, Silver","These economical pliers are excellent for shaping and bending rings sizes 6-1/2 and larger. Their nylon tips prevent scratches and are replaceable. Sturdy box-joint construction. 5.25 Inches Long (135mm)NOTE: These pliers are intended for beading and other fine hobby work. Not recommended for heavy duty applications such as automotive, home improvement, or maritime use.",https://m.media-amazon.com/images/I/31iMxgFHtqL._AC_.jpg,21.99,4.1,154,Arts Crafts and Sewing,EURO TOOL,"Arts, Crafts & Sewing Beading & Jewelry Making Jewelry Making Tools & Accessories Jewelry Pliers"
B0734J57DH,"beadsland 288 Piece Flat Back Crystal Rhinestones Round Gems, Light Pink (SS30(6.3-6.5mm))","Product Discription: Flatback Rhinestones Material: Glass Color: Light Pink Package including: SS30 (288 pieces) Product Usage: It is fit for decorate your nails,phone, tablet, card crafting, wallet, clothes, shoes, table scatter decorations or wedding stationary.Very important: it's not hotfix rhinestones,you will need use glue to fix it!!! Customer Service: If you have any problem for our product, you can click the “seller contact” button in your Amazon account to email us.",https://m.media-amazon.com/images/I/81Rei-EHGzL._AC_SL1500_.jpg,11.99,4.7,5427,Arts Crafts and Sewing,BEADSLAND,"Arts, Crafts & Sewing Sewing Trim & Embellishments Rhinestones & Sequins"
B08R5KN5RG,KKVINYL Holographic Rainbow Chrome Glossy Permanent Adhesive Red Craft Vinyl Roll by 1ft x 5ft,"Product Specification： - Size: 1ft x 4.1ft - Thickness of film: 0.1 mm - Thickness of release liner: 0.15mm - Self-Adhesive How to do it： - Clean Surface - prepare your target surface clean and dry, the smoother the surface the easier to transfer the vinyl. - Design with cutter - put on a cutting mat that has a sticky back and kiss-cut the design by cutting machines. - Weeding the excess vinyl - leave the letters/graphics on the sheet with weeding tools. - Apply the transfer paper - gently put a transfer paper on the surface of the cut vinyl. Use a scraper over the design and make sure the transfer tape is adhering to the vinyl nice and tight. - Adhere it to the new clean and dry flat surface - slowly work with delicate patterns. - Remove Transfer paper - rub the clear tape from the center out to adhere the vinyl securely. Notice: - A TEST CUT IS ALWAYS RECOMMENDED. - This is NOT heat transfer vinyl/NOT printable vinyl/NOT work with inkjet or laser printers. - Please note that colors appear slightly different on computer monitors.",https://m.media-amazon.com/images/I/41HUXzwpp7S._AC_SL1000_.jpg,10.88,4.4,243,Arts Crafts and Sewing,KKVINYL,"Arts, Crafts & Sewing Scrapbooking & Stamping Adhesive Vinyl"
B004HTQ1GW,"Touch of Nature Turkey Flat Feathers 14GM 4-6"" Yellow Gold 1pkg","Turkey Flat Feathers 14 grams 4-6"" (10.2 - 15.2 cm) Yellow, 1 package",https://m.media-amazon.com/images/I/612g+3MpEoL._AC_SL1500_.jpg,2.51,3.0,1,Arts Crafts and Sewing,Touch of Nature,"Arts, Crafts & Sewing Beading & Jewelry Making Beads & Bead Assortments"
B074C2TTV8,AISEN Carburetor AIR Filter Tune UP KIT for C1U-K43 Echo PB-2155 ES-2100 12520020660 12520020661 12520020662 12520020663 12520020664 12520020665,"Fits for Echo PB-2155 Leaf Debris Blower ES-2100 Shredder Replaces for Echo 12520020660,12520020661,12520020662,12520020663,12520020664,12520020665 Replaces for C1U-K43,C1U-K43A,C1U-K43B",https://m.media-amazon.com/images/I/61HMaH0x1CL._AC_SL1010_.jpg,18.26,3.8,8,Patio Lawn and Garden,AISEN,"Patio, Lawn & Garden Outdoor Power Tools Replacement Parts & Accessories Lawn Mower Parts & Accessories Lawn Mower Accessories Tune-Up Kits"
B0BCZK8S44,"Orbit 57946 B-hyve Smart 6-Zone Indoor/Outdoor Sprinkler Controller, Compatible with Alexa, 6 Station,Grey","From the manufacturer Orbit is North America’s premier company for residential watering. With a presence in over 180 countries and 6 continents, we offer the most complete ecosystem of solutions across hose faucet, hose, hose-end, underground, drip, mist, and yard protection. For over half a century, we have led the industry in innovative solutions, accumulating over 100 active patents and many industry recognition awards. From PVC-Lock, Blu-Lock and Drip-Lock, which are an extraordinarily fast way to connect sprinkler pipe and drip tubing, to our technologically-advanced, best-selling B-hyve smart controllers, we have modernized the industry, set the standard for residential irrigation best practices, and made outdoor watering efficient for households around the world. Hydro-Rain is the cutting-edge commercial and agricultural counterpart of Orbit, featuring BUILT FOR SPEED offerings that are engineered specifically for professional contractors and growers. Together, Orbit and Hydro-Rain form a business unit within Husqvarna Group’s Gardena Division, collectively comprising the world’s largest residential watering manufacturer. Because securing access to safe fresh water for communities is a global priority, we are proud to affirm our commitment to delivering a comprehensive ecosystem of smart solutions, covering applications FROM FAUCET TO FARM, as we continuously pursue the vision of CHANGING THE WAY THE WORLD WATERS.",https://m.media-amazon.com/images/I/71xS-kQgS2L._AC_SL1500_.jpg,99.17,4.5,12815,Patio Lawn and Garden,Orbit,"Patio, Lawn & Garden Gardening & Lawn Care Watering Equipment Automatic Irrigation Equipment Irrigation System Controllers"
B08K362CRS,"KafePross Merry Monogram M Decorative Garden Flag Welcome Winter Holly Letter Initial Decor Banner for Outside 12.5""X18"" Double Sided","KafePross have a lot of flag design, there are small outdoor garden £¨12.5""x18"") flag and large indoor house flag (28""x40""). Our flag and banner design included spring, summer, autumn and winter seasonal flags and , Halloween, Thanksgiving day, Valentine's day, Easter, Mother's day, Father's day, Birthday ect. holiday flag. Our flag is printed on both sides, it looks pretty at any angle. They are suitable to display any occusion and season. We will update new design From time to time, Looking forward to KafePross please! By the way, we are also support custom your personalized flag, if you have good image.",https://m.media-amazon.com/images/I/511n-v2w30L._AC_SL1000_.jpg,9.99,4.1,9,Patio Lawn and Garden,KafePross,"Patio, Lawn & Garden Outdoor Décor Flags"
B06XVX7YQT,"Kwik Covers 8' Rectangle Plastic Table Covers 30"" x 96"", Bundle of 5 (Orange)","8' x 30"" Kwik-Cover is a lightweight, elastic fitted vinyl table cover with specially-designed elastic edging that holds the cover in place, even in the wind. Kwik-Covers include a 4” self-adhesive tape strip along the length of each side for added support. Kwik-Covers are durable enough to be re-used, yet affordable enough to be disposed of after a single use making clean-up “a snap!”",https://m.media-amazon.com/images/I/415pijUJ39L._AC_SL1001_.jpg,35.95,4.5,346,Patio Lawn and Garden,Kwik Covers,"Patio, Lawn & Garden Patio Furniture & Accessories Patio Furniture Covers Table Covers"
B0B4JDRJNH,All Black American Flag 3x5 Ft US Made Double side Outdoor Use United States Flags with Embroidered Stars,"✩【SHOW YOUR ATTITUDE】 Proudly display your feelings with this 3*5 ft heavy duty All black flag. ✩【DURABLE AND STRONGEST】Made of 100% polyester. Each star is embroidered without any loosing stitch, the stripes are sewn together with double-needle lockstitch to ensure refinement. ✩【 FADE RESISTANT】Two brass grommets , vivid colors, 4 Rows stitching on fly end to resist wind. ✩【IDEAL FOR A WIDE VARIETY OF OCCASIONS 】Festival, choirs, and you can also put the flag in the backyard, car, wall, garden, and more for displaying ✩【PERFECT GIFT】Makes an excellent gift for family and friends.",https://m.media-amazon.com/images/I/81TNZFohx3L._AC_SL1200_.jpg,18.55,4.8,136,Patio Lawn and Garden,Arevtovis,"Patio, Lawn & Garden Outdoor Décor Flags"
B00YYNEPFK,"Tsurumi 2OM (OM-3) 1/5hp, 115V, Submersible Pond & Waterfall Pump, Stainless Steel, 2640 GPH, 1.5"" Discharge","Tsurumi submersible water feature pumps are submersible pumps designed to circulate water in garden ponds, create waterfalls and water features. Durable resin molded parts aid in longer overall pump life. Semi-vortex, fiberglass reinforced plastic, impeller passes solids and stringy material without clogging and increases wear resistance when abrasive particles are present.",https://m.media-amazon.com/images/I/41LXCP+reyL.jpg,365.0,4.1,8,Patio Lawn and Garden,Tsurumi,"Patio, Lawn & Garden Outdoor Décor Water Gardens & Ponds Pumps & Circulation Pumps"
B07QT8F9D3,"Caroline's Treasures BB2136GF American Flag and Schnauzer Flag Garden Size, Mailbox Flag or Decorative Yard Flag Banner Outside Patio Artwork for your Yard or Flower Beds,",Features. The garden size flag is made from a 100 polyester material.. two piece of material have been sewn together to form a double sided flag. This allows the text & image to be seen the same from both sides.. this flag is fade resistant & weather proof. Dimension - 11 x 0.01 x 15 in.. item weight - 0.19 lbs. Made in the USA.,https://m.media-amazon.com/images/I/71TDmYwur0L._AC_SL1486_.jpg,16.9,4.8,90,Patio Lawn and Garden,Caroline's Treasures,"Patio, Lawn & Garden Outdoor Décor Flags"
B00TD46VNY,Husqvarna 583747001 Lawn Tractor Steering Wheel Genuine Original Equipment Manufacturer (OEM) Part,Genuine Original Equipment Manufacturer (OEM) parts! This steering wheel (part number 583747001) is for lawn tractors. Wear work gloves to protect your hands when installing this part.,https://m.media-amazon.com/images/I/51wRS83ybuL._AC_SL1000_.jpg,70.95,4.8,15,Patio Lawn and Garden,Husqvarna,"Patio, Lawn & Garden Gardening & Lawn Care Hand Tools Tool Sets"
B0BTG87PSZ,Burpee Fresh Salsa Tomato Seeds 30 seeds,"Burpee exclusive. Salsa lovers, your tomato is here. You can chop this tomato into tiny cubes that remain perfectly firm & solid yet also sweet. Large, plum-shaped & dripless, 'Fresh Salsa' is ""all meat""-ideal for tasty salsas, bruschettas & ""light"" Italian sauces. Determinate, bushy plants are loaded with 4-5 oz. Fruits, 2-3. 5"" Long by 2"" In diameter.",https://m.media-amazon.com/images/I/61KylO6t4uL._AC_SL1000_.jpg,9.43,4.2,1303,Patio Lawn and Garden,Burpee,"Patio, Lawn & Garden Gardening & Lawn Care Plants, Seeds & Bulbs Vegetables"
B08T7QG5C4,"Champion Spark Plug for Briggs & Stratton 635512, 696073, 696202, 696798 Engines","Champion Spark Plug for Briggs & Stratton 635512, 696073, 696202, 696798 Engines Please review all product information to ensure that this product is compatible with your unit. This is a Quality Champion Brand Product A Message to the Customer The ROP Shop staff constantly strives to provide clear and concise product information. We understand that sometimes it can be difficult to confirm the exact product needed. It is your responsibility to confirm this is the correct product you require; therefore, we encourage all customers to fully review the information provided in this listing prior to purchase. Be sure to review photos, specifications, and bullet points closely to verify this is the correct product for you. Nothing is worse than having to return a product, trust us…we get it. Let’s work together to avoid this! If you are unsure as to whether or not this is the correct product you are looking for, please ask. If you seek assistance we will need as much information as possible to help you find the product you are looking for. Our knowledgeable product specialists are always willing to help ensure that you’re getting the correct product. Stay rugged, my friend. - The ROP Shop Staff",https://m.media-amazon.com/images/I/21B0OX9PnXL._AC_.jpg,9.48,4.8,23,Patio Lawn and Garden,Champion,"Patio, Lawn & Garden Outdoor Power Tools Replacement Parts & Accessories Lawn Mower Parts & Accessories Lawn Mower Replacement Parts"
B09XM746KD,"Shirbly Solar Panel Wire - 50FT Black & 50FT Red Tinned Copper Wire, 10AWG (6mm²) PV Wire Solar Extension Cable for Outdoor Automotive RV Boat Marine Solar Panel- Black & Red (10AWG 50FT)","☞ FEATURE: Stand operating temperature up to -40°F to 248°F (-40°C to 120°C) and provide resistance to moisture or chemical. Rated voltage is 600 V. ☞ PREMIUM PVC MATERIAL: The sheath/insulation material is PVC to protect the wires from wear and chemical corrosion. Weatherproof, moisture-proof, UV-proof. ☞ SOLAR PANEL WIRE: 78 strands 0.295 mm tinned copper wire are inside each cable. Tinned copper is durable and flexible. Compared with aluminum materials, it has lower resistance and higher conductivity. ☞ WIDE COMPATIBILITY: wire widely used in various low voltage electronic device wiring,can be used for solar panels, DC circuits, Boat, Marine, Automotive, RV , LED and inverter wiring etc. EASY TO USE: The Tinned Copper Hookup Wire is flexible, easy to solder, easy to peel, and easy to cut.",https://m.media-amazon.com/images/I/71LjtpLS3CL._SL1500_.jpg,66.99,4.8,158,Patio Lawn and Garden,Shirbly,"Patio, Lawn & Garden Generators & Portable Power Solar & Wind Power Solar & Wind Power Parts & Accessories"
B08YP1J4W2,LHMUYU This is Our Happy Place Home Decoration Garden Yard Flags Sign for Indoor and Outdoor Polyester Flag Double Sided 12 x 18 Inch,"Packing List: 1x Garden FlagLHMUYU Garden Flag 12""x18"" Decorative Yard Flag for House DecorationWeatherproof and fade resistant garden flag. The flag stand is not included. Only the flag itself.Our 12""x18"" custom yard flag is perfect for countless occasions. Make your yard and home beautiful with this festive garden flag. Our flag and banner design included spring, summer, autumn and winter seasonal flags and Christmas, Halloween, Thanksgiving day, Valentine's day, Easter, Mother's day, Father's day, Birthday ect. holiday flag. Our flag is printed on both sides, it looks pretty at any angle. They are suitable to display any occasion and season. We will update new design From time to time.It's a great gift option. Give your friends and family a charming, welcoming statement for their garden, porch, or home!  If Any Problem On Quality Or Damage, Please Feel Free To Contact Us For Replace, Resend Or Refund.",https://m.media-amazon.com/images/I/719QFW8Ue6L._AC_SL1500_.jpg,12.99,4.7,44,Patio Lawn and Garden,LHMUYUFLAG,"Patio, Lawn & Garden Outdoor Décor Flags"
B000BQQ4OO,OEM-731-1033 MTD 21-Inch Shave Plate For Snow Throwers Replaces 731-1033,Replacement Part Replaces 731-1033,https://m.media-amazon.com/images/I/6146jWXtkSL._AC_SL1500_.jpg,59.86,4.6,16,Patio Lawn and Garden,Arnold,"Patio, Lawn & Garden Outdoor Power Tools Replacement Parts & Accessories"
B07H5N972J,OEM Genuine Husqvarna 532130969/130969 Deck Drive Belt Fits AYP Poulan + (Free Two e-Books),"Deck Drive Belt  Replacement Part # 532130969, 130969  Deck Drive Belt Width; 1/2"" Length: 92-1/2""",https://m.media-amazon.com/images/I/41BMz2PVslL.jpg,29.83,4.2,10,Patio Lawn and Garden,by Husqvarna,"Patio, Lawn & Garden Outdoor Power Tools Replacement Parts & Accessories Lawn Mower Parts & Accessories Lawn Mower Replacement Parts Belts"
B09P1JGY66,HunterBee Bee Keeper Beekeeping Veil Hat face Covering Costume Fly Hornet Insect Bug Mosquito mesh Cap,Nylon fabric 100%+Polyester. It fits comfortable over most headwear.,https://m.media-amazon.com/images/I/513rOfu6xIL._AC_UL1000_.jpg,15.99,4.4,59,Patio Lawn and Garden,HunterBee,"Patio, Lawn & Garden Farm & Ranch Beekeeping Supplies"
B096G86265,"Covermates Round Table Top Cover - Light Weight Material, Weather Resistant, Elastic Hem, Middle Buckle Strap, Patio Table Covers-Green","DURABLE FEATURES: Polyester lining for extra stability, elastic hem provides secure fit, middle buckle strap to keep your secure TOUGH MATERIAL: Made with thick 12–gauge commercial vinyl SATISFACTION WARRANTY: 2–year manufacturer warranty COVER SIZE: 42–48 DIAMETER Keep your investment protected from dirt, water, and more all year long with one lightweight cover.",https://m.media-amazon.com/images/I/71z7LzMQOPL._AC_SL1500_.jpg,24.99,4.7,332,Patio Lawn and Garden,Covermates,"Patio, Lawn & Garden Patio Furniture & Accessories Patio Furniture Covers Table Covers"
B086HB5W3H,Suffolk Fairy Gabriela Bronze Patina Garden Flower Nature Statue Figurine,"Let a Suffolk Fairy bring life to your home or garden. The detailed design in the wings, beautiful angelic face and that extra touch of incorporating nature into every piece makes Suffolk Fairies the classic ""Old English"" fairy everyone desires. Each is hand painted then given a gorgeous finish of layered bronze patina; making each as beautiful as solid bronze but for a fraction of the price. Collect them All!",https://m.media-amazon.com/images/I/A18Lb6NGehL._AC_SL1500_.jpg,89.98,3.8,8,Patio Lawn and Garden,Suffolk Fairy,"Patio, Lawn & Garden Outdoor Décor Garden Sculptures & Statues Outdoor Statues"
B09TSJDKF4,"Meyas Fairy Door and Windows for Trees,Glow in The Dark Yard Art Sculpture Decoration for Kids Room,Wall Trees Outdoor Miniature Fairy Garden Outdoor Decor Accessories with Fairy Lantern,Easter Gift","Product description： Packing: Miniature Fairy Gnome Home Window and Door X1 Material: Resin Weight: 0.88lb/400g Note: ★According to the light and different screen, the color may be slightly different as pictures.  ★Besides, please allow differ due to manual measurement. Your understanding and support are highly appreciated.",https://m.media-amazon.com/images/I/71S1GNEYsSL._AC_SL1000_.jpg,14.99,4.4,66,Patio Lawn and Garden,Meyas,"Patio, Lawn & Garden Outdoor Décor Garden Sculptures & Statues Outdoor Statues"
B09YTVRN98,BroilPro Accessories DGY784BDP&DGX780BDC-D Premium Vertical Smoker Cover,"Provide year-round protection for your smoker, with this BroilPro Accessories premium cover. Made with water resistant, heavy-duty PVC shell and 600 denier polyester lining to withstand harsh elements. Double-stitched seams provide additional strength and durability to help prolong the life of the cover. This cover also features durable nylon side handles for easily removing or handling the cover before and after use; hook and loop fastener adjustment straps for a customized fit and mesh side vents that provide much needed airflow for keeping the grill moisture free. Cover dimensions:49.7"" Height- 24"" Wide- 15.5"" Depth",https://m.media-amazon.com/images/I/61mx9n+EP+L._AC_SL1500_.jpg,21.9,4.4,50,Patio Lawn and Garden,BroilPro Accessories,"Patio, Lawn & Garden Grills & Outdoor Cooking Outdoor Cooking Tools & Accessories Grill Covers"
B071FZ6SL3,"Outsidepride Rhodociton Purple Bell Climbing Vine Garden Plants for Trellis, Arbors, & Fences - 50 Seeds","Purple Bell Vine (Rhodociton Atrosanguineus) - Grow Rhodociton Atrosanguineus seeds for an exotic vine that will have everyone's attention! Rhodociton Purple Bell Vine has heart-shaped leaves and dark purple bell-shaped flowers that dangle from thread-like stems. Bell Vine uses include baskets where it will cascade over the edges and look stunning or give it a trellis where it will grow with support up to 120 inches in height. Rhodociton Purple Bells needs rich, well-drained soil and full sun to partial shade although it prefers afternoon shade in hotter climates. Purple Bells bloom from late spring to late fall. Sow Purple Bell Vine seeds indoors in late winter. Gently press the flower seeds into the soil and barely cover the seed with soil. Keep consistently moist until germination occurs. Harden the seedlings off for 10 days or more before planting outdoors. Purple Bell Vine is free-flowering and needs little care.",https://m.media-amazon.com/images/I/81K1W-+TgWL._AC_SL1500_.jpg,9.99,3.4,21,Patio Lawn and Garden,Outsidepride,"Patio, Lawn & Garden Gardening & Lawn Care Plants, Seeds & Bulbs Vines"
B008Y3QEMI,Rareelectrical New Starter Solenoid Compatible With Kubota Tractors By Part Number 053400-7130,"RAREELECTRICAL BRAND COMPATIBLE WITH AC DELCO, BOMBARDIER, BOSCH, CASE, DELCO, DENSO, GENERAL MOTORS, HONDA, ISHIKAWAJIMA, ISUZU, JOHN DEERE, KAWASAKI, KOHLER, KUBOTA, MAN, NEW HOLLAND, NISSAN, SUZUKI, TOYOTA, VALEODELCO: 94361908 94455179 96060321HONDA: 31204-679-014ISUZU: 8-94361-9080 8-94455-1790NIPPONDENSO: 053400-7130 053400-7800 053400-8780NISSAN: 23343-KA040SUZUKI: 31220-51A10 31220-52A20TOYOTA: 28150-10020 28150-11710 28150-11771 28150-87208ITEM DESCRIPTION: SOLENOIDUNIT TYPE: DENSOVOLTAGE: 12TERMINAL COUNT: 4DUTY CYCLE: INTERMITTENTNOTES: M6-1.0 THREADED MOUNTING STUDS-42.3 MM APART ON CENTER, 24.9 MM PLUNGER DIAMETER, 50 MM CASE DIAMETER, 2.5 MM FLAT SPOOL ON PLUNGER FOR ENGAGING SHIFT LEVER, OPTIONAL 6.3 MM BLADE TERMINAL FOR R-TERMINALWEIGHT: 2 LBSAPPLICATIONSTHIS SOLENOID WORKS ON THESE ORIGINAL STARTER MOTOR PART NUMBERS:AC DELCO 323-541, 336-1524, 336-1555BOMBARDIER DAW26844BOSCH REMAN SR3254X, SR3255X, SR380X, SR395X, SR399X, SR4401X, SR4502XDENSO FIRST TIME FIT 280-0126, 280-0153, 280-0266, 280-0294GENERAL MOTORS 94141664, 94338799, 94439315, 94449782, 94480791, 96060305, 96062790ISHIKAWAJIMA 18508-6440ISUZU 2911230020, 8941416640, 8941416642, 8941416643, 8944393150, 8944393151, 8944497820, 8944807910JOHN DEERE AM102567, AM104559, AM107206, AM107631, AM108390, AM109408, AM124993, AM127877,AM131296, AM132303, AM133636, AW26844, MIA10971KAWASAKI 21163-2070, 21163-2073, 21163-2073A, 21163-2089, 21163-2101, 21163-2109, 21163-2114, 21163-2118,21163-2120, 21163-7002, 21163-7014KOHLER 12-098-03, 24-098-01, 24-098-01S, 52-098-08KUBOTA 12106-63010, 12106-63011, 12181-63011, 12498-63010, 1G023-63010, 1G023-63011, 67980-31151,E7195-63010, K3511-81410, K3511-81411ND REMAN 9712809-853, 9722809-540NEW HOLLAND K0H2409801, TR95D9966NIPPONDENSO 128000-1310, 128000-1311, 128000-2860,And Many more...",https://m.media-amazon.com/images/I/61uQagYYuXL._AC_SL1280_.jpg,28.88,4.2,65,Patio Lawn and Garden,Rareelectrical,"Patio, Lawn & Garden Farm & Ranch Agricultural & Construction Machinery Parts & Accessories Spare & Replacement Parts"
B079XSM6MN,"MowerPartsGroup (3) HD Blades Fits Hustler 60"" Raptor SD Replaces 793794 794685","You are purchasing three replacement mower blades for Hustler 793794 ---Specifications--- Length: 20-1/2"" Width: 2-1/2"" Center Hole: 5/8"" Thickness: .240"" ---Fits Models--- 60"" Side Discharge XR7 60"" Raptor SD 60"" Z and Super Z ---Replaces--- 793794 - 600901 - 793935 794214 - 794230 - 794685 Please double check model and part numbers to verify fitment prior to purchase. Thanks!",https://m.media-amazon.com/images/I/71EeHo7KNPL._AC_SL1500_.jpg,45.99,4.7,108,Patio Lawn and Garden,MowerPartsGroup,"Patio, Lawn & Garden Outdoor Power Tools Replacement Parts & Accessories Lawn Mower Parts & Accessories Lawn Mower Replacement Parts Blades"
B09ZQGKKHM,"Happy Hanukkah Yard Signs, Chanukah Yard Signs Outdoor Lawn Decorations Waterproof Hanukkah Party Supplies - Set of 7","HANUKKAH THEMED YARD SIGNS - You will get 8 pcs unique Hanukkah yard decorations: 1 pc Gold Star of David, 1 pc Blue Star of David, 2 pcs Cute Gnomes, 1 pc Menorah, 1 pc Dreidel, 1 pc Gift Boxs, 1 pc Happy Hanukkah and 16 metal stakes for displaying. LARGE SIZE - Each Chanukah yard signs with perfect size that can be perfectly displayed on the lawn, Star of David is 12.2 X 13.8"", Gnome is 10.24 X 16.54"", Menorah is 12.2 X 14.96"", Dreidel is 13.78 X12.2"", Gift Box is 13.78 X 12.2"". Vibrant Happy Hanukkah yard ornaments are easy outdoor Hanukkah party supplies. EASY TO SET UP - All of our Hanukkah yard sign is professionally printed and cut, making assembly quick and easy. Just simply insert two heavy-duty metal stakes into each Hanukkah yard ornament and press into the ground to display. WARTERPROOF SURFACE - These Happy Hanukkah Yard signs are made of weatherproof corrugated plastic, which is extremely sturdy and capable of enduring rain, snow, morning dew, and heavy winds. so they will not be damaged easily. A MUST HAVE DECOR FOR CHANUKAH - These unique and creative hanukkah yard signs will be perfect way to decorate your home or business for hanukkah party, line them on your driveway and walkways or courtyards will be more fun and attractive.",https://m.media-amazon.com/images/I/81GQ3uj1w9L._AC_SL1500_.jpg,14.99,4.7,198,Patio Lawn and Garden,Comken,"Patio, Lawn & Garden Outdoor Décor Yard Signs"
B0B455L1TV,Summer Christmas Garden Flag 12.5x18'' Hawaiian Christmas Sign Summer Hawaiian Beach Pool Christmas Party Decoration and Supplies for Home,"Material:Spun Polyester,durable and reusable waterproof without fading Package Listing: 1pc flag,Not Included FLAG STAND Size:12.5×18inches(31×45cm) Double Sided: Design is double sided with the image printed and visible from both sides and text also reads correctly from both sides Wide Application:Perfect Summer Christmas decoration any deck,patio,porch, veranda backyard,lawn or garden,and it's also a great welcome sign",https://m.media-amazon.com/images/I/71cnJNp5ThL._AC_SL1500_.jpg,8.99,3.9,13,Patio Lawn and Garden,Jiudungs,"Patio, Lawn & Garden Outdoor Décor Flags"
B0B3NBW65L,"eemol Garden pots Potato Grow Bags,10 gllon Plant Grow Bags,with Handles and Harvest Window for Sweet Potato/Tomato Plant, Black Double Layer Premium Breathable Nonwoven Cloth Plant Bags","Premium Material: Made of breathable double layer non-woven fabric, material is heavy duty felt, the bag ensures good ventilation to prevent excessive moisture, also provide more oxygen for your plants. The strong and biodegradable material can prolong the service life of the bags, at the same time cause no pollution. Convenient Design: These grow bag comes with large harvest window, through which you can check your plant and easily harvest veggies. Large Capacity: These vegetable grow bags with large capacity of 10 gallons allow to grow veggies as much as you want. Thanks to the large size, it will create a stable growing environment for veggies and flowers. Easy to Move: The strong handles make them easy to move around as your needs. These potato grow bags are perfect to use at patios, gardens, balconies, sunrooms and any indoor/outdoor space. They can be used to grow potato, onions, taro, radish, carrots and other vegetables. Easy to Store and Reuse: The bags can be easily fold up and won’t take up much space when storing. Easily move and flap the lid to harvest potatoes without much effort. Please put about 4 to 6 seeds in each bag. At the end of the growing season, you may empty the bags, simply clean them and store dry. Breathable：These potato grow bags provide excellent aeration and good air permeability, can offer enough space for roots to breath and effectively avoid root swirling, promote a healthy root ball.",https://m.media-amazon.com/images/I/81VCFS2CEvL._AC_SL1500_.jpg,11.5,4.6,26,Patio Lawn and Garden,eemol,"Patio, Lawn & Garden Gardening & Lawn Care Pots, Planters & Container Accessories Grow Bags"
